target,model,feature,folds_seen,mean_normalized_importance,max_normalized_importance,mean_signed_importance,stability_score
fwd_1h,elastic_net,net_buy_chog_z72,3,0.12062997591331838,0.2804146434197833,0.004734919956278484,0.36188992773995515
fwd_1h,elastic_net,large_p01_volume,4,0.07784347604762358,0.19333307608048456,-0.004353990453609956,0.3113739041904943
fwd_1h,elastic_net,large_p05_sell_flow,3,0.09143783137408468,0.19759722613953923,0.00759382848193943,0.27431349412225403
fwd_1h,elastic_net,large_p01_net_flow,5,0.048120789288997136,0.1046617603288448,-0.0019807543689400104,0.24060394644498567
fwd_1h,elastic_net,large_p05_sell_count,2,0.1043835755559297,0.14164440572244996,0.006891246832038067,0.2087671511118594
fwd_1h,elastic_net,large_p10_buy_flow,2,0.09787241229091471,0.19574482458182943,-0.008957483480564797,0.19574482458182943
fwd_1h,elastic_net,return_1h,2,0.09526209823075955,0.12463224895467741,-0.005792406778755213,0.1905241964615191
fwd_1h,elastic_net,non_main_net_flow,4,0.04673872006200696,0.1587112413584285,0.0041689631393269444,0.18695488024802784
fwd_1h,elastic_net,gas_used_mean,5,0.03715406104457719,0.07473886749836386,0.002338529700489292,0.18577030522288596
fwd_1h,elastic_net,large_p10_count_share,4,0.04290852601995916,0.09504237534407294,-0.002139096894624493,0.17163410407983665
fwd_1h,elastic_net,large_p01_count_imbalance,4,0.04119294925446045,0.1493940890395435,-0.0013619971968726577,0.1647717970178418
fwd_1h,elastic_net,large_p01_count_share,4,0.0408593912738231,0.09648521651297048,0.00028047389351038053,0.1634375650952924
fwd_1h,elastic_net,large_p10_volume_share,3,0.05438262442706016,0.07728954669256023,-0.00427659675458624,0.1631478732811805
fwd_1h,elastic_net,small_sell_count,3,0.05166674146147138,0.08399571986975121,0.002363817731294016,0.15500022438441413
fwd_1h,elastic_net,small_trade_mean,2,0.06701867688033201,0.08972032948394461,0.0034151821172277537,0.13403735376066403
fwd_1h,elastic_net,large_p01_sell_flow,5,0.026764252647885546,0.10081589044096159,-0.0017392065597505077,0.13382126323942772
fwd_1h,elastic_net,large_p05_net_flow,5,0.02485986771131676,0.06758530561187549,0.0008909713402810604,0.1242993385565838
fwd_1h,elastic_net,large_p01_volume_share,4,0.029955879087432684,0.05577466613228734,-0.0013591211969626212,0.11982351634973074
fwd_1h,elastic_net,large_p05_net_flow_x_high_gas,4,0.029414347850394092,0.10687401588354398,0.0016133375724715448,0.11765739140157637
fwd_1h,elastic_net,large_p10_sell_flow,1,0.11366169967922027,0.11366169967922027,0.008653414097123956,0.11366169967922027
fwd_1h,elastic_net,large_p05_flow_pressure,4,0.027678263074872117,0.06808419084641655,0.0018534866875997906,0.11071305229948847
fwd_1h,elastic_net,main_vs_other_divergence,5,0.020467698237174488,0.056758756059623924,-0.0008902092520692483,0.10233849118587243
fwd_1h,elastic_net,small_net_flow,1,0.0772682466930764,0.0772682466930764,-0.0040721220383591215,0.0772682466930764
fwd_1h,elastic_net,large_p05_flow_pressure_z24,5,0.014600824888691206,0.049903714810603135,0.0012024742089769582,0.07300412444345603
fwd_1h,elastic_net,non_main_flow_pressure,3,0.023729124443482047,0.038430550657836245,0.00155071885484058,0.07118737333044614
fwd_1h,elastic_net,large_p05_volume_share,3,0.02340780085829886,0.053338906699894675,-0.0008385170265625266,0.07022340257489658
fwd_1h,elastic_net,large_p05_count_share,1,0.06928178703525018,0.06928178703525018,-0.004241803958251336,0.06928178703525018
fwd_1h,elastic_net,large_p05_net_flow_x_high_volume,5,0.013788664573895626,0.0406836761237377,0.0010907322006563714,0.06894332286947813
fwd_1h,elastic_net,small_volume,2,0.031725937383090444,0.06345187476618089,0.0016719919803338866,0.06345187476618089
fwd_1h,elastic_net,non_main_volume,2,0.031439828887780824,0.06287965777556165,0.0016569137462730062,0.06287965777556165
fwd_1h,elastic_net,large_p05_net_flow_z24,5,0.01216995305859372,0.03526401910314251,0.0008213948956672783,0.060849765292968594
fwd_1h,elastic_net,large_p05_net_flow_z72,5,0.011127929776621354,0.028241252072374705,0.0007630011063774245,0.05563964888310677
fwd_1h,elastic_net,small_net_flow_pressure,1,0.053578671528988916,0.053578671528988916,-0.004903629673548738,0.053578671528988916
fwd_1h,elastic_net,large_p10_count_imbalance,2,0.025722001933760074,0.03802656794459148,-0.0017780911946444402,0.05144400386752015
fwd_1h,elastic_net,large_p10_count,2,0.023374550771218833,0.046749101542437665,0.0021392867254202935,0.046749101542437665
fwd_1h,elastic_net,large_p01_buy_flow,1,0.04090439937803905,0.04090439937803905,-0.00374365434686667,0.04090439937803905
fwd_1h,elastic_net,small_trade_std,1,0.036546580346633,0.036546580346633,0.0027824033466485715,0.036546580346633
fwd_1h,elastic_net,log_chog_volume_z24,1,0.03172750061763073,0.03172750061763073,-0.0019425283824854756,0.03172750061763073
fwd_1h,elastic_net,large_p01_count,4,0.007821006252883417,0.03128402501153367,-0.00024184529110850622,0.03128402501153367
fwd_1h,elastic_net,net_buy_pressure_x_prev_up,1,0.03102760614836465,0.03102760614836465,-0.0018996770754229058,0.03102760614836465
fwd_1h,elastic_net,net_buy_chog_z24,3,0.007720783364104415,0.023162350092313246,0.00040689382037166423,0.023162350092313246
fwd_1h,elastic_net,large_p05_count_imbalance,1,0.02261562124370759,0.02261562124370759,-0.0017217966671080299,0.02261562124370759
fwd_1h,elastic_net,same_block_pool_event_count_max,1,0.015077864593439719,0.015077864593439719,0.00046624570214998703,0.015077864593439719
fwd_1h,elastic_net,large_p10_volume,2,0.002610868576529704,0.005221737153059408,0.00015985142901644463,0.005221737153059408
fwd_1h,elastic_net,dexes,1,0.004430600858360882,0.004430600858360882,0.0002334975642733308,0.004430600858360882
fwd_1h,elastic_net,large_p01_flow_pressure,5,0.0006428866997218709,0.0032144334986093544,-3.9360984528298726e-05,0.0032144334986093544
fwd_1h,elastic_net,events,1,0.0,0.0,0.0,0.0
fwd_1h,elastic_net,large_p10_buy_count,2,0.0,0.0,0.0,0.0
fwd_1h,elastic_net,large_p10_net_flow,1,0.0,0.0,0.0,0.0
fwd_1h,elastic_net,log_chog_volume_z72,1,0.0,0.0,0.0,0.0
fwd_1h,elastic_net,net_buy_chog,2,0.0,0.0,0.0,0.0
fwd_1h,elastic_net,net_buy_usd_at_price,2,0.0,0.0,0.0,0.0
fwd_1h,elastic_net,pools,1,0.0,0.0,0.0,0.0
fwd_1h,elastic_net,same_block_pool_event_count_mean,1,0.0,0.0,0.0,0.0
fwd_1h,elastic_net,sell_events,1,0.0,0.0,0.0,0.0
fwd_1h,elastic_net,small_count_imbalance,1,0.0,0.0,0.0,0.0
fwd_1h,elastic_net,volume_regime_rank,1,0.0,0.0,0.0,0.0
fwd_1h,lightgbm,main_vs_other_divergence,5,0.09584721539940763,0.12468237590485237,0.20175840675947257,0.4792360769970382
fwd_1h,lightgbm,non_main_net_flow,4,0.08343261321082769,0.14391329708363687,0.11308108573575737,0.33373045284331077
fwd_1h,lightgbm,small_trade_mean,2,0.15596630694440433,0.1806197875500212,0.18213758927595336,0.31193261388880866
fwd_1h,lightgbm,gas_used_mean,5,0.05965201098877487,0.08198157262110427,0.15735192071879284,0.29826005494387436
fwd_1h,lightgbm,large_p05_flow_pressure_z24,5,0.05881772041819229,0.09281285037461735,0.1336000772076659,0.29408860209096144
fwd_1h,lightgbm,large_p10_count_share,4,0.06944677154811009,0.15679410486935003,0.10117038309545023,0.27778708619244036
fwd_1h,lightgbm,large_p05_net_flow_z72,5,0.04672898906832729,0.08974505316686143,0.13795924547011965,0.23364494534163643
fwd_1h,lightgbm,net_buy_chog_z24,3,0.06984472702893509,0.10236242496251438,0.18695982895830335,0.20953418108680527
fwd_1h,lightgbm,large_p10_volume_share,3,0.061193047464495325,0.0849527792838536,0.13675256997036436,0.18357914239348597
fwd_1h,lightgbm,large_p05_net_flow_z24,5,0.032975912279758914,0.05748016595434268,0.10032967756851577,0.16487956139879456
fwd_1h,lightgbm,large_p05_volume_share,3,0.05350757131613401,0.09096282644920478,0.19277922067946443,0.16052271394840203
fwd_1h,lightgbm,small_volume,2,0.07438066350149433,0.09445887202495803,0.15932845901988912,0.14876132700298866
fwd_1h,lightgbm,small_sell_count,3,0.0495103297906657,0.06459589247751835,0.11572151427390054,0.1485309893719971
fwd_1h,lightgbm,log_chog_volume_z24,1,0.13767140990413357,0.13767140990413357,0.5146357671474107,0.13767140990413357
fwd_1h,lightgbm,return_1h,2,0.06812394674238076,0.08600736587849848,0.19404321259935386,0.13624789348476152
fwd_1h,lightgbm,large_p05_net_flow_x_high_gas,4,0.030965493626072555,0.07585956919496877,0.08873434753331821,0.12386197450429022
fwd_1h,lightgbm,small_trade_std,1,0.1064602359828612,0.1064602359828612,0.36472236627014354,0.1064602359828612
fwd_1h,lightgbm,net_buy_chog_z72,3,0.03371939894415286,0.056750594299881926,0.0703661144070793,0.10115819683245858
fwd_1h,lightgbm,non_main_volume,2,0.045183732791677755,0.04784181549354855,0.08927914724336006,0.09036746558335551
fwd_1h,lightgbm,non_main_flow_pressure,3,0.028660297377767194,0.05249267599267554,0.060763803970379136,0.08598089213330158
fwd_1h,lightgbm,large_p10_count_imbalance,2,0.04206014455490034,0.060754164410902936,0.06525621846958529,0.08412028910980068
fwd_1h,lightgbm,small_net_flow,1,0.07970073978777407,0.07970073978777407,0.20013114385074005,0.07970073978777407
fwd_1h,lightgbm,large_p05_sell_flow,3,0.02642817310002052,0.05875874265045411,0.09665601236823325,0.07928451930006156
fwd_1h,lightgbm,large_p10_sell_flow,1,0.06733332442486059,0.06733332442486059,0.23067739035468549,0.06733332442486059
fwd_1h,lightgbm,large_p05_count_share,1,0.06508569631370224,0.06508569631370224,0.24329980550101027,0.06508569631370224
fwd_1h,lightgbm,small_count_imbalance,1,0.05012390956117535,0.05012390956117535,0.03561355607234873,0.05012390956117535
fwd_1h,lightgbm,volume_regime_rank,1,0.0478310476925164,0.0478310476925164,0.17879941768478602,0.0478310476925164
fwd_1h,lightgbm,large_p05_net_flow,5,0.009468622651366627,0.02848162904556185,0.028204295120667668,0.04734311325683313
fwd_1h,lightgbm,large_p01_volume_share,4,0.010968975267569375,0.03584462084299435,0.030007275112438947,0.0438759010702775
fwd_1h,lightgbm,large_p05_net_flow_x_high_volume,5,0.0086960734340294,0.03503986878197382,0.031730326439719646,0.043480367170147
fwd_1h,lightgbm,sell_events,1,0.043275146238461404,0.043275146238461404,0.1086652964586392,0.043275146238461404
fwd_1h,lightgbm,large_p10_buy_flow,2,0.021472647159394835,0.02693210191885138,0.0394975903473096,0.04294529431878967
fwd_1h,lightgbm,log_chog_volume_z72,1,0.04132653109212194,0.04132653109212194,0.15448458795435727,0.04132653109212194
fwd_1h,lightgbm,net_buy_usd_at_price,2,0.019732061864293302,0.026945644049541893,0.04165623644075822,0.039464123728586605
fwd_1h,lightgbm,net_buy_pressure_x_prev_up,1,0.03674676831096346,0.03674676831096346,0.13736476813210174,0.03674676831096346
fwd_1h,lightgbm,large_p10_buy_count,2,0.018034674596976615,0.0338539325044175,0.016167559573659673,0.03606934919395323
fwd_1h,lightgbm,small_net_flow_pressure,1,0.034125677752607365,0.034125677752607365,0.024246646935353056,0.034125677752607365
fwd_1h,lightgbm,net_buy_chog,2,0.012910803624241143,0.01833904416615752,0.026573902505333535,0.025821607248482287
fwd_1h,lightgbm,large_p05_flow_pressure,4,0.004299255931740827,0.007167594231319807,0.012203190257423557,0.017197023726963308
fwd_1h,lightgbm,large_p10_count,2,0.007734029006147202,0.015468058012294403,0.028910926048411056,0.015468058012294403
fwd_1h,lightgbm,events,1,0.013874512117914564,0.013874512117914564,0.03483935014810413,0.013874512117914564
fwd_1h,lightgbm,large_p10_net_flow,1,0.006911160338174369,0.006911160338174369,0.023676960030570626,0.006911160338174369
fwd_1h,lightgbm,dexes,1,0.006246599514898227,0.006246599514898227,0.015685414080508053,0.006246599514898227
fwd_1h,lightgbm,large_p10_volume,2,0.001963617402910532,0.00282778985408931,0.0056759285216685385,0.003927234805821064
fwd_1h,lightgbm,pools,1,0.0011428764955399566,0.0011428764955399566,0.00286979996599257,0.0011428764955399566
fwd_1h,lightgbm,large_p05_count_imbalance,1,0.0008664776858650656,0.0008664776858650656,0.0029684678884223104,0.0008664776858650656
fwd_1h,lightgbm,large_p01_count_share,4,4.420895142717979e-05,0.00017683580570871917,0.00016525949467904866,0.00017683580570871917
fwd_1h,lightgbm,large_p01_buy_flow,1,0.0,0.0,0.0,0.0
fwd_1h,lightgbm,large_p01_count,4,0.0,0.0,0.0,0.0
fwd_1h,lightgbm,large_p01_count_imbalance,4,0.0,0.0,0.0,0.0
fwd_1h,lightgbm,large_p01_flow_pressure,5,0.0,0.0,0.0,0.0
fwd_1h,lightgbm,large_p01_net_flow,5,0.0,0.0,0.0,0.0
fwd_1h,lightgbm,large_p01_sell_flow,5,0.0,0.0,0.0,0.0
fwd_1h,lightgbm,large_p01_volume,4,0.0,0.0,0.0,0.0
fwd_1h,lightgbm,large_p05_sell_count,2,0.0,0.0,0.0,0.0
fwd_1h,lightgbm,same_block_pool_event_count_max,1,0.0,0.0,0.0,0.0
fwd_1h,lightgbm,same_block_pool_event_count_mean,1,0.0,0.0,0.0,0.0
fwd_1h,random_forest,main_vs_other_divergence,5,0.10986860541741408,0.22671915920274685,0.10986860541741408,0.5493430270870704
fwd_1h,random_forest,non_main_net_flow,4,0.10460001801277186,0.20754634449342,0.10460001801277187,0.4184000720510874
fwd_1h,random_forest,large_p10_count_share,4,0.09944247403536573,0.23832585285620167,0.09944247403536573,0.3977698961414629
fwd_1h,random_forest,gas_used_mean,5,0.059205911326461094,0.10571105916444462,0.059205911326461094,0.29602955663230546
fwd_1h,random_forest,large_p05_flow_pressure_z24,5,0.053919663144443686,0.10586609557537893,0.053919663144443686,0.26959831572221843
fwd_1h,random_forest,small_volume,2,0.12233569144321502,0.1426977091244317,0.12233569144321502,0.24467138288643003
fwd_1h,random_forest,large_p10_volume_share,3,0.07879010514996256,0.09241563309770044,0.07879010514996256,0.23637031544988768
fwd_1h,random_forest,large_p05_net_flow_x_high_gas,4,0.05717700246117623,0.12842750135192682,0.05717700246117624,0.2287080098447049
fwd_1h,random_forest,large_p05_net_flow_z24,5,0.04266387304795328,0.09106743296565284,0.04266387304795328,0.21331936523976638
fwd_1h,random_forest,small_trade_mean,2,0.09816429463421132,0.13496839720566467,0.09816429463421132,0.19632858926842264
fwd_1h,random_forest,large_p05_net_flow_z72,5,0.0389733554923284,0.06610476684524912,0.0389733554923284,0.194866777461642
fwd_1h,random_forest,large_p05_net_flow_x_high_volume,5,0.026189273700683892,0.07401280753489277,0.026189273700683892,0.13094636850341945
fwd_1h,random_forest,small_net_flow,1,0.12857837732398686,0.12857837732398686,0.1285783773239869,0.12857837732398686
fwd_1h,random_forest,small_sell_count,3,0.042209606306198126,0.054029621990155756,0.04220960630619813,0.12662881891859437
fwd_1h,random_forest,net_buy_chog_z24,3,0.04076382798376791,0.043952754750438874,0.04076382798376792,0.12229148395130374
fwd_1h,random_forest,large_p05_volume_share,3,0.039328629282840324,0.060846086808668126,0.039328629282840324,0.11798588784852097
fwd_1h,random_forest,large_p05_net_flow,5,0.020519941240315663,0.052592097858322036,0.02051994124031567,0.10259970620157832
fwd_1h,random_forest,small_trade_std,1,0.09194696546332971,0.09194696546332971,0.09194696546332971,0.09194696546332971
fwd_1h,random_forest,log_chog_volume_z24,1,0.08320075520388864,0.08320075520388864,0.08320075520388864,0.08320075520388864
fwd_1h,random_forest,non_main_flow_pressure,3,0.027067328902581983,0.03421344150863686,0.027067328902581983,0.08120198670774595
fwd_1h,random_forest,small_count_imbalance,1,0.07794580173331234,0.07794580173331234,0.07794580173331234,0.07794580173331234
fwd_1h,random_forest,return_1h,2,0.03780509051240093,0.057047005890116485,0.03780509051240093,0.07561018102480185
fwd_1h,random_forest,large_p10_count_imbalance,2,0.035073985698420074,0.04774875826093293,0.035073985698420074,0.07014797139684015
fwd_1h,random_forest,net_buy_chog_z72,3,0.016627160024225773,0.02545641231055519,0.016627160024225773,0.049881480072677314
fwd_1h,random_forest,volume_regime_rank,1,0.0482446665232047,0.0482446665232047,0.0482446665232047,0.0482446665232047
fwd_1h,random_forest,non_main_volume,2,0.023162185974329914,0.023796367268967597,0.023162185974329917,0.04632437194865983
fwd_1h,random_forest,net_buy_usd_at_price,2,0.018189655431071882,0.018714563134335626,0.018189655431071882,0.036379310862143764
fwd_1h,random_forest,large_p05_flow_pressure,4,0.008874769476157486,0.01184921489755927,0.008874769476157486,0.035499077904629944
fwd_1h,random_forest,sell_events,1,0.031552538036959975,0.031552538036959975,0.03155253803695998,0.031552538036959975
fwd_1h,random_forest,large_p05_count_share,1,0.029277671556520717,0.029277671556520717,0.029277671556520717,0.029277671556520717
fwd_1h,random_forest,net_buy_chog,2,0.014082446069143913,0.022010663479153852,0.014082446069143913,0.028164892138287826
fwd_1h,random_forest,small_net_flow_pressure,1,0.028067134571616418,0.028067134571616418,0.028067134571616418,0.028067134571616418
fwd_1h,random_forest,large_p05_sell_flow,3,0.009072548456633247,0.017917144894419177,0.009072548456633247,0.02721764536989974
fwd_1h,random_forest,large_p10_buy_flow,2,0.013496352248296949,0.014783430415977048,0.013496352248296949,0.026992704496593897
fwd_1h,random_forest,large_p10_sell_flow,1,0.025163874627487693,0.025163874627487693,0.025163874627487693,0.025163874627487693
fwd_1h,random_forest,log_chog_volume_z72,1,0.023703225746528216,0.023703225746528216,0.023703225746528216,0.023703225746528216
fwd_1h,random_forest,net_buy_pressure_x_prev_up,1,0.02304091525810183,0.02304091525810183,0.02304091525810183,0.02304091525810183
fwd_1h,random_forest,large_p01_volume_share,4,0.005670221774361085,0.015131644965225377,0.005670221774361087,0.02268088709744434
fwd_1h,random_forest,events,1,0.010657358597735455,0.010657358597735455,0.010657358597735457,0.010657358597735455
fwd_1h,random_forest,large_p10_count,2,0.004915648135911504,0.009163617453662839,0.004915648135911504,0.009831296271823008
fwd_1h,random_forest,large_p10_net_flow,1,0.008796066890103505,0.008796066890103505,0.008796066890103505,0.008796066890103505
fwd_1h,random_forest,large_p10_volume,2,0.004285071038956095,0.006948753807088802,0.004285071038956095,0.00857014207791219
fwd_1h,random_forest,large_p10_buy_count,2,0.0037552196359045835,0.007510439271809167,0.0037552196359045835,0.007510439271809167
fwd_1h,random_forest,large_p05_sell_count,2,0.002029042161236107,0.004058084322472214,0.002029042161236107,0.004058084322472214
fwd_1h,random_forest,large_p01_volume,4,0.0008668230274239558,0.0019408353420382505,0.0008668230274239558,0.003467292109695823
fwd_1h,random_forest,same_block_pool_event_count_mean,1,0.0033710238157262733,0.0033710238157262733,0.0033710238157262733,0.0033710238157262733
fwd_1h,random_forest,pools,1,0.0019937309333202904,0.0019937309333202904,0.001993730933320291,0.0019937309333202904
fwd_1h,random_forest,dexes,1,0.001740210858657887,0.001740210858657887,0.0017402108586578875,0.001740210858657887
fwd_1h,random_forest,large_p01_count_share,4,0.00034858224422782953,0.0013943289769113181,0.0003485822442278296,0.0013943289769113181
fwd_1h,random_forest,large_p05_count_imbalance,1,0.0013523544416943428,0.0013523544416943428,0.0013523544416943428,0.0013523544416943428
fwd_1h,random_forest,large_p01_flow_pressure,5,0.00011553263181234238,0.0005776631590617119,0.00011553263181234238,0.0005776631590617119
fwd_1h,random_forest,large_p01_buy_flow,1,0.0,0.0,0.0,0.0
fwd_1h,random_forest,large_p01_count,4,0.0,0.0,0.0,0.0
fwd_1h,random_forest,large_p01_count_imbalance,4,0.0,0.0,0.0,0.0
fwd_1h,random_forest,large_p01_net_flow,5,0.0,0.0,0.0,0.0
fwd_1h,random_forest,large_p01_sell_flow,5,0.0,0.0,0.0,0.0
fwd_1h,random_forest,same_block_pool_event_count_max,1,0.0,0.0,0.0,0.0
fwd_1h,ridge,large_p05_net_flow,5,0.04501611788298162,0.0552973942270177,0.00035592960494106024,0.2250805894149081
fwd_1h,ridge,large_p01_net_flow,5,0.04362927493611187,0.09417917573563893,-0.002660719540513889,0.21814637468055936
fwd_1h,ridge,large_p01_count_imbalance,4,0.04678315193604199,0.10283062330014964,-0.003526744853858118,0.18713260774416796
fwd_1h,ridge,large_p05_sell_flow,3,0.05759908773613478,0.06741463500116132,0.0058551575486015875,0.17279726320840433
fwd_1h,ridge,large_p01_count_share,4,0.043154539927032186,0.08214276553105739,0.0028039460401718223,0.17261815970812874
fwd_1h,ridge,large_p01_volume,4,0.04188427629569137,0.08372881062158087,-0.004121518936040872,0.1675371051827655
fwd_1h,ridge,net_buy_chog_z72,3,0.05490969110155657,0.10214369670539687,0.004343012709084858,0.1647290733046697
fwd_1h,ridge,non_main_net_flow,4,0.04029645866212937,0.1003089838469532,0.0026486907902690316,0.1611858346485175
fwd_1h,ridge,large_p01_volume_share,4,0.03865995710360959,0.06527000505326079,-0.0032539255682072035,0.15463982841443835
fwd_1h,ridge,large_p01_sell_flow,5,0.029781487991088568,0.08065092525645819,-0.0031523100665924305,0.14890743995544284
fwd_1h,ridge,large_p05_sell_count,2,0.06833532343455094,0.09145403034662491,0.007909395310333689,0.13667064686910188
fwd_1h,ridge,small_sell_count,3,0.04472613972009226,0.0655193983349798,0.003757448090133604,0.13417841916027679
fwd_1h,ridge,large_p05_net_flow_z72,5,0.026404443106228907,0.04216920801876786,0.0023174749162851215,0.13202221553114454
fwd_1h,ridge,large_p10_count_share,4,0.032068246374518924,0.05044151265435116,-0.002738636136718974,0.1282729854980757
fwd_1h,ridge,large_p05_flow_pressure,4,0.031933301905340064,0.051979741605466555,0.003397671759112442,0.12773320762136026
fwd_1h,ridge,gas_used_mean,5,0.02519212836200513,0.05385684099656613,0.0026664377058368723,0.12596064181002564
fwd_1h,ridge,return_1h,2,0.060879371704833686,0.07420820929192695,-0.006217434469464069,0.12175874340966737
fwd_1h,ridge,large_p05_net_flow_x_high_gas,4,0.02951437007943078,0.06350773963383867,0.0025896677763196712,0.11805748031772312
fwd_1h,ridge,large_p10_buy_flow,2,0.057438840234378855,0.07823258592145535,-0.005229628075265412,0.11487768046875771
fwd_1h,ridge,large_p10_volume,2,0.05142661126044709,0.07708807242239536,0.0054978908756147665,0.10285322252089418
fwd_1h,ridge,large_p10_count,2,0.05062995800483781,0.05269774909495966,-0.0011347097305720551,0.10125991600967563
fwd_1h,ridge,small_trade_mean,2,0.04901358396821822,0.05180708856212175,0.003485309317952205,0.09802716793643644
fwd_1h,ridge,large_p05_flow_pressure_z24,5,0.01956950190970704,0.022581632751454545,0.0010785597480312656,0.09784750954853519
fwd_1h,ridge,large_p05_volume_share,3,0.032458293904277645,0.04530971466240198,-0.0013998877314525318,0.09737488171283293
fwd_1h,ridge,large_p05_net_flow_z24,5,0.018832633002549313,0.03852880300339895,0.000696195123179314,0.09416316501274656
fwd_1h,ridge,large_p10_volume_share,3,0.031106717933240362,0.0470175489005002,-0.0030256613967061343,0.09332015379972108
fwd_1h,ridge,large_p01_count,4,0.020572362513779148,0.027937144762914756,-0.001088952976122032,0.08228945005511659
fwd_1h,ridge,main_vs_other_divergence,5,0.015816634987827795,0.032109758683624735,-0.0013408542913090546,0.07908317493913897
fwd_1h,ridge,large_p01_flow_pressure,5,0.015585646053871471,0.03498354426442162,0.0010810803748822876,0.07792823026935736
fwd_1h,ridge,large_p05_net_flow_x_high_volume,5,0.015259167476975968,0.02489662771083246,0.0006805281387502032,0.07629583738487984
fwd_1h,ridge,net_buy_chog_z24,3,0.023194285283507688,0.04314090586179958,0.0013543275740512135,0.06958285585052307
fwd_1h,ridge,small_volume,2,0.03293217226806084,0.04428341592757652,0.0013908466646008347,0.06586434453612168
fwd_1h,ridge,non_main_volume,2,0.03068760539304487,0.05369498257798215,0.0027662931507245604,0.06137521078608974
fwd_1h,ridge,large_p05_count_imbalance,1,0.0570373178001179,0.0570373178001179,-0.006556417534837009,0.0570373178001179
fwd_1h,ridge,large_p10_net_flow,1,0.05525824645620321,0.05525824645620321,-0.006351913974626746,0.05525824645620321
fwd_1h,ridge,small_net_flow_pressure,1,0.054492654687079305,0.054492654687079305,-0.0043209723299699595,0.054492654687079305
fwd_1h,ridge,non_main_flow_pressure,3,0.018014677053694597,0.02729773209260809,0.00174921235021077,0.05404403116108379
fwd_1h,ridge,large_p10_sell_flow,1,0.05350934486333835,0.05350934486333835,0.006150878415585437,0.05350934486333835
fwd_1h,ridge,large_p05_count_share,1,0.051825290580026974,0.051825290580026974,-0.006018811890045438,0.051825290580026974
fwd_1h,ridge,large_p10_buy_count,2,0.02397285700162765,0.03989429869882859,-0.0011141689798568554,0.0479457140032553
fwd_1h,ridge,small_net_flow,1,0.047229453579393885,0.047229453579393885,-0.004435356535297143,0.047229453579393885
fwd_1h,ridge,net_buy_chog,2,0.023038205996905266,0.02655886228933009,0.00027445650465479177,0.04607641199381053
fwd_1h,ridge,same_block_pool_event_count_max,1,0.04499729006254988,0.04499729006254988,0.0028711089219654504,0.04499729006254988
fwd_1h,ridge,large_p10_count_imbalance,2,0.022374626814676155,0.0244371707879909,-0.0022243437622660664,0.04474925362935231
fwd_1h,ridge,pools,1,0.044155252733104514,0.044155252733104514,-0.0041466558245958325,0.044155252733104514
fwd_1h,ridge,large_p01_buy_flow,1,0.04336278352262292,0.04336278352262292,-0.003438433837141685,0.04336278352262292
fwd_1h,ridge,dexes,1,0.03948302652660525,0.03948302652660525,0.00370788324797588,0.03948302652660525
fwd_1h,ridge,log_chog_volume_z24,1,0.034006729562585214,0.034006729562585214,-0.00394942519264387,0.034006729562585214
fwd_1h,ridge,volume_regime_rank,1,0.030678021593312062,0.030678021593312062,0.0035628404406874282,0.030678021593312062
fwd_1h,ridge,events,1,0.028212633521983624,0.028212633521983624,-0.0026494714417841293,0.028212633521983624
fwd_1h,ridge,same_block_pool_event_count_mean,1,0.027895083338777618,0.027895083338777618,-0.0017798810226483165,0.027895083338777618
fwd_1h,ridge,net_buy_usd_at_price,2,0.013452142265663145,0.014443164594237622,0.00025541827020353575,0.02690428453132629
fwd_1h,ridge,small_trade_std,1,0.02597880906480234,0.02597880906480234,0.0029862540150213837,0.02597880906480234
fwd_1h,ridge,net_buy_pressure_x_prev_up,1,0.01713942021343042,0.01713942021343042,-0.0019905136085978208,0.01713942021343042
fwd_1h,ridge,sell_events,1,0.00819650506968182,0.00819650506968182,0.0007697404812506827,0.00819650506968182
fwd_1h,ridge,log_chog_volume_z72,1,0.004562448947401151,0.004562448947401151,-0.0005298672070142988,0.004562448947401151
fwd_1h,ridge,small_count_imbalance,1,0.0026885752479505667,0.0026885752479505667,-0.00021318945315011562,0.0026885752479505667
fwd_1h,xgboost,non_main_net_flow,4,0.0641303798871972,0.09086512045735572,0.06413037609308958,0.2565215195487888
fwd_1h,xgboost,large_p05_net_flow_z72,5,0.04894057270232823,0.05793479424658496,0.048940570652484895,0.24470286351164117
fwd_1h,xgboost,large_p10_count_share,4,0.0596175870373008,0.10573309377716426,0.05961758363991976,0.2384703481492032
fwd_1h,xgboost,main_vs_other_divergence,5,0.045912136442244164,0.051462171989234244,0.04591213464736939,0.22956068221122083
fwd_1h,xgboost,large_p05_net_flow_z24,5,0.045497299883378306,0.05113275572959289,0.04549729824066162,0.22748649941689153
fwd_1h,xgboost,large_p05_flow_pressure_z24,5,0.040054018859647635,0.044953307241951526,0.04005401730537415,0.20027009429823817
fwd_1h,xgboost,large_p10_volume_share,3,0.06362870991983101,0.09438222314786585,0.06362870708107948,0.19088612975949304
fwd_1h,xgboost,gas_used_mean,5,0.03607618592309251,0.04301821801032836,0.03607618436217308,0.18038092961546254
fwd_1h,xgboost,large_p05_net_flow,5,0.035515293400078154,0.06376895023425146,0.03551529236137867,0.17757646700039076
fwd_1h,xgboost,large_p01_volume_share,4,0.04088554316391059,0.046253626961098894,0.04088554251939058,0.16354217265564236
fwd_1h,xgboost,large_p05_net_flow_x_high_volume,5,0.030323007540518247,0.05151796229218228,0.030323006957769395,0.15161503770259124
fwd_1h,xgboost,large_p05_flow_pressure,4,0.036644665931528264,0.04199247578439005,0.03664466459304094,0.14657866372611306
fwd_1h,xgboost,small_trade_mean,2,0.06680697608349219,0.07706114242027857,0.06680697202682495,0.13361395216698438
fwd_1h,xgboost,small_sell_count,3,0.04449394880101607,0.05823937170627542,0.04449394717812538,0.13348184640304822
fwd_1h,xgboost,net_buy_chog_z72,3,0.043797361267618996,0.05535673441561507,0.04379735887050629,0.131392083802857
fwd_1h,xgboost,net_buy_chog_z24,3,0.0417825219258228,0.047685940090319706,0.04178251946965853,0.12534756577746842
fwd_1h,xgboost,non_main_flow_pressure,3,0.039716407394143186,0.04334608253248305,0.03971640517314275,0.11914922218242956
fwd_1h,xgboost,large_p01_volume,4,0.027897544982645628,0.03800583797160013,0.02789754420518875,0.11159017993058251
fwd_1h,xgboost,large_p10_count_imbalance,2,0.054629591330263856,0.06738908138804774,0.05462959036231041,0.10925918266052771
fwd_1h,xgboost,small_volume,2,0.05263470096407495,0.06297573975084031,0.052634699270129204,0.1052694019281499
fwd_1h,xgboost,large_p10_buy_flow,2,0.05100674266950041,0.061271871328147084,0.0510067418217659,0.10201348533900081
fwd_1h,xgboost,large_p05_net_flow_x_high_gas,4,0.02507184170095868,0.05045458821410292,0.02507184073328972,0.10028736680383472
fwd_1h,xgboost,large_p10_buy_count,2,0.04902765233771923,0.058144095104907145,0.04902765154838562,0.09805530467543846
fwd_1h,xgboost,large_p05_volume_share,3,0.030715147084094174,0.04364539101830834,0.030715145481129486,0.09214544125228252
fwd_1h,xgboost,return_1h,2,0.04307547355247269,0.0460451858023471,0.04307547211647034,0.08615094710494538
fwd_1h,xgboost,non_main_volume,2,0.041641469130899125,0.043731041192816296,0.041641468182206154,0.08328293826179825
fwd_1h,xgboost,large_p05_sell_flow,3,0.02572348319462452,0.04361652477269094,0.02572348217169444,0.07717044958387356
fwd_1h,xgboost,large_p10_volume,2,0.03575129665422283,0.03861380910021162,0.03575129620730877,0.07150259330844566
fwd_1h,xgboost,net_buy_usd_at_price,2,0.033324698524845646,0.039073444452704865,0.03332469519227743,0.06664939704969129
fwd_1h,xgboost,small_count_imbalance,1,0.058731312640357476,0.058731312640357476,0.058731310069561005,0.058731312640357476
fwd_1h,xgboost,small_net_flow_pressure,1,0.053667119259344975,0.053667119259344975,0.05366711691021919,0.053667119259344975
fwd_1h,xgboost,large_p10_sell_flow,1,0.05224111945911103,0.05224111945911103,0.052241113036870956,0.05224111945911103
fwd_1h,xgboost,small_net_flow,1,0.050287888931279376,0.050287888931279376,0.050287891179323196,0.050287888931279376
fwd_1h,xgboost,large_p05_sell_count,2,0.0249582802809983,0.025844780180147835,0.024958278983831406,0.0499165605619966
fwd_1h,xgboost,net_buy_pressure_x_prev_up,1,0.049685022521940445,0.049685022521940445,0.049685023725032806,0.049685022521940445
fwd_1h,xgboost,small_trade_std,1,0.048043268119647535,0.048043268119647535,0.04804326221346855,0.048043268119647535
fwd_1h,xgboost,large_p05_count_share,1,0.04325564100905632,0.04325564100905632,0.04325564205646515,0.04325564100905632
fwd_1h,xgboost,net_buy_chog,2,0.021577192416365555,0.04315438483273111,0.02157719060778618,0.04315438483273111
fwd_1h,xgboost,large_p10_count,2,0.021154881874074296,0.04230976374814859,0.02115488238632679,0.04230976374814859
fwd_1h,xgboost,log_chog_volume_z72,1,0.039954978005188116,0.039954978005188116,0.039954978972673416,0.039954978005188116
fwd_1h,xgboost,large_p10_net_flow,1,0.03893911944698893,0.03893911944698893,0.03893911466002464,0.03893911944698893
fwd_1h,xgboost,volume_regime_rank,1,0.03887310157464757,0.03887310157464757,0.0388731025159359,0.03887310157464757
fwd_1h,xgboost,sell_events,1,0.03871172120965773,0.03871172120965773,0.03871172294020653,0.03871172120965773
fwd_1h,xgboost,log_chog_volume_z24,1,0.036945941894692844,0.036945941894692844,0.03694594278931618,0.036945941894692844
fwd_1h,xgboost,events,1,0.03534996724054364,0.03534996724054364,0.03534996882081032,0.03534996724054364
fwd_1h,xgboost,pools,1,0.0324501529730788,0.0324501529730788,0.032450154423713684,0.0324501529730788
fwd_1h,xgboost,same_block_pool_event_count_mean,1,0.02677527853266808,0.02677527853266808,0.02677527628839016,0.02677527853266808
fwd_1h,xgboost,dexes,1,0.02453905234311287,0.02453905234311287,0.024539053440093994,0.02453905234311287
fwd_1h,xgboost,large_p01_count_share,4,0.006119275783094419,0.024477103132377675,0.0061192759312689304,0.024477103132377675
fwd_1h,xgboost,large_p01_flow_pressure,5,0.0035477473472790505,0.017738736736395252,0.0035477474331855772,0.017738736736395252
fwd_1h,xgboost,large_p01_buy_flow,1,0.0,0.0,0.0,0.0
fwd_1h,xgboost,large_p01_count,4,0.0,0.0,0.0,0.0
fwd_1h,xgboost,large_p01_count_imbalance,4,0.0,0.0,0.0,0.0
fwd_1h,xgboost,large_p01_net_flow,5,0.0,0.0,0.0,0.0
fwd_1h,xgboost,large_p01_sell_flow,5,0.0,0.0,0.0,0.0
fwd_1h,xgboost,large_p05_count_imbalance,1,0.0,0.0,0.0,0.0
fwd_1h,xgboost,same_block_pool_event_count_max,1,0.0,0.0,0.0,0.0
fwd_3h,elastic_net,main_pool_flow_pressure_z24,5,0.177842161055569,0.24340042296788367,0.024213452228203706,0.8892108052778449
fwd_3h,elastic_net,large_p10_flow_pressure,5,0.08541099264124333,0.11988292458425077,-0.01212775189623383,0.4270549632062166
fwd_3h,elastic_net,net_buy_chog,5,0.08071427108992131,0.18187677858972476,0.010301631121566877,0.40357135544960654
fwd_3h,elastic_net,large_p05_flow_pressure,5,0.0695733834486193,0.13499517685405563,0.011466570162142722,0.3478669172430965
fwd_3h,elastic_net,main_vs_other_divergence,5,0.06880732377036237,0.08644829496110486,-0.009822966429533486,0.34403661885181186
fwd_3h,elastic_net,net_buy_pressure_z72,2,0.13951514520911992,0.14258334684415416,-0.017024942172616533,0.27903029041823985
fwd_3h,elastic_net,buy_events,4,0.062404053363289934,0.0839188970928129,0.007992410141253337,0.24961621345315974
fwd_3h,elastic_net,large_p05_net_flow_x_high_gas,5,0.03931909926580581,0.0658784698172234,0.006566955840306659,0.19659549632902906
fwd_3h,elastic_net,large_p10_net_flow,5,0.03509445443703541,0.07479066989933338,-0.006260578582866982,0.17547227218517705
fwd_3h,elastic_net,main_pool_flow_pressure_z72,4,0.03970334604420894,0.07466848159236898,-0.00545094078795301,0.15881338417683577
fwd_3h,elastic_net,large_p01_flow_pressure,5,0.028611876466152986,0.09774303392655656,0.005724586744851755,0.14305938233076493
fwd_3h,elastic_net,large_p01_count_imbalance,5,0.028269162738600667,0.1155858974146615,-0.005746479825732647,0.14134581369300334
fwd_3h,elastic_net,non_main_net_flow,5,0.027328707666914205,0.05655534051006637,-0.004680629911241824,0.13664353833457102
fwd_3h,elastic_net,buy_chog,5,0.024082871649430355,0.0835305792446754,0.0030621730519855748,0.12041435824715177
fwd_3h,elastic_net,net_buy_pressure_z24,5,0.02244864266719353,0.07331006553050334,-0.0033405298585433355,0.11224321333596765
fwd_3h,elastic_net,large_p05_flow_pressure_z24,5,0.020790459990893722,0.062303962490363844,-0.0038818713682244586,0.10395229995446861
fwd_3h,elastic_net,net_buy_chog_z24,5,0.020560558644937197,0.03375780270248858,0.0031163798295004716,0.10280279322468598
fwd_3h,elastic_net,net_buy_usd_at_price,5,0.016876320858640277,0.05118742892944481,0.0035884759112574474,0.08438160429320138
fwd_3h,elastic_net,large_p01_net_flow,5,0.016521121281914197,0.04144154972295839,0.002793994105204892,0.08260560640957099
fwd_3h,elastic_net,net_buy_pressure,4,0.017835609888551127,0.06950304092853764,-0.0019609884940704316,0.07134243955420451
fwd_3h,elastic_net,small_sell_count,1,0.07077348293666953,0.07077348293666953,0.012121046646447121,0.07077348293666953
fwd_3h,elastic_net,large_p05_net_flow_z72,5,0.01281150748402703,0.044588150933830464,-0.0017553954493970657,0.06405753742013515
fwd_3h,elastic_net,large_p05_buy_flow,3,0.017966405960160695,0.04234945543864367,-0.003339568961970189,0.05389921788048209
fwd_3h,elastic_net,large_p10_count_share,1,0.047929632191818686,0.047929632191818686,-0.011477253268216404,0.047929632191818686
fwd_3h,elastic_net,large_p05_count_imbalance,5,0.0076648080682094975,0.02033761620863345,0.0007532446814562761,0.038324040341047486
fwd_3h,elastic_net,buy_sell_count_imbalance,2,0.016673060026812986,0.021005821592461567,0.0019556854453009285,0.03334612005362597
fwd_3h,elastic_net,non_main_flow_pressure,5,0.005247556409938592,0.018196289226997522,0.0007966661110695463,0.02623778204969296
fwd_3h,elastic_net,large_p05_buy_count,3,0.008479587640642472,0.025438762921927413,-0.0009141664505436772,0.025438762921927413
fwd_3h,elastic_net,net_buy_chog_z72,5,0.005034580792614145,0.018371706313004842,0.0005380367993401425,0.025172903963070724
fwd_3h,elastic_net,large_p05_net_flow_z24,5,0.0037323786141052633,0.018661893070526316,-0.0004023798625994531,0.018661893070526316
fwd_3h,elastic_net,main_pool_flow_pressure,4,0.002177503113035961,0.008710012452143845,-0.0005214259650611157,0.008710012452143845
fwd_3h,elastic_net,large_p01_buy_flow,2,0.0031004465741767354,0.006200893148353471,0.00042054070519823705,0.006200893148353471
fwd_3h,elastic_net,large_p05_net_flow_x_high_volume,5,0.0010339957356507725,0.005169978678253862,0.0002476011267690336,0.005169978678253862
fwd_3h,elastic_net,active_block_regime_rank,1,0.004027089962201546,0.004027089962201546,-0.0006897010470003716,0.004027089962201546
fwd_3h,elastic_net,large_p10_volume_share,1,0.001991286961442918,0.001991286961442918,-0.0004768345539292199,0.001991286961442918
fwd_3h,elastic_net,events,2,0.0,0.0,0.0,0.0
fwd_3h,elastic_net,large_p01_sell_flow,1,0.0,0.0,0.0,0.0
fwd_3h,elastic_net,large_p05_net_flow,5,0.0,0.0,0.0,0.0
fwd_3h,lightgbm,main_vs_other_divergence,5,0.13166405008548382,0.2612189790947589,0.876662762358319,0.658320250427419
fwd_3h,lightgbm,large_p05_flow_pressure_z24,5,0.11286516790020742,0.21949738328368532,0.724164099036716,0.5643258395010371
fwd_3h,lightgbm,non_main_net_flow,5,0.0724345766781733,0.12767426651044672,0.6416978948749602,0.3621728833908665
fwd_3h,lightgbm,net_buy_chog_z24,5,0.05682959570908645,0.1031468462732235,0.3717846226412803,0.2841479785454323
fwd_3h,lightgbm,large_p05_net_flow_z72,5,0.05277975851997644,0.10231879131338498,0.5712664905237034,0.2638987925998822
fwd_3h,lightgbm,buy_events,4,0.06538524087914971,0.14512193533625703,0.4984553064859938,0.26154096351659883
fwd_3h,lightgbm,large_p05_net_flow_z24,5,0.047914470735893853,0.07997893806395914,0.4233983444282785,0.23957235367946927
fwd_3h,lightgbm,net_buy_usd_at_price,5,0.045266890138043234,0.0786009255733697,0.43730223414022473,0.22633445069021618
fwd_3h,lightgbm,large_p10_flow_pressure,5,0.03967419040986157,0.07580805943242214,0.4394866070477292,0.19837095204930788
fwd_3h,lightgbm,buy_chog,5,0.03927823146935626,0.06584759631768741,0.31341254559811205,0.1963911573467813
fwd_3h,lightgbm,net_buy_chog,5,0.03882083274883534,0.06568009121572618,0.4128162099979818,0.19410416374417672
fwd_3h,lightgbm,large_p10_volume_share,1,0.19071374307415323,0.19071374307415323,0.4078218275681138,0.19071374307415323
fwd_3h,lightgbm,main_pool_flow_pressure_z24,5,0.03546104816685087,0.05574840053338393,0.2996656520990655,0.17730524083425434
fwd_3h,lightgbm,net_buy_pressure_z24,5,0.03322324405836625,0.05544647823937812,0.23017733229789883,0.16611622029183123
fwd_3h,lightgbm,buy_sell_count_imbalance,2,0.07804845665803664,0.08400063186640243,0.9722986149718054,0.15609691331607328
fwd_3h,lightgbm,net_buy_chog_z72,5,0.030053355565906693,0.042257902027197196,0.2043469801545143,0.15026677782953346
fwd_3h,lightgbm,active_block_regime_rank,1,0.12207081577581261,0.12207081577581261,1.0615714633604512,0.12207081577581261
fwd_3h,lightgbm,non_main_flow_pressure,5,0.020521635615275178,0.04113789676948661,0.1628751506097615,0.10260817807637589
fwd_3h,lightgbm,main_pool_flow_pressure_z72,4,0.020489107754849675,0.06020950418378694,0.18441929903929122,0.0819564310193987
fwd_3h,lightgbm,main_pool_flow_pressure,4,0.02035101565346825,0.02985649601935628,0.19724347273586318,0.081404062613873
fwd_3h,lightgbm,net_buy_pressure_z72,2,0.04054440651874314,0.04250357509122536,0.36078402888961136,0.08108881303748627
fwd_3h,lightgbm,net_buy_pressure,4,0.013126493843368062,0.018941155578714033,0.1253976673760917,0.05250597537347225
fwd_3h,lightgbm,events,2,0.025724151383272092,0.03332292589281276,0.25727077294141054,0.051448302766544184
fwd_3h,lightgbm,large_p05_flow_pressure,5,0.010132997506957552,0.022828180761020743,0.12231207254808396,0.05066498753478776
fwd_3h,lightgbm,large_p05_net_flow_x_high_volume,5,0.005484973898380006,0.01840706091652303,0.06586226013023407,0.027424869491900032
fwd_3h,lightgbm,large_p05_net_flow,5,0.004930720481252572,0.021494545074794126,0.04522891384549439,0.02465360240626286
fwd_3h,lightgbm,small_sell_count,1,0.013005458848713456,0.013005458848713456,0.11310012056492269,0.013005458848713456
fwd_3h,lightgbm,large_p10_net_flow,5,0.0023561003009052706,0.005432200694353985,0.024285273952409626,0.011780501504526354
fwd_3h,lightgbm,large_p10_count_share,1,0.0066411077358982775,0.0066411077358982775,0.014201329438947141,0.0066411077358982775
fwd_3h,lightgbm,large_p05_count_imbalance,5,0.0004590546796440876,0.0017470795354237163,0.005286191962659359,0.002295273398220438
fwd_3h,lightgbm,large_p05_buy_flow,3,0.000257646526565126,0.0007729395796953781,0.001263466663658619,0.0007729395796953781
fwd_3h,lightgbm,large_p01_buy_flow,2,0.0,0.0,0.0,0.0
fwd_3h,lightgbm,large_p01_count_imbalance,5,0.0,0.0,0.0,0.0
fwd_3h,lightgbm,large_p01_flow_pressure,5,0.0,0.0,0.0,0.0
fwd_3h,lightgbm,large_p01_net_flow,5,0.0,0.0,0.0,0.0
fwd_3h,lightgbm,large_p01_sell_flow,1,0.0,0.0,0.0,0.0
fwd_3h,lightgbm,large_p05_buy_count,3,0.0,0.0,0.0,0.0
fwd_3h,lightgbm,large_p05_net_flow_x_high_gas,5,0.0,0.0,0.0,0.0
fwd_3h,random_forest,main_vs_other_divergence,5,0.15748881576467946,0.30390383562031387,0.15748881576467946,0.7874440788233973
fwd_3h,random_forest,non_main_net_flow,5,0.13864626845467692,0.1841704019186701,0.13864626845467692,0.6932313422733847
fwd_3h,random_forest,large_p05_flow_pressure_z24,5,0.08135264338309045,0.1737721616939184,0.08135264338309045,0.40676321691545225
fwd_3h,random_forest,net_buy_chog_z24,5,0.06689157315625549,0.09246216334809663,0.06689157315625549,0.33445786578127745
fwd_3h,random_forest,buy_events,4,0.07032488253411122,0.1416475919185355,0.07032488253411122,0.2812995301364449
fwd_3h,random_forest,net_buy_chog,5,0.05308687736486486,0.0783424934512734,0.05308687736486486,0.2654343868243243
fwd_3h,random_forest,net_buy_usd_at_price,5,0.04485075693080477,0.06307199641976409,0.04485075693080477,0.22425378465402385
fwd_3h,random_forest,large_p05_net_flow_z24,5,0.04210262754398593,0.06976665831981888,0.04210262754398593,0.21051313771992963
fwd_3h,random_forest,large_p10_flow_pressure,5,0.038072638244888476,0.07378270707419246,0.03807263824488848,0.1903631912244424
fwd_3h,random_forest,non_main_flow_pressure,5,0.03120164857246694,0.04552378011109007,0.03120164857246694,0.1560082428623347
fwd_3h,random_forest,buy_chog,5,0.029308410697400554,0.04274752872467402,0.029308410697400554,0.14654205348700278
fwd_3h,random_forest,large_p05_net_flow_z72,5,0.025685273026094003,0.03847294181654641,0.025685273026094003,0.12842636513047
fwd_3h,random_forest,active_block_regime_rank,1,0.12227017947460726,0.12227017947460726,0.12227017947460725,0.12227017947460726
fwd_3h,random_forest,buy_sell_count_imbalance,2,0.053991625481159905,0.06619414171355051,0.053991625481159905,0.10798325096231981
fwd_3h,random_forest,large_p10_volume_share,1,0.10437298141642318,0.10437298141642318,0.10437298141642318,0.10437298141642318
fwd_3h,random_forest,net_buy_chog_z72,5,0.017828329983560487,0.03291358908179361,0.017828329983560487,0.08914164991780243
fwd_3h,random_forest,main_pool_flow_pressure_z24,5,0.017002585500526423,0.024205458366862758,0.01700258550052642,0.08501292750263212
fwd_3h,random_forest,large_p05_net_flow_x_high_volume,5,0.012707675460154699,0.02605042886110874,0.012707675460154699,0.0635383773007735
fwd_3h,random_forest,main_pool_flow_pressure_z72,4,0.015863174241084417,0.023695075636533627,0.015863174241084417,0.06345269696433767
fwd_3h,random_forest,large_p10_net_flow,5,0.012624385136422592,0.016859247407694705,0.012624385136422592,0.06312192568211296
fwd_3h,random_forest,net_buy_pressure_z24,5,0.011830984099041316,0.018090462844527602,0.011830984099041316,0.059154920495206584
fwd_3h,random_forest,large_p05_flow_pressure,5,0.011815761024215157,0.0208823875614704,0.011815761024215157,0.059078805121075786
fwd_3h,random_forest,large_p05_net_flow,5,0.010840926661395101,0.028613488257676293,0.0108409266613951,0.0542046333069755
fwd_3h,random_forest,events,2,0.02468324578137342,0.02987749641382942,0.024683245781373417,0.04936649156274684
fwd_3h,random_forest,large_p10_count_share,1,0.04754969209572453,0.04754969209572453,0.04754969209572453,0.04754969209572453
fwd_3h,random_forest,net_buy_pressure_z72,2,0.02178750011543083,0.021909751796394438,0.021787500115430833,0.04357500023086166
fwd_3h,random_forest,large_p05_net_flow_x_high_gas,5,0.008705892989543312,0.019759515460553507,0.008705892989543312,0.04352946494771656
fwd_3h,random_forest,small_sell_count,1,0.042677187544504586,0.042677187544504586,0.04267718754450458,0.042677187544504586
fwd_3h,random_forest,main_pool_flow_pressure,4,0.008715886200590236,0.015208838880224743,0.008715886200590236,0.034863544802360945
fwd_3h,random_forest,net_buy_pressure,4,0.008704534917127006,0.010392029619562123,0.008704534917127008,0.034818139668508025
fwd_3h,random_forest,large_p05_count_imbalance,5,0.0010661532725710348,0.0023551788245944334,0.0010661532725710348,0.005330766362855174
fwd_3h,random_forest,large_p05_buy_count,3,0.00027889288595577807,0.0008366786578673343,0.00027889288595577807,0.0008366786578673342
fwd_3h,random_forest,large_p05_buy_flow,3,0.00026115791238843735,0.0007834737371653121,0.00026115791238843735,0.0007834737371653121
fwd_3h,random_forest,large_p01_flow_pressure,5,0.00012000328258762818,0.0006000164129381409,0.00012000328258762818,0.0006000164129381409
fwd_3h,random_forest,large_p01_buy_flow,2,0.0,0.0,0.0,0.0
fwd_3h,random_forest,large_p01_count_imbalance,5,0.0,0.0,0.0,0.0
fwd_3h,random_forest,large_p01_net_flow,5,0.0,0.0,0.0,0.0
fwd_3h,random_forest,large_p01_sell_flow,1,0.0,0.0,0.0,0.0
fwd_3h,ridge,main_pool_flow_pressure_z24,5,0.10010690362561966,0.1217155313212019,0.016641444528725326,0.5005345181280983
fwd_3h,ridge,large_p10_flow_pressure,5,0.06915208777197164,0.07354571884525149,-0.01109756765755828,0.3457604388598582
fwd_3h,ridge,large_p05_flow_pressure,5,0.061120782152674205,0.08043341289786374,0.009525059174458622,0.305603910763371
fwd_3h,ridge,net_buy_chog,5,0.05105296337487373,0.11074370828411785,0.008981582796416466,0.25526481687436864
fwd_3h,ridge,large_p05_net_flow_x_high_gas,5,0.04188776378145955,0.05848900040124809,0.006852647458900822,0.20943881890729776
fwd_3h,ridge,large_p05_net_flow_z72,5,0.03687827373818464,0.06439086224774303,-0.005807023948639591,0.1843913686909232
fwd_3h,ridge,main_vs_other_divergence,5,0.03620457417273978,0.05556016717936511,-0.00562329823231447,0.1810228708636989
fwd_3h,ridge,main_pool_flow_pressure_z72,4,0.043647372463232186,0.05660374800183579,-0.0072203466252759255,0.17458948985292874
fwd_3h,ridge,buy_events,4,0.043178356775377576,0.06269962518320167,0.00738650069012677,0.1727134271015103
fwd_3h,ridge,non_main_flow_pressure,5,0.03449451403056877,0.038421947286909286,0.0055023323688315915,0.17247257015284384
fwd_3h,ridge,large_p10_net_flow,5,0.033803309901780286,0.07148810830181243,-0.005738646965704745,0.16901654950890144
fwd_3h,ridge,large_p01_count_imbalance,5,0.03358289496201314,0.07759818950823928,-0.004232965236416271,0.1679144748100657
fwd_3h,ridge,net_buy_pressure_z24,5,0.03311462004481048,0.0483024942939646,-0.00034665802209276513,0.1655731002240524
fwd_3h,ridge,net_buy_pressure_z72,2,0.08027077222421938,0.08327064319189563,-0.012597752776802949,0.16054154444843877
fwd_3h,ridge,large_p01_net_flow,5,0.030191876799533713,0.07579794356300552,0.004117626951805927,0.15095938399766856
fwd_3h,ridge,buy_chog,5,0.02777577435962788,0.07575557113943522,-0.00038595316481457407,0.1388788717981394
fwd_3h,ridge,large_p01_flow_pressure,5,0.026739565654907333,0.056868771406039395,0.003714695139309377,0.13369782827453666
fwd_3h,ridge,non_main_net_flow,5,0.02586923554139749,0.044471283460374995,-0.004187454305381465,0.12934617770698745
fwd_3h,ridge,net_buy_usd_at_price,5,0.025732253202677007,0.042483698534041665,0.0031955277682104667,0.12866126601338504
fwd_3h,ridge,net_buy_chog_z72,5,0.025269626873356772,0.05643053962971928,0.004319065487214795,0.12634813436678385
fwd_3h,ridge,net_buy_pressure,4,0.029919263334011,0.058648363825411824,-0.005155477597294891,0.119677053336044
fwd_3h,ridge,net_buy_chog_z24,5,0.022865221216962283,0.038672816667248776,0.003476601109538182,0.11432610608481142
fwd_3h,ridge,large_p05_count_imbalance,5,0.02245079986929472,0.05165675039235258,0.001087718242144303,0.11225399934647359
fwd_3h,ridge,large_p05_net_flow_z24,5,0.018187469671357235,0.03367113508529572,0.0008244221681698346,0.09093734835678617
fwd_3h,ridge,large_p05_flow_pressure_z24,5,0.016680727467228058,0.024176952443545827,-0.0025984968961074804,0.08340363733614028
fwd_3h,ridge,large_p05_net_flow,5,0.013175520368035435,0.02196973194357433,1.219427757838177e-05,0.06587760184017717
fwd_3h,ridge,large_p10_count_share,1,0.06447433202443185,0.06447433202443185,-0.008190306966413492,0.06447433202443185
fwd_3h,ridge,main_pool_flow_pressure,4,0.015092581628397123,0.023405519254508657,0.0015848286766590894,0.06037032651358849
fwd_3h,ridge,small_sell_count,1,0.058122354126240734,0.058122354126240734,0.010329113040098066,0.058122354126240734
fwd_3h,ridge,large_p05_buy_count,3,0.015035169893884882,0.028411413309313974,-0.0003147637853987999,0.045105509681654644
fwd_3h,ridge,large_p05_buy_flow,3,0.01406955845138729,0.03191650437843621,-0.001505428035998245,0.04220867535416187
fwd_3h,ridge,events,2,0.02004496625732209,0.023238005397428617,0.003598550998572989,0.04008993251464418
fwd_3h,ridge,large_p05_net_flow_x_high_volume,5,0.007957950231311649,0.013959758377067557,-0.0005412014706090418,0.039789751156558244
fwd_3h,ridge,buy_sell_count_imbalance,2,0.014057359443843516,0.015368138850222703,0.0026031876410393864,0.028114718887687032
fwd_3h,ridge,large_p10_volume_share,1,0.02376787675353862,0.02376787675353862,-0.0030192822544884684,0.02376787675353862
fwd_3h,ridge,large_p01_buy_flow,2,0.009410047993358789,0.015554566200469163,0.0011726798954129298,0.018820095986717578
fwd_3h,ridge,large_p01_sell_flow,1,0.012492763725949131,0.012492763725949131,0.0015869814631910579,0.012492763725949131
fwd_3h,ridge,active_block_regime_rank,1,0.0074383556305369644,0.0074383556305369644,-0.001321894429351387,0.0074383556305369644
fwd_3h,xgboost,non_main_net_flow,5,0.07816975386359058,0.11634993328228295,0.07816975414752961,0.3908487693179529
fwd_3h,xgboost,main_vs_other_divergence,5,0.05760711034507034,0.06846547042903382,0.05760711133480072,0.2880355517253517
fwd_3h,xgboost,net_buy_chog_z24,5,0.05452003575466626,0.07731886017001065,0.05452003702521324,0.2726001787733313
fwd_3h,xgboost,large_p05_flow_pressure_z24,5,0.04623829384288461,0.07293216001132428,0.046238294988870624,0.23119146921442305
fwd_3h,xgboost,net_buy_chog,5,0.04584623919049933,0.053164043485013364,0.04584623947739601,0.22923119595249664
fwd_3h,xgboost,net_buy_chog_z72,5,0.039104125922251334,0.052410411798798864,0.03910412639379501,0.19552062961125666
fwd_3h,xgboost,large_p10_flow_pressure,5,0.03866013759546151,0.045876496872786596,0.03866013810038567,0.19330068797730754
fwd_3h,xgboost,non_main_flow_pressure,5,0.037827446490646566,0.053444144437683624,0.037827446684241296,0.18913723245323283
fwd_3h,xgboost,net_buy_usd_at_price,5,0.037516776953711924,0.047605061283443655,0.037516777589917186,0.1875838847685596
fwd_3h,xgboost,buy_events,4,0.04682412459712407,0.052100142930454445,0.046824123710393906,0.18729649838849627
fwd_3h,xgboost,large_p05_net_flow_z72,5,0.036804011541975636,0.04793512943725358,0.036804011464118956,0.18402005770987817
fwd_3h,xgboost,large_p05_net_flow_x_high_gas,5,0.03677951625751731,0.058223261306729675,0.03677951619029045,0.18389758128758654
fwd_3h,xgboost,large_p05_net_flow_z24,5,0.0342550721265439,0.03956265179347925,0.034255072474479675,0.17127536063271948
fwd_3h,xgboost,buy_chog,5,0.03416101667516045,0.03865126691342243,0.034161017090082166,0.17080508337580225
fwd_3h,xgboost,net_buy_pressure_z24,5,0.03183219191850232,0.0393205563420306,0.031832192093133926,0.15916095959251159
fwd_3h,xgboost,large_p10_net_flow,5,0.03175301686014599,0.04492453418784537,0.031753017008304595,0.15876508430072994
fwd_3h,xgboost,large_p05_flow_pressure,5,0.03151240231367293,0.038735686768182294,0.03151240274310112,0.15756201156836463
fwd_3h,xgboost,main_pool_flow_pressure_z24,5,0.029993795941475748,0.034700466008505196,0.02999379634857178,0.14996897970737874
fwd_3h,xgboost,large_p05_net_flow,5,0.027610340278716405,0.04240574997058883,0.027610340714454652,0.13805170139358203
fwd_3h,xgboost,large_p05_net_flow_x_high_volume,5,0.025494055565640904,0.03665349205354613,0.025494055077433585,0.12747027782820453
fwd_3h,xgboost,net_buy_pressure,4,0.031014670138139057,0.037620856996255246,0.03101467015221715,0.12405868055255623
fwd_3h,xgboost,large_p05_count_imbalance,5,0.02445048272461871,0.03633155619604057,0.02445048317313194,0.12225241362309355
fwd_3h,xgboost,main_pool_flow_pressure_z72,4,0.030480013305607397,0.03164938233715515,0.030480012763291597,0.12192005322242959
fwd_3h,xgboost,main_pool_flow_pressure,4,0.027322979367987756,0.029620373083071697,0.027322979643940926,0.10929191747195102
fwd_3h,xgboost,large_p05_buy_flow,3,0.02920294113127074,0.041015120845319976,0.029202942426006,0.08760882339381222
fwd_3h,xgboost,events,2,0.03630897528949628,0.03804905283377986,0.03630897402763367,0.07261795057899256
fwd_3h,xgboost,buy_sell_count_imbalance,2,0.033841698108537266,0.034137958742933634,0.033841697499156,0.06768339621707453
fwd_3h,xgboost,net_buy_pressure_z72,2,0.03210005450095885,0.035922346379861816,0.03210005443543196,0.0642001090019177
fwd_3h,xgboost,large_p10_volume_share,1,0.04882915471886274,0.04882915471886274,0.04882916063070297,0.04882915471886274
fwd_3h,xgboost,active_block_regime_rank,1,0.04758214134600548,0.04758214134600548,0.04758214205503464,0.04758214134600548
fwd_3h,xgboost,small_sell_count,1,0.04551383040079727,0.04551383040079727,0.045513831079006195,0.04551383040079727
fwd_3h,xgboost,large_p01_flow_pressure,5,0.009062153424296551,0.024938520750023705,0.009062153846025467,0.045310767121482756
fwd_3h,xgboost,large_p10_count_share,1,0.04371585912717349,0.04371585912717349,0.043715864419937134,0.04371585912717349
fwd_3h,xgboost,large_p05_buy_count,3,0.011230569214894749,0.033691707644684245,0.011230570574601492,0.033691707644684245
fwd_3h,xgboost,large_p01_buy_flow,2,0.0,0.0,0.0,0.0
fwd_3h,xgboost,large_p01_count_imbalance,5,0.0,0.0,0.0,0.0
fwd_3h,xgboost,large_p01_net_flow,5,0.0,0.0,0.0,0.0
fwd_3h,xgboost,large_p01_sell_flow,1,0.0,0.0,0.0,0.0
fwd_6h,elastic_net,large_p05_net_flow_z72,5,0.06837227748224374,0.14397040068964648,-0.01885176410292757,0.3418613874112187
fwd_6h,elastic_net,avg_price_quote_per_chog,3,0.1003950999110148,0.21016517277188695,-0.027743428474768867,0.3011852997330444
fwd_6h,elastic_net,large_p05_net_flow_x_high_gas,5,0.060083265482267924,0.0901751035320139,0.017877056828125855,0.3004163274113396
fwd_6h,elastic_net,large_p10_net_flow,3,0.09112795157158686,0.1828679538232249,-0.03036365629909894,0.27338385471476057
fwd_6h,elastic_net,net_buy_chog,5,0.05419884741958967,0.07968488725643434,0.010785519566822282,0.27099423709794834
fwd_6h,elastic_net,main_vs_other_divergence,5,0.05326587310389628,0.13130778304319102,-0.01739004214614072,0.2663293655194814
fwd_6h,elastic_net,non_main_flow_pressure,5,0.04507896198396655,0.13564719202579245,-0.010379784702627872,0.22539480991983274
fwd_6h,elastic_net,large_p01_volume_share,3,0.068311212486459,0.0904512293914718,-0.023024968322353064,0.20493363745937698
fwd_6h,elastic_net,small_volume,3,0.058456488028421516,0.08990706148834218,0.01504526018087859,0.17536946408526455
fwd_6h,elastic_net,large_p01_flow_pressure,5,0.03434530777870885,0.13752880497846037,0.013240452134278605,0.17172653889354428
fwd_6h,elastic_net,main_pool_flow_pressure_z24,2,0.07570474159048005,0.11505080767826267,0.02734298140337424,0.1514094831809601
fwd_6h,elastic_net,large_p10_volume_share,4,0.037004558605322244,0.06375895891611308,-0.010469446745431656,0.14801823442128897
fwd_6h,elastic_net,large_p05_flow_pressure,3,0.04796536636439181,0.09782957070234702,0.017990484055478408,0.14389609909317544
fwd_6h,elastic_net,buy_events,4,0.03271448632658206,0.07758664416659075,0.009204953786135677,0.13085794530632824
fwd_6h,elastic_net,net_buy_usd_at_price,5,0.026115614612825848,0.06519452408365378,0.009190996905893232,0.13057807306412925
fwd_6h,elastic_net,small_sell_count,2,0.06518120862741339,0.06528556978012078,0.018964151849342862,0.13036241725482678
fwd_6h,elastic_net,large_p05_net_flow,4,0.03255035437619733,0.11988504904906883,-0.011526746619452865,0.1302014175047893
fwd_6h,elastic_net,large_p05_net_flow_z24,5,0.025124585459122394,0.0713045181228383,0.009245724578903368,0.12562292729561197
fwd_6h,elastic_net,large_p01_count_share,2,0.0597091524269824,0.06357351184461825,0.020121153848344602,0.1194183048539648
fwd_6h,elastic_net,large_p10_buy_count,1,0.10567577043891038,0.10567577043891038,-0.022779502064619317,0.10567577043891038
fwd_6h,elastic_net,net_buy_chog_z72,4,0.024178765028903787,0.07240219049548734,0.001399801483714722,0.09671506011561515
fwd_6h,elastic_net,small_net_flow,3,0.029009485098607374,0.04907577602855108,0.008726757369708864,0.08702845529582212
fwd_6h,elastic_net,non_main_net_flow,5,0.01701711064734701,0.03030798883557286,-0.0030484475537992765,0.08508555323673506
fwd_6h,elastic_net,small_net_flow_pressure,3,0.027546059288025736,0.04936700260913918,0.0077307508955238415,0.0826381778640772
fwd_6h,elastic_net,small_trade_density,3,0.02607423466261605,0.038248495981584536,-0.007964547678238324,0.07822270398784816
fwd_6h,elastic_net,large_p01_net_flow,5,0.015117124576763142,0.04647396897016442,0.0045957448215135505,0.0755856228838157
fwd_6h,elastic_net,large_p05_flow_pressure_z24,5,0.01308604223823614,0.027718466083652575,7.285390565066517e-05,0.0654302111911807
fwd_6h,elastic_net,large_p01_count_imbalance,5,0.012523234758155255,0.06257458601825798,-0.005154615027763583,0.06261617379077627
fwd_6h,elastic_net,events,2,0.031059901113567205,0.06211980222713441,-0.008430259884297645,0.06211980222713441
fwd_6h,elastic_net,large_p01_sell_flow,5,0.010361853008733692,0.047388516934712355,0.0038174569630572966,0.05180926504366846
fwd_6h,elastic_net,large_p10_flow_pressure,1,0.04953591385564746,0.04953591385564746,-0.020390318119253847,0.04953591385564746
fwd_6h,elastic_net,net_buy_pressure_x_prev_up,1,0.047420963396662706,0.047420963396662706,-0.019519747470434685,0.047420963396662706
fwd_6h,elastic_net,net_buy_chog_z24,4,0.011372337098553245,0.03613975430830249,0.0015705348076837536,0.04548934839421298
fwd_6h,elastic_net,large_p10_count_share,3,0.014709877147460608,0.03849014261754941,0.003349163815741844,0.04412963144238182
fwd_6h,elastic_net,same_block_pool_event_count_mean,2,0.01888084084655107,0.02098896775851761,-0.006596032618828393,0.03776168169310214
fwd_6h,elastic_net,small_count_imbalance,2,0.017409181095043115,0.020883789656676345,-0.0048790857828552095,0.03481836219008623
fwd_6h,elastic_net,large_p01_volume,1,0.026178033901783103,0.026178033901783103,0.007105226389648349,0.026178033901783103
fwd_6h,elastic_net,large_p05_sell_flow,1,0.022955341668408038,0.022955341668408038,-0.0062305251806804894,0.022955341668408038
fwd_6h,elastic_net,dexes,1,0.018203634285949125,0.018203634285949125,0.0074931068214206765,0.018203634285949125
fwd_6h,elastic_net,buy_sell_count_imbalance,2,0.00907667722627214,0.011308241262249802,-0.002509874536314735,0.01815335445254428
fwd_6h,elastic_net,sell_events,2,0.005536129821331665,0.01107225964266333,-0.001502613062945328,0.01107225964266333
fwd_6h,elastic_net,effective_gas_gwei_mean,1,0.010861640988247403,0.010861640988247403,0.004470944367613434,0.010861640988247403
fwd_6h,elastic_net,small_trade_mean,2,0.004395293427569995,0.008636836066361722,0.0016124396893122564,0.00879058685513999
fwd_6h,elastic_net,small_buy_count,1,0.00808864672042309,0.00808864672042309,0.001743591212087442,0.00808864672042309
fwd_6h,elastic_net,large_p05_net_flow_x_high_volume,4,0.0019750527036760212,0.007900210814704085,0.0004257429773566531,0.007900210814704085
fwd_6h,elastic_net,large_p05_volume_share,1,0.006976374545943838,0.006976374545943838,-0.0026316559911631803,0.006976374545943838
fwd_6h,elastic_net,buy_chog,1,0.0037006158949478857,0.0037006158949478857,-0.0015232733074238428,0.0037006158949478857
fwd_6h,elastic_net,main_pool_net_flow_x_non_main_opposes,1,0.002870684496998766,0.002870684496998766,-0.0006188056463147023,0.002870684496998766
fwd_6h,elastic_net,small_trade_std,1,0.00020609446368360695,0.00020609446368360695,-4.442578692815199e-05,0.00020609446368360695
fwd_6h,elastic_net,large_p01_count,1,0.0,0.0,0.0,0.0
fwd_6h,elastic_net,non_main_volume,1,0.0,0.0,0.0,0.0
fwd_6h,elastic_net,pools,1,0.0,0.0,0.0,0.0
fwd_6h,elastic_net,same_block_pool_event_count_max,1,0.0,0.0,0.0,0.0
fwd_6h,lightgbm,avg_price_quote_per_chog,3,0.2196567609044003,0.25509565370742043,4.5394981995147345,0.6589702827132009
fwd_6h,lightgbm,main_vs_other_divergence,5,0.08667188654831078,0.18456411203472037,1.181206078385003,0.43335943274155386
fwd_6h,lightgbm,large_p05_flow_pressure_z24,5,0.08544544980385299,0.18220749805314188,1.029364386666566,0.42722724901926495
fwd_6h,lightgbm,small_volume,3,0.12287556709843768,0.175212225640838,2.0127325401796647,0.36862670129531305
fwd_6h,lightgbm,large_p05_net_flow_z72,5,0.06743927548125839,0.108410816145146,1.4221721987705678,0.33719637740629194
fwd_6h,lightgbm,large_p10_volume_share,4,0.06471499280491892,0.08427997139014567,1.4635464099701494,0.2588599712196757
fwd_6h,lightgbm,small_net_flow,3,0.0753135598261885,0.08204590790913449,1.8584443876364578,0.2259406794785655
fwd_6h,lightgbm,non_main_net_flow,5,0.04117086386872547,0.08853882576791541,0.7965324860997498,0.20585431934362736
fwd_6h,lightgbm,large_p05_net_flow_z24,5,0.037149402528963,0.10835148382338872,0.4182004108093679,0.18574701264481502
fwd_6h,lightgbm,small_trade_density,3,0.06052365733906364,0.10638212385636267,0.8237999248861646,0.1815709720171909
fwd_6h,lightgbm,small_net_flow_pressure,3,0.05647136760160948,0.05800048073659965,1.4046250563114882,0.16941410280482844
fwd_6h,lightgbm,net_buy_chog_z24,4,0.04073338282020665,0.06982827799852212,0.5007257338438649,0.1629335312808266
fwd_6h,lightgbm,buy_events,4,0.0405255913440861,0.06640440376189681,0.9554953330662102,0.1621023653763444
fwd_6h,lightgbm,main_pool_flow_pressure_z24,2,0.06969665658660702,0.08076160408518109,1.5858803894370794,0.13939331317321405
fwd_6h,lightgbm,net_buy_chog,5,0.02187945461361169,0.040495040411041565,0.47159906569868326,0.10939727306805844
fwd_6h,lightgbm,sell_events,2,0.05409625574712491,0.060870031349190425,0.7498475111788139,0.10819251149424983
fwd_6h,lightgbm,effective_gas_gwei_mean,1,0.10515264994262119,0.10515264994262119,0.38312200061045587,0.10515264994262119
fwd_6h,lightgbm,small_trade_mean,2,0.0416077738134154,0.04204981835353262,1.152414961019531,0.0832155476268308
fwd_6h,lightgbm,net_buy_chog_z72,4,0.020056416069477404,0.04298578464396644,0.25466528144897893,0.08022566427790961
fwd_6h,lightgbm,same_block_pool_event_count_mean,2,0.0377454570236638,0.04195755745485941,0.23651400953531265,0.0754909140473276
fwd_6h,lightgbm,events,2,0.03449941084506301,0.04996380698781175,0.4232500739162788,0.06899882169012601
fwd_6h,lightgbm,non_main_volume,1,0.06443608896482632,0.06443608896482632,0.23477186099626124,0.06443608896482632
fwd_6h,lightgbm,net_buy_usd_at_price,5,0.012324350868300171,0.035775191852379956,0.12601909078657628,0.061621754341500856
fwd_6h,lightgbm,buy_sell_count_imbalance,2,0.024768133459285288,0.030436658207250514,0.6880278930766508,0.049536266918570576
fwd_6h,lightgbm,small_count_imbalance,2,0.0216632516888093,0.022418080682693284,0.6003452034201473,0.0433265033776186
fwd_6h,lightgbm,large_p05_flow_pressure,3,0.0124946502887249,0.03324149575395257,0.22857751115225255,0.037483950866174696
fwd_6h,lightgbm,small_sell_count,2,0.017079778448392532,0.02464467940169446,0.28460174129577354,0.034159556896785064
fwd_6h,lightgbm,non_main_flow_pressure,5,0.005825005808233192,0.015580275695314167,0.13173474865034224,0.029125029041165956
fwd_6h,lightgbm,large_p10_net_flow,3,0.00923401651857972,0.015598815652712147,0.21130671204688647,0.027702049555739162
fwd_6h,lightgbm,small_buy_count,1,0.022231373060854542,0.022231373060854542,0.6234044684097171,0.022231373060854542
fwd_6h,lightgbm,large_p05_net_flow_x_high_gas,5,0.00318450316052023,0.0099866866719243,0.07202909979969263,0.01592251580260115
fwd_6h,lightgbm,large_p10_count_share,3,0.0037718581161646867,0.009601759508214942,0.07805967967336376,0.01131557434849406
fwd_6h,lightgbm,small_trade_std,1,0.010634898767514592,0.010634898767514592,0.2982201501727104,0.010634898767514592
fwd_6h,lightgbm,dexes,1,0.009596397479927698,0.009596397479927698,0.03496432094834745,0.009596397479927698
fwd_6h,lightgbm,large_p10_buy_count,1,0.007361198831702546,0.007361198831702546,0.20642018970102072,0.007361198831702546
fwd_6h,lightgbm,large_p05_volume_share,1,0.006800746964440963,0.006800746964440963,0.1860671043395996,0.006800746964440963
fwd_6h,lightgbm,large_p05_sell_flow,1,0.006355528985676226,0.006355528985676226,0.06067876983433962,0.006355528985676226
fwd_6h,lightgbm,large_p05_net_flow,4,0.0010407971533059118,0.0033204625356871554,0.012871690123574808,0.004163188613223647
fwd_6h,lightgbm,pools,1,0.0034427760918716295,0.0034427760918716295,0.012543699704110622,0.0034427760918716295
fwd_6h,lightgbm,buy_chog,1,0.003400742228192211,0.003400742228192211,0.012390549993142486,0.003400742228192211
fwd_6h,lightgbm,same_block_pool_event_count_max,1,0.0029665986270546534,0.0029665986270546534,0.028323300182819366,0.0029665986270546534
fwd_6h,lightgbm,large_p05_net_flow_x_high_volume,4,0.00013689189355718537,0.0005475675742287415,0.00383867509663105,0.0005475675742287415
fwd_6h,lightgbm,large_p01_count,1,0.0,0.0,0.0,0.0
fwd_6h,lightgbm,large_p01_count_imbalance,5,0.0,0.0,0.0,0.0
fwd_6h,lightgbm,large_p01_count_share,2,0.0,0.0,0.0,0.0
fwd_6h,lightgbm,large_p01_flow_pressure,5,0.0,0.0,0.0,0.0
fwd_6h,lightgbm,large_p01_net_flow,5,0.0,0.0,0.0,0.0
fwd_6h,lightgbm,large_p01_sell_flow,5,0.0,0.0,0.0,0.0
fwd_6h,lightgbm,large_p01_volume,1,0.0,0.0,0.0,0.0
fwd_6h,lightgbm,large_p01_volume_share,3,0.0,0.0,0.0,0.0
fwd_6h,lightgbm,large_p10_flow_pressure,1,0.0,0.0,0.0,0.0
fwd_6h,lightgbm,main_pool_net_flow_x_non_main_opposes,1,0.0,0.0,0.0,0.0
fwd_6h,lightgbm,net_buy_pressure_x_prev_up,1,0.0,0.0,0.0,0.0
fwd_6h,random_forest,avg_price_quote_per_chog,3,0.23051716841696815,0.3442813216896887,0.23051716841696815,0.6915515052509045
fwd_6h,random_forest,large_p05_flow_pressure_z24,5,0.10721419140644681,0.28193043480499325,0.10721419140644681,0.5360709570322341
fwd_6h,random_forest,main_vs_other_divergence,5,0.08754220585214906,0.18486286357223192,0.08754220585214907,0.4377110292607453
fwd_6h,random_forest,small_volume,3,0.14587231697503658,0.19226136345052355,0.1458723169750366,0.43761695092510977
fwd_6h,random_forest,small_net_flow,3,0.11912850221698995,0.13147304518392927,0.11912850221698995,0.35738550665096985
fwd_6h,random_forest,large_p10_volume_share,4,0.08926518085092641,0.09791621384322277,0.08926518085092641,0.35706072340370565
fwd_6h,random_forest,non_main_net_flow,5,0.05026253382271624,0.10408032826909623,0.05026253382271625,0.2513126691135812
fwd_6h,random_forest,large_p05_net_flow_z24,5,0.03935795827155795,0.10839307567916454,0.03935795827155795,0.19678979135778973
fwd_6h,random_forest,buy_events,4,0.04697296929087579,0.08845143307396816,0.04697296929087579,0.18789187716350317
fwd_6h,random_forest,large_p05_net_flow_z72,5,0.037207494166638364,0.04996287434322073,0.037207494166638364,0.18603747083319183
fwd_6h,random_forest,small_net_flow_pressure,3,0.048304228807891814,0.06755628098173647,0.048304228807891814,0.14491268642367544
fwd_6h,random_forest,small_trade_density,3,0.039641495526597015,0.061226036608885134,0.03964149552659701,0.11892448657979104
fwd_6h,random_forest,main_pool_flow_pressure_z24,2,0.05510876398946654,0.06021586735685821,0.055108763989466555,0.11021752797893308
fwd_6h,random_forest,net_buy_chog_z24,4,0.02234271594749152,0.03223881706450225,0.02234271594749152,0.08937086378996607
fwd_6h,random_forest,effective_gas_gwei_mean,1,0.07315318563535107,0.07315318563535107,0.07315318563535107,0.07315318563535107
fwd_6h,random_forest,non_main_flow_pressure,5,0.013843662261905415,0.021630983916519568,0.013843662261905415,0.06921831130952708
fwd_6h,random_forest,net_buy_chog,5,0.013788493013705305,0.023327390521787568,0.013788493013705303,0.06894246506852653
fwd_6h,random_forest,small_trade_mean,2,0.03321818503055318,0.0358568593538508,0.033218185030553175,0.06643637006110636
fwd_6h,random_forest,net_buy_usd_at_price,5,0.013257138580406901,0.033065572339783245,0.013257138580406901,0.06628569290203451
fwd_6h,random_forest,non_main_volume,1,0.05752622059491603,0.05752622059491603,0.05752622059491603,0.05752622059491603
fwd_6h,random_forest,small_count_imbalance,2,0.02600780054249388,0.028053145316501694,0.02600780054249388,0.05201560108498776
fwd_6h,random_forest,buy_sell_count_imbalance,2,0.025350257049089393,0.03548563181879296,0.025350257049089386,0.05070051409817879
fwd_6h,random_forest,net_buy_chog_z72,4,0.01265236096831775,0.017147029253344513,0.01265236096831775,0.050609443873271
fwd_6h,random_forest,events,2,0.024453013772251973,0.02519475380581845,0.02445301377225198,0.04890602754450395
fwd_6h,random_forest,small_sell_count,2,0.01776984961896185,0.018123401925948378,0.01776984961896185,0.0355396992379237
fwd_6h,random_forest,sell_events,2,0.017688856606338826,0.024061597723571693,0.017688856606338826,0.03537771321267765
fwd_6h,random_forest,small_buy_count,1,0.031423883853994354,0.031423883853994354,0.03142388385399435,0.031423883853994354
fwd_6h,random_forest,large_p05_net_flow_x_high_gas,5,0.004509746168496419,0.010708307549553583,0.004509746168496419,0.022548730842482097
fwd_6h,random_forest,large_p05_flow_pressure,3,0.006360757798020075,0.01533684626335695,0.006360757798020076,0.019082273394060226
fwd_6h,random_forest,same_block_pool_event_count_mean,2,0.009529490993810199,0.01020281026856371,0.009529490993810199,0.019058981987620398
fwd_6h,random_forest,large_p05_sell_flow,1,0.018916246584000956,0.018916246584000956,0.018916246584000956,0.018916246584000956
fwd_6h,random_forest,buy_chog,1,0.017822779467716883,0.017822779467716883,0.017822779467716883,0.017822779467716883
fwd_6h,random_forest,large_p10_count_share,3,0.00543092296047312,0.006602506255710822,0.00543092296047312,0.01629276888141936
fwd_6h,random_forest,large_p05_net_flow,4,0.0034895910619233885,0.006636714115089733,0.0034895910619233885,0.013958364247693554
fwd_6h,random_forest,large_p10_net_flow,3,0.0045446905952965235,0.007231402389085176,0.0045446905952965235,0.01363407178588957
fwd_6h,random_forest,small_trade_std,1,0.010709209518809987,0.010709209518809987,0.010709209518809985,0.010709209518809987
fwd_6h,random_forest,pools,1,0.008733022750053577,0.008733022750053577,0.008733022750053577,0.008733022750053577
fwd_6h,random_forest,large_p05_volume_share,1,0.006892394387454747,0.006892394387454747,0.006892394387454747,0.006892394387454747
fwd_6h,random_forest,large_p05_net_flow_x_high_volume,4,0.0017217033323116732,0.005936905553714117,0.0017217033323116736,0.006886813329246693
fwd_6h,random_forest,large_p10_flow_pressure,1,0.005030467781204166,0.005030467781204166,0.005030467781204166,0.005030467781204166
fwd_6h,random_forest,same_block_pool_event_count_max,1,0.0039005533493349453,0.0039005533493349453,0.0039005533493349453,0.0039005533493349453
fwd_6h,random_forest,large_p10_buy_count,1,0.002450148772559931,0.002450148772559931,0.0024501487725599306,0.002450148772559931
fwd_6h,random_forest,large_p01_volume_share,3,0.0008104228153974197,0.0024312684461922592,0.0008104228153974199,0.0024312684461922592
fwd_6h,random_forest,dexes,1,0.001603149059593334,0.001603149059593334,0.001603149059593334,0.001603149059593334
fwd_6h,random_forest,large_p01_count_imbalance,5,0.00011916929729907815,0.0005958464864953908,0.00011916929729907813,0.0005958464864953908
fwd_6h,random_forest,main_pool_net_flow_x_non_main_opposes,1,0.00046373468707285726,0.00046373468707285726,0.0004637346870728572,0.00046373468707285726
fwd_6h,random_forest,large_p01_count,1,0.0,0.0,0.0,0.0
fwd_6h,random_forest,large_p01_count_share,2,0.0,0.0,0.0,0.0
fwd_6h,random_forest,large_p01_flow_pressure,5,0.0,0.0,0.0,0.0
fwd_6h,random_forest,large_p01_net_flow,5,0.0,0.0,0.0,0.0
fwd_6h,random_forest,large_p01_sell_flow,5,0.0,0.0,0.0,0.0
fwd_6h,random_forest,large_p01_volume,1,0.0,0.0,0.0,0.0
fwd_6h,random_forest,net_buy_pressure_x_prev_up,1,0.0,0.0,0.0,0.0
fwd_6h,ridge,large_p05_net_flow_z72,5,0.06915880901728767,0.11909560459358993,-0.01484432039623819,0.34579404508643835
fwd_6h,ridge,large_p05_net_flow_x_high_gas,5,0.057791647144353364,0.09170011263265397,0.014901149449173107,0.2889582357217668
fwd_6h,ridge,large_p10_net_flow,3,0.09319497880045326,0.14401592562945534,-0.024340415248471626,0.2795849364013598
fwd_6h,ridge,main_vs_other_divergence,5,0.052384326099481425,0.08853650459198337,-0.01361210076845433,0.26192163049740713
fwd_6h,ridge,avg_price_quote_per_chog,3,0.07754648747497687,0.14207599455914346,-0.01840548600847787,0.2326394624249306
fwd_6h,ridge,net_buy_chog,5,0.040459375163296465,0.055950221390569696,0.0060916847740848275,0.2022968758164823
fwd_6h,ridge,non_main_flow_pressure,5,0.04010985033490792,0.07654630533257929,-0.005888542306275363,0.20054925167453963
fwd_6h,ridge,large_p01_flow_pressure,5,0.03992197004029491,0.09131004484057303,0.00864920130918439,0.19960985020147454
fwd_6h,ridge,small_volume,3,0.06389035309513928,0.10157781158176463,0.014625157472062889,0.19167105928541783
fwd_6h,ridge,net_buy_usd_at_price,5,0.032928575451237514,0.06333010876794218,0.008605181638003816,0.16464287725618756
fwd_6h,ridge,large_p10_volume_share,4,0.03947024209615632,0.06149586253624263,-0.010319703393261173,0.1578809683846253
fwd_6h,ridge,large_p01_volume_share,3,0.05038485300654766,0.06826844331907324,-0.010451210695710993,0.15115455901964298
fwd_6h,ridge,buy_events,4,0.03684638177450267,0.06267768643162398,0.007792132837628607,0.14738552709801067
fwd_6h,ridge,small_sell_count,2,0.06111331787438226,0.0623428338333152,0.014294348362420446,0.12222663574876452
fwd_6h,ridge,large_p05_net_flow_z24,5,0.024339213276009748,0.06430173577827596,0.004206439544656848,0.12169606638004873
fwd_6h,ridge,large_p01_net_flow,5,0.02376452629256858,0.04565071699105899,0.004462147426667984,0.11882263146284291
fwd_6h,ridge,main_pool_flow_pressure_z24,2,0.05552079783622096,0.07632858558147744,0.01642835919283954,0.11104159567244191
fwd_6h,ridge,non_main_net_flow,5,0.020197434755951406,0.03147503108772235,-0.004818577403921712,0.10098717377975702
fwd_6h,ridge,small_trade_density,3,0.033390688360231555,0.035463473202208766,-0.008093515958113308,0.10017206508069466
fwd_6h,ridge,large_p05_flow_pressure,3,0.033055967650664354,0.05738893765150121,0.006583845206218806,0.09916790295199307
fwd_6h,ridge,small_net_flow,3,0.03168308015244736,0.053863263902925694,0.008483686471821501,0.09504924045734209
fwd_6h,ridge,large_p10_buy_count,1,0.09305792456199471,0.09305792456199471,-0.02292626689712885,0.09305792456199471
fwd_6h,ridge,small_net_flow_pressure,3,0.02936709203008016,0.04858945384686007,0.0080825240964156,0.08810127609024049
fwd_6h,ridge,net_buy_chog_z24,4,0.02201641920942931,0.03500114780523943,0.0032099101343108305,0.08806567683771724
fwd_6h,ridge,net_buy_pressure_x_prev_up,1,0.07788220691010561,0.07788220691010561,-0.013543257944119135,0.07788220691010561
fwd_6h,ridge,net_buy_chog_z72,4,0.01929280072396109,0.05539790226853276,0.003391013838372965,0.07717120289584437
fwd_6h,ridge,large_p01_count_share,2,0.0385406861724258,0.040393459547237436,0.007433491430830657,0.0770813723448516
fwd_6h,ridge,large_p05_net_flow,4,0.019253690063819738,0.032612493798472836,-0.0015403583491688615,0.07701476025527895
fwd_6h,ridge,large_p01_count_imbalance,5,0.013579822995910082,0.02067914819945683,-0.0032613702100238416,0.06789911497955041
fwd_6h,ridge,same_block_pool_event_count_mean,2,0.030385245696561185,0.043815811090227905,-0.005590851062659025,0.06077049139312237
fwd_6h,ridge,large_p05_flow_pressure_z24,5,0.012089216425092541,0.024538048697124226,0.0023521012072342615,0.06044608212546271
fwd_6h,ridge,large_p10_flow_pressure,1,0.05569259266029328,0.05569259266029328,-0.009684614469717075,0.05569259266029328
fwd_6h,ridge,large_p01_sell_flow,5,0.011008038779751778,0.04187233080738045,0.001730510530906866,0.05504019389875889
fwd_6h,ridge,large_p10_count_share,3,0.01646778931275029,0.0389046657399718,0.0033315451233528136,0.04940336793825087
fwd_6h,ridge,sell_events,2,0.020528295605487495,0.030520214314817377,-0.0018537453666292946,0.04105659121097499
fwd_6h,ridge,small_count_imbalance,2,0.020337210854831603,0.02863245295863702,-0.005415805090243229,0.040674421709663205
fwd_6h,ridge,large_p05_net_flow_x_high_volume,4,0.009451028247011922,0.0112692853783969,0.0015070720596627681,0.037804112988047686
fwd_6h,ridge,events,2,0.018594947392158463,0.028002288524842798,-0.004121262435755774,0.037189894784316925
fwd_6h,ridge,dexes,1,0.03215006365357405,0.03215006365357405,0.0055907070723198145,0.03215006365357405
fwd_6h,ridge,large_p01_volume,1,0.026047581200887224,0.026047581200887224,0.005472922231109726,0.026047581200887224
fwd_6h,ridge,pools,1,0.023983949411177815,0.023983949411177815,0.004170667810803115,0.023983949411177815
fwd_6h,ridge,small_buy_count,1,0.01991361781086634,0.01991361781086634,0.004906029432401457,0.01991361781086634
fwd_6h,ridge,large_p05_sell_flow,1,0.019837233076810006,0.019837233076810006,-0.004168050502366057,0.019837233076810006
fwd_6h,ridge,buy_sell_count_imbalance,2,0.0097269608028628,0.015639347191153945,-0.002922917914274806,0.0194539216057256
fwd_6h,ridge,buy_chog,1,0.0169326982139419,0.0169326982139419,-0.0029444966790172526,0.0169326982139419
fwd_6h,ridge,small_trade_mean,2,0.007436163673055342,0.0116006626651797,0.0014165485639049452,0.014872327346110685
fwd_6h,ridge,non_main_volume,1,0.011818872325474274,0.011818872325474274,0.002055232419097511,0.011818872325474274
fwd_6h,ridge,large_p05_volume_share,1,0.011342234125182794,0.011342234125182794,-0.0035580536854949154,0.011342234125182794
fwd_6h,ridge,effective_gas_gwei_mean,1,0.008838461629628152,0.008838461629628152,-0.0015369565197018286,0.008838461629628152
fwd_6h,ridge,main_pool_net_flow_x_non_main_opposes,1,0.005542463119927698,0.005542463119927698,-0.0013654719826714365,0.005542463119927698
fwd_6h,ridge,large_p01_count,1,0.005388523330657435,0.005388523330657435,0.001132196072324903,0.005388523330657435
fwd_6h,ridge,same_block_pool_event_count_max,1,0.004487068609971387,0.004487068609971387,-0.0009427891733452223,0.004487068609971387
fwd_6h,ridge,small_trade_std,1,0.001787110553422051,0.001787110553422051,-0.0004402824769118336,0.001787110553422051
fwd_6h,xgboost,non_main_net_flow,5,0.0631688031972846,0.08816857231445599,0.06316880434751511,0.315844015986423
fwd_6h,xgboost,large_p05_flow_pressure_z24,5,0.0462770413092343,0.07069671722358055,0.04627704247832298,0.2313852065461715
fwd_6h,xgboost,large_p10_volume_share,4,0.05640911543351762,0.06142234850869511,0.05640911404043436,0.22563646173407048
fwd_6h,xgboost,large_p05_net_flow_z72,5,0.04334800987418873,0.05173510104324057,0.043348009884357455,0.21674004937094365
fwd_6h,xgboost,main_vs_other_divergence,5,0.043126659505527645,0.06790004530362194,0.043126660585403445,0.2156332975276382
fwd_6h,xgboost,large_p05_net_flow_x_high_gas,5,0.04185679080458397,0.08949021133327581,0.041856791079044345,0.20928395402291983
fwd_6h,xgboost,large_p05_net_flow_z24,5,0.03744808520552062,0.062210175479366844,0.03744808621704578,0.1872404260276031
fwd_6h,xgboost,net_buy_chog,5,0.036359995343903176,0.06007260045952716,0.03635999634861946,0.18179997671951587
fwd_6h,xgboost,avg_price_quote_per_chog,3,0.056771787373338954,0.05906644137768517,0.05677178626259168,0.17031536212001686
fwd_6h,xgboost,small_volume,3,0.05478554268373029,0.0639056829598106,0.054785540948311486,0.16435662805119086
fwd_6h,xgboost,non_main_flow_pressure,5,0.032856942094325145,0.03943113128578632,0.032856942340731624,0.16428471047162574
fwd_6h,xgboost,small_net_flow,3,0.05369053223873015,0.05478183223460389,0.053690530359745026,0.16107159671619045
fwd_6h,xgboost,net_buy_usd_at_price,5,0.02929671085483889,0.04451579741531714,0.02929671136662364,0.14648355427419446
fwd_6h,xgboost,buy_events,4,0.03658987529821926,0.04522499105372692,0.03658987442031503,0.14635950119287705
fwd_6h,xgboost,small_trade_density,3,0.04696243284836091,0.048694778619246204,0.046962433805068336,0.14088729854508272
fwd_6h,xgboost,net_buy_chog_z24,4,0.03292784684444213,0.039349640245596285,0.03292784793302417,0.13171138737776852
fwd_6h,xgboost,small_net_flow_pressure,3,0.04283715942139648,0.051669969882183094,0.04283715784549713,0.12851147826418943
fwd_6h,xgboost,large_p01_flow_pressure,5,0.02428386130434588,0.055431488178632374,0.024283862486481667,0.12141930652172939
fwd_6h,xgboost,net_buy_chog_z72,4,0.029324938159457227,0.04650655527513685,0.029324939008802176,0.11729975263782891
fwd_6h,xgboost,large_p05_net_flow_x_high_volume,4,0.028461531994729707,0.05186997795310159,0.02846153313294053,0.11384612797891883
fwd_6h,xgboost,large_p05_net_flow,4,0.022327718268262943,0.06264256884329705,0.02232771785929799,0.08931087307305177
fwd_6h,xgboost,large_p05_flow_pressure,3,0.029379441101240314,0.038056739879706085,0.029379441713293392,0.08813832330372094
fwd_6h,xgboost,small_trade_mean,2,0.04389808504533088,0.048491604141213555,0.0438980832695961,0.08779617009066176
fwd_6h,xgboost,events,2,0.04357034176383501,0.05181616849691946,0.04357034154236317,0.08714068352767002
fwd_6h,xgboost,main_pool_flow_pressure_z24,2,0.037624348667192636,0.040353291056121676,0.03762434795498848,0.07524869733438527
fwd_6h,xgboost,large_p10_net_flow,3,0.024170665370530784,0.031547621891479145,0.02417066569129626,0.07251199611159236
fwd_6h,xgboost,small_sell_count,2,0.035983937292157236,0.04027323552341201,0.03598393686115742,0.07196787458431447
fwd_6h,xgboost,small_count_imbalance,2,0.03590326876298335,0.0406934882941606,0.035903267562389374,0.0718065375259667
fwd_6h,xgboost,buy_sell_count_imbalance,2,0.03475961042247795,0.03797957927457505,0.034759609028697014,0.0695192208449559
fwd_6h,xgboost,large_p10_count_share,3,0.022987305615733488,0.05146262957689297,0.022987304953858256,0.06896191684720046
fwd_6h,xgboost,sell_events,2,0.0337184484380675,0.0340869459535766,0.033718448132276535,0.067436896876135
fwd_6h,xgboost,large_p05_sell_flow,1,0.06713417829957,0.06713417829957,0.06713417917490005,0.06713417829957
fwd_6h,xgboost,same_block_pool_event_count_mean,2,0.03280716879800576,0.036115127563366795,0.03280717134475708,0.06561433759601153
fwd_6h,xgboost,large_p01_volume_share,3,0.020159198779467934,0.030264684535837187,0.020159198592106502,0.0604775963384038
fwd_6h,xgboost,large_p01_net_flow,5,0.012052099119077519,0.030727608320029357,0.012052098661661148,0.0602604955953876
fwd_6h,xgboost,non_main_volume,1,0.05449064483056751,0.05449064483056751,0.054490651935338974,0.05449064483056751
fwd_6h,xgboost,small_buy_count,1,0.05017043240343083,0.05017043240343083,0.050170429050922394,0.05017043240343083
fwd_6h,xgboost,effective_gas_gwei_mean,1,0.04938858476057475,0.04938858476057475,0.049388591200113297,0.04938858476057475
fwd_6h,xgboost,dexes,1,0.04608192066525212,0.04608192066525212,0.04608192667365074,0.04608192066525212
fwd_6h,xgboost,same_block_pool_event_count_max,1,0.040927383515067986,0.040927383515067986,0.04092738404870033,0.040927383515067986
fwd_6h,xgboost,large_p10_flow_pressure,1,0.03356860512904383,0.03356860512904383,0.0335686095058918,0.03356860512904383
fwd_6h,xgboost,large_p10_buy_count,1,0.03314995987202005,0.03314995987202005,0.03314995765686035,0.03314995987202005
fwd_6h,xgboost,buy_chog,1,0.02813268644867828,0.02813268644867828,0.028132690116763115,0.02813268644867828
fwd_6h,xgboost,large_p01_count_share,2,0.013622440220123004,0.02724488044024601,0.01362244039773941,0.02724488044024601
fwd_6h,xgboost,large_p05_volume_share,1,0.023714155146451962,0.023714155146451962,0.023714154958724976,0.023714155146451962
fwd_6h,xgboost,small_trade_std,1,0.019694856752740193,0.019694856752740193,0.0196948554366827,0.019694856752740193
fwd_6h,xgboost,large_p01_count,1,0.0,0.0,0.0,0.0
fwd_6h,xgboost,large_p01_count_imbalance,5,0.0,0.0,0.0,0.0
fwd_6h,xgboost,large_p01_sell_flow,5,0.0,0.0,0.0,0.0
fwd_6h,xgboost,large_p01_volume,1,0.0,0.0,0.0,0.0
fwd_6h,xgboost,main_pool_net_flow_x_non_main_opposes,1,0.0,0.0,0.0,0.0
fwd_6h,xgboost,net_buy_pressure_x_prev_up,1,0.0,0.0,0.0,0.0
fwd_6h,xgboost,pools,1,0.0,0.0,0.0,0.0
