hour_timestamp,hour_utc,symbol,price_usd,confidence,source_timestamp,source_datetime_utc,source_offset_seconds,fill_method
1777474800,2026-04-29T15:00:00Z,CHOG,0.000975556512338152,0.99,1777467536,2026-04-29T12:58:56Z,-7264,forward_fill
1777478400,2026-04-29T16:00:00Z,CHOG,0.000984009915128897,0.99,1777481935,2026-04-29T16:58:55Z,3535,observed
1777482000,2026-04-29T17:00:00Z,CHOG,0.000984009915128897,0.99,1777481935,2026-04-29T16:58:55Z,-65,forward_fill
1777485600,2026-04-29T18:00:00Z,CHOG,0.000984009915128897,0.99,1777481935,2026-04-29T16:58:55Z,-3665,forward_fill
1777489200,2026-04-29T19:00:00Z,CHOG,0.000984009915128897,0.99,1777481935,2026-04-29T16:58:55Z,-7265,forward_fill
1777492800,2026-04-29T20:00:00Z,CHOG,0.000856528931406451,0.99,1777496334,2026-04-29T20:58:54Z,3534,observed
1777496400,2026-04-29T21:00:00Z,CHOG,0.000856528931406451,0.99,1777496334,2026-04-29T20:58:54Z,-66,forward_fill
1777500000,2026-04-29T22:00:00Z,CHOG,0.000856528931406451,0.99,1777496334,2026-04-29T20:58:54Z,-3666,forward_fill
1777503600,2026-04-29T23:00:00Z,CHOG,0.000856528931406451,0.99,1777496334,2026-04-29T20:58:54Z,-7266,forward_fill
1777507200,2026-04-30T00:00:00Z,CHOG,0.001032163530846156,0.99,1777510740,2026-04-30T00:59:00Z,3540,observed
1777510800,2026-04-30T01:00:00Z,CHOG,0.001042023335029899,0.99,1777514336,2026-04-30T01:58:56Z,3536,observed
1777514400,2026-04-30T02:00:00Z,CHOG,0.001020191565950927,0.99,1777517939,2026-04-30T02:58:59Z,3539,observed
1777518000,2026-04-30T03:00:00Z,CHOG,0.000955755391729137,0.99,1777521539,2026-04-30T03:58:59Z,3539,observed
1777521600,2026-04-30T04:00:00Z,CHOG,0.000922068438980111,0.99,1777525140,2026-04-30T04:59:00Z,3540,observed
1777525200,2026-04-30T05:00:00Z,CHOG,0.000922068438980111,0.99,1777525140,2026-04-30T04:59:00Z,-60,forward_fill
1777528800,2026-04-30T06:00:00Z,CHOG,0.000922068438980111,0.99,1777525140,2026-04-30T04:59:00Z,-3660,forward_fill
1777532400,2026-04-30T07:00:00Z,CHOG,0.000922068438980111,0.99,1777525140,2026-04-30T04:59:00Z,-7260,forward_fill
1777536000,2026-04-30T08:00:00Z,CHOG,0.000960909501211781,0.99,1777539532,2026-04-30T08:58:52Z,3532,observed
1777539600,2026-04-30T09:00:00Z,CHOG,0.000960909501211781,0.99,1777539532,2026-04-30T08:58:52Z,-68,forward_fill
1777543200,2026-04-30T10:00:00Z,CHOG,0.000960909501211781,0.99,1777539532,2026-04-30T08:58:52Z,-3668,forward_fill
1777546800,2026-04-30T11:00:00Z,CHOG,0.000960909501211781,0.99,1777539532,2026-04-30T08:58:52Z,-7268,forward_fill
1777550400,2026-04-30T12:00:00Z,CHOG,0.000961462012151244,0.99,1777553944,2026-04-30T12:59:04Z,3544,observed
1777554000,2026-04-30T13:00:00Z,CHOG,0.000961462012151244,0.99,1777553944,2026-04-30T12:59:04Z,-56,forward_fill
1777557600,2026-04-30T14:00:00Z,CHOG,0.000961462012151244,0.99,1777553944,2026-04-30T12:59:04Z,-3656,forward_fill
1777561200,2026-04-30T15:00:00Z,CHOG,0.000961462012151244,0.99,1777553944,2026-04-30T12:59:04Z,-7256,forward_fill
1777564800,2026-04-30T16:00:00Z,CHOG,0.000993039870608597,0.99,1777568338,2026-04-30T16:58:58Z,3538,observed
1777568400,2026-04-30T17:00:00Z,CHOG,0.000993039870608597,0.99,1777568338,2026-04-30T16:58:58Z,-62,forward_fill
1777572000,2026-04-30T18:00:00Z,CHOG,0.000993039870608597,0.99,1777568338,2026-04-30T16:58:58Z,-3662,forward_fill
1777575600,2026-04-30T19:00:00Z,CHOG,0.000993039870608597,0.99,1777568338,2026-04-30T16:58:58Z,-7262,forward_fill
1777579200,2026-04-30T20:00:00Z,CHOG,0.001041295604185141,0.99,1777582738,2026-04-30T20:58:58Z,3538,observed
1777582800,2026-04-30T21:00:00Z,CHOG,0.001038295171311740,0.99,1777586339,2026-04-30T21:58:59Z,3539,observed
1777586400,2026-04-30T22:00:00Z,CHOG,0.001059812655757820,0.99,1777589940,2026-04-30T22:59:00Z,3540,observed
1777590000,2026-04-30T23:00:00Z,CHOG,0.001072714013857908,0.99,1777593537,2026-04-30T23:58:57Z,3537,observed
1777593600,2026-05-01T00:00:00Z,CHOG,0.001068834066060128,0.99,1777597130,2026-05-01T00:58:50Z,3530,observed
1777597200,2026-05-01T01:00:00Z,CHOG,0.001070573915889054,0.99,1777600735,2026-05-01T01:58:55Z,3535,observed
1777600800,2026-05-01T02:00:00Z,CHOG,0.001096096881420553,0.99,1777604338,2026-05-01T02:58:58Z,3538,observed
1777604400,2026-05-01T03:00:00Z,CHOG,0.001139087043840544,0.99,1777607938,2026-05-01T03:58:58Z,3538,observed
1777608000,2026-05-01T04:00:00Z,CHOG,0.001161803389917640,0.99,1777611536,2026-05-01T04:58:56Z,3536,observed
1777611600,2026-05-01T05:00:00Z,CHOG,0.001218218406615357,0.99,1777615144,2026-05-01T05:59:04Z,3544,observed
1777615200,2026-05-01T06:00:00Z,CHOG,0.001191745425203557,0.99,1777618743,2026-05-01T06:59:03Z,3543,observed
1777618800,2026-05-01T07:00:00Z,CHOG,0.001175415716169744,0.99,1777622334,2026-05-01T07:58:54Z,3534,observed
1777622400,2026-05-01T08:00:00Z,CHOG,0.001279266724387696,0.99,1777625937,2026-05-01T08:58:57Z,3537,observed
1777626000,2026-05-01T09:00:00Z,CHOG,0.001203031635047697,0.99,1777629540,2026-05-01T09:59:00Z,3540,observed
1777629600,2026-05-01T10:00:00Z,CHOG,0.001173197063647694,0.99,1777633135,2026-05-01T10:58:55Z,3535,observed
1777633200,2026-05-01T11:00:00Z,CHOG,0.001161453699300747,0.99,1777636738,2026-05-01T11:58:58Z,3538,observed
1777636800,2026-05-01T12:00:00Z,CHOG,0.001192387151699995,0.99,1777640339,2026-05-01T12:58:59Z,3539,observed
1777640400,2026-05-01T13:00:00Z,CHOG,0.001205062326705270,0.99,1777643940,2026-05-01T13:59:00Z,3540,observed
1777644000,2026-05-01T14:00:00Z,CHOG,0.001202608142133145,0.99,1777647537,2026-05-01T14:58:57Z,3537,observed
1777647600,2026-05-01T15:00:00Z,CHOG,0.001174979466156570,0.99,1777651138,2026-05-01T15:58:58Z,3538,observed
1777651200,2026-05-01T16:00:00Z,CHOG,0.001173099034609425,0.99,1777654745,2026-05-01T16:59:05Z,3545,observed
1777654800,2026-05-01T17:00:00Z,CHOG,0.001209394515170723,0.99,1777658338,2026-05-01T17:58:58Z,3538,observed
1777658400,2026-05-01T18:00:00Z,CHOG,0.001241983544763132,0.99,1777661937,2026-05-01T18:58:57Z,3537,observed
1777662000,2026-05-01T19:00:00Z,CHOG,0.001189328428299354,0.99,1777665536,2026-05-01T19:58:56Z,3536,observed
1777665600,2026-05-01T20:00:00Z,CHOG,0.001160282935460978,0.99,1777669143,2026-05-01T20:59:03Z,3543,observed
1777669200,2026-05-01T21:00:00Z,CHOG,0.001204978679127763,0.99,1777672738,2026-05-01T21:58:58Z,3538,observed
1777672800,2026-05-01T22:00:00Z,CHOG,0.001183359816653413,0.99,1777676340,2026-05-01T22:59:00Z,3540,observed
1777676400,2026-05-01T23:00:00Z,CHOG,0.001203588729941061,0.99,1777679938,2026-05-01T23:58:58Z,3538,observed
1777680000,2026-05-02T00:00:00Z,CHOG,0.001246413966596035,0.99,1777683537,2026-05-02T00:58:57Z,3537,observed
1777683600,2026-05-02T01:00:00Z,CHOG,0.001144080189805978,0.99,1777687135,2026-05-02T01:58:55Z,3535,observed
1777687200,2026-05-02T02:00:00Z,CHOG,0.001149937963297125,0.99,1777690732,2026-05-02T02:58:52Z,3532,observed
1777690800,2026-05-02T03:00:00Z,CHOG,0.001144436230143319,0.99,1777694334,2026-05-02T03:58:54Z,3534,observed
1777694400,2026-05-02T04:00:00Z,CHOG,0.001083319673822173,0.99,1777697934,2026-05-02T04:58:54Z,3534,observed
1777698000,2026-05-02T05:00:00Z,CHOG,0.001092874595570437,0.99,1777701538,2026-05-02T05:58:58Z,3538,observed
1777701600,2026-05-02T06:00:00Z,CHOG,0.001087132618091735,0.99,1777705133,2026-05-02T06:58:53Z,3533,observed
1777705200,2026-05-02T07:00:00Z,CHOG,0.001121881970559974,0.99,1777708734,2026-05-02T07:58:54Z,3534,observed
1777708800,2026-05-02T08:00:00Z,CHOG,0.001126495694813664,0.99,1777712334,2026-05-02T08:58:54Z,3534,observed
1777712400,2026-05-02T09:00:00Z,CHOG,0.001144186218389651,0.99,1777715936,2026-05-02T09:58:56Z,3536,observed
1777716000,2026-05-02T10:00:00Z,CHOG,0.001161357065622721,0.99,1777719537,2026-05-02T10:58:57Z,3537,observed
1777719600,2026-05-02T11:00:00Z,CHOG,0.001129324339752421,0.99,1777723133,2026-05-02T11:58:53Z,3533,observed
1777723200,2026-05-02T12:00:00Z,CHOG,0.001129632212446376,0.99,1777726743,2026-05-02T12:59:03Z,3543,observed
1777726800,2026-05-02T13:00:00Z,CHOG,0.001143381361556035,0.99,1777730334,2026-05-02T13:58:54Z,3534,observed
1777730400,2026-05-02T14:00:00Z,CHOG,0.001160139725745475,0.99,1777733940,2026-05-02T14:59:00Z,3540,observed
1777734000,2026-05-02T15:00:00Z,CHOG,0.001163244017214765,0.99,1777737537,2026-05-02T15:58:57Z,3537,observed
1777737600,2026-05-02T16:00:00Z,CHOG,0.001197920491865837,0.99,1777741134,2026-05-02T16:58:54Z,3534,observed
1777741200,2026-05-02T17:00:00Z,CHOG,0.001191300458483119,0.99,1777744737,2026-05-02T17:58:57Z,3537,observed
1777744800,2026-05-02T18:00:00Z,CHOG,0.001171361576645851,0.99,1777748334,2026-05-02T18:58:54Z,3534,observed
1777748400,2026-05-02T19:00:00Z,CHOG,0.001165480952270088,0.99,1777751936,2026-05-02T19:58:56Z,3536,observed
1777752000,2026-05-02T20:00:00Z,CHOG,0.001174656849764030,0.99,1777755538,2026-05-02T20:58:58Z,3538,observed
1777755600,2026-05-02T21:00:00Z,CHOG,0.001163216456183481,0.99,1777759134,2026-05-02T21:58:54Z,3534,observed
1777759200,2026-05-02T22:00:00Z,CHOG,0.001143411636387388,0.99,1777762735,2026-05-02T22:58:55Z,3535,observed
1777762800,2026-05-02T23:00:00Z,CHOG,0.001144493466449474,0.99,1777766337,2026-05-02T23:58:57Z,3537,observed
1777766400,2026-05-03T00:00:00Z,CHOG,0.001161777752302817,0.99,1777769939,2026-05-03T00:58:59Z,3539,observed
1777770000,2026-05-03T01:00:00Z,CHOG,0.001147533736639137,0.99,1777773538,2026-05-03T01:58:58Z,3538,observed
1777773600,2026-05-03T02:00:00Z,CHOG,0.001175032578095245,0.99,1777777139,2026-05-03T02:58:59Z,3539,observed
1777777200,2026-05-03T03:00:00Z,CHOG,0.001182877290406838,0.99,1777780734,2026-05-03T03:58:54Z,3534,observed
1777780800,2026-05-03T04:00:00Z,CHOG,0.001139948504570697,0.99,1777784343,2026-05-03T04:59:03Z,3543,observed
1777784400,2026-05-03T05:00:00Z,CHOG,0.001112681680599249,0.99,1777787937,2026-05-03T05:58:57Z,3537,observed
1777788000,2026-05-03T06:00:00Z,CHOG,0.001114413422908659,0.99,1777791538,2026-05-03T06:58:58Z,3538,observed
1777791600,2026-05-03T07:00:00Z,CHOG,0.001110065468735950,0.99,1777795137,2026-05-03T07:58:57Z,3537,observed
1777795200,2026-05-03T08:00:00Z,CHOG,0.001114567845494228,0.99,1777798734,2026-05-03T08:58:54Z,3534,observed
1777798800,2026-05-03T09:00:00Z,CHOG,0.001139284176431334,0.99,1777802336,2026-05-03T09:58:56Z,3536,observed
1777802400,2026-05-03T10:00:00Z,CHOG,0.001115809496405029,0.99,1777805934,2026-05-03T10:58:54Z,3534,observed
1777806000,2026-05-03T11:00:00Z,CHOG,0.001117819155763901,0.99,1777809533,2026-05-03T11:58:53Z,3533,observed
1777809600,2026-05-03T12:00:00Z,CHOG,0.001101095001700876,0.99,1777813134,2026-05-03T12:58:54Z,3534,observed
1777813200,2026-05-03T13:00:00Z,CHOG,0.001104866145049580,0.99,1777816734,2026-05-03T13:58:54Z,3534,observed
1777816800,2026-05-03T14:00:00Z,CHOG,0.001096792505011729,0.99,1777820337,2026-05-03T14:58:57Z,3537,observed
1777820400,2026-05-03T15:00:00Z,CHOG,0.001008084003652137,0.99,1777823935,2026-05-03T15:58:55Z,3535,observed
1777824000,2026-05-03T16:00:00Z,CHOG,0.000977562139485635,0.99,1777827534,2026-05-03T16:58:54Z,3534,observed
1777827600,2026-05-03T17:00:00Z,CHOG,0.000977562139485635,0.99,1777827534,2026-05-03T16:58:54Z,-66,forward_fill
1777831200,2026-05-03T18:00:00Z,CHOG,0.000977562139485635,0.99,1777827534,2026-05-03T16:58:54Z,-3666,forward_fill
1777834800,2026-05-03T19:00:00Z,CHOG,0.000977562139485635,0.99,1777827534,2026-05-03T16:58:54Z,-7266,forward_fill
1777838400,2026-05-03T20:00:00Z,CHOG,0.000985119410019146,0.99,1777841939,2026-05-03T20:58:59Z,3539,observed
1777842000,2026-05-03T21:00:00Z,CHOG,0.000985119410019146,0.99,1777841939,2026-05-03T20:58:59Z,-61,forward_fill
1777845600,2026-05-03T22:00:00Z,CHOG,0.000985119410019146,0.99,1777841939,2026-05-03T20:58:59Z,-3661,forward_fill
1777849200,2026-05-03T23:00:00Z,CHOG,0.000985119410019146,0.99,1777841939,2026-05-03T20:58:59Z,-7261,forward_fill
1777852800,2026-05-04T00:00:00Z,CHOG,0.001006359036511950,0.99,1777856339,2026-05-04T00:58:59Z,3539,observed
1777856400,2026-05-04T01:00:00Z,CHOG,0.000994111298175567,0.99,1777859934,2026-05-04T01:58:54Z,3534,observed
1777860000,2026-05-04T02:00:00Z,CHOG,0.000994111298175567,0.99,1777859934,2026-05-04T01:58:54Z,-66,forward_fill
1777863600,2026-05-04T03:00:00Z,CHOG,0.000994111298175567,0.99,1777859934,2026-05-04T01:58:54Z,-3666,forward_fill
1777867200,2026-05-04T04:00:00Z,CHOG,0.001076881741605858,0.99,1777870736,2026-05-04T04:58:56Z,3536,observed
1777870800,2026-05-04T05:00:00Z,CHOG,0.001075285225481454,0.99,1777874337,2026-05-04T05:58:57Z,3537,observed
1777874400,2026-05-04T06:00:00Z,CHOG,0.001088665273168071,0.99,1777877938,2026-05-04T06:58:58Z,3538,observed
1777878000,2026-05-04T07:00:00Z,CHOG,0.001082828830876627,0.99,1777881542,2026-05-04T07:59:02Z,3542,observed
1777881600,2026-05-04T08:00:00Z,CHOG,0.001084019641972734,0.99,1777885133,2026-05-04T08:58:53Z,3533,observed
1777885200,2026-05-04T09:00:00Z,CHOG,0.001069438250550695,0.99,1777888736,2026-05-04T09:58:56Z,3536,observed
1777888800,2026-05-04T10:00:00Z,CHOG,0.001032614881021173,0.99,1777892334,2026-05-04T10:58:54Z,3534,observed
1777892400,2026-05-04T11:00:00Z,CHOG,0.000953757353441364,0.99,1777895925,2026-05-04T11:58:45Z,3525,observed
1777896000,2026-05-04T12:00:00Z,CHOG,0.000992675440241408,0.99,1777899536,2026-05-04T12:58:56Z,3536,observed
1777899600,2026-05-04T13:00:00Z,CHOG,0.000992675440241408,0.99,1777899536,2026-05-04T12:58:56Z,-64,forward_fill
1777903200,2026-05-04T14:00:00Z,CHOG,0.000992675440241408,0.99,1777899536,2026-05-04T12:58:56Z,-3664,forward_fill
1777906800,2026-05-04T15:00:00Z,CHOG,0.000992675440241408,0.99,1777899536,2026-05-04T12:58:56Z,-7264,forward_fill
1777910400,2026-05-04T16:00:00Z,CHOG,0.001026165202532414,0.99,1777913924,2026-05-04T16:58:44Z,3524,observed
1777914000,2026-05-04T17:00:00Z,CHOG,0.001042174183292645,0.99,1777917546,2026-05-04T17:59:06Z,3546,observed
1777917600,2026-05-04T18:00:00Z,CHOG,0.001065373071491328,0.99,1777921144,2026-05-04T18:59:04Z,3544,observed
1777921200,2026-05-04T19:00:00Z,CHOG,0.001044574930210158,0.99,1777924694,2026-05-04T19:58:14Z,3494,observed
1777924800,2026-05-04T20:00:00Z,CHOG,0.001028411203476588,0.99,1777928289,2026-05-04T20:58:09Z,3489,observed
1777928400,2026-05-04T21:00:00Z,CHOG,0.001037914912574413,0.99,1777931946,2026-05-04T21:59:06Z,3546,observed
1777932000,2026-05-04T22:00:00Z,CHOG,0.001127857500978110,0.99,1777935497,2026-05-04T22:58:17Z,3497,observed
1777935600,2026-05-04T23:00:00Z,CHOG,0.001110965445165758,0.99,1777939091,2026-05-04T23:58:11Z,3491,observed
1777939200,2026-05-05T00:00:00Z,CHOG,0.001068934190474207,0.99,1777942686,2026-05-05T00:58:06Z,3486,observed
1777942800,2026-05-05T01:00:00Z,CHOG,0.001085392674436380,0.99,1777946345,2026-05-05T01:59:05Z,3545,observed
1777946400,2026-05-05T02:00:00Z,CHOG,0.001078503154905653,0.99,1777949891,2026-05-05T02:58:11Z,3491,observed
1777950000,2026-05-05T03:00:00Z,CHOG,0.001101802915337876,0.99,1777953491,2026-05-05T03:58:11Z,3491,observed
1777953600,2026-05-05T04:00:00Z,CHOG,0.001130856969803628,0.99,1777957145,2026-05-05T04:59:05Z,3545,observed
1777957200,2026-05-05T05:00:00Z,CHOG,0.001120621219462298,0.99,1777960697,2026-05-05T05:58:17Z,3497,observed
1777960800,2026-05-05T06:00:00Z,CHOG,0.001141948687852599,0.99,1777964289,2026-05-05T06:58:09Z,3489,observed
1777964400,2026-05-05T07:00:00Z,CHOG,0.001129670182789588,0.99,1777967885,2026-05-05T07:58:05Z,3485,observed
1777968000,2026-05-05T08:00:00Z,CHOG,0.001125924649162064,0.99,1777971545,2026-05-05T08:59:05Z,3545,observed
1777971600,2026-05-05T09:00:00Z,CHOG,0.001099698828189965,0.99,1777975146,2026-05-05T09:59:06Z,3546,observed
1777975200,2026-05-05T10:00:00Z,CHOG,0.001161659905665008,0.99,1777978701,2026-05-05T10:58:21Z,3501,observed
1777978800,2026-05-05T11:00:00Z,CHOG,0.001157761931151242,0.99,1777982295,2026-05-05T11:58:15Z,3495,observed
1777982400,2026-05-05T12:00:00Z,CHOG,0.001269767456016525,0.99,1777985889,2026-05-05T12:58:09Z,3489,observed
1777986000,2026-05-05T13:00:00Z,CHOG,0.001358302787168449,0.99,1777989491,2026-05-05T13:58:11Z,3491,observed
1777989600,2026-05-05T14:00:00Z,CHOG,0.001255596742070412,0.99,1777993077,2026-05-05T14:57:57Z,3477,observed
1777993200,2026-05-05T15:00:00Z,CHOG,0.001281322218698195,0.99,1777996735,2026-05-05T15:58:55Z,3535,observed
1777996800,2026-05-05T16:00:00Z,CHOG,0.001259396868648205,0.99,1778000332,2026-05-05T16:58:52Z,3532,observed
1778000400,2026-05-05T17:00:00Z,CHOG,0.001282759159630672,0.99,1778003933,2026-05-05T17:58:53Z,3533,observed
1778004000,2026-05-05T18:00:00Z,CHOG,0.001307422212969387,0.99,1778007541,2026-05-05T18:59:01Z,3541,observed
1778007600,2026-05-05T19:00:00Z,CHOG,0.001271045072185337,0.99,1778011136,2026-05-05T19:58:56Z,3536,observed
1778011200,2026-05-05T20:00:00Z,CHOG,0.001303592798549859,0.99,1778014737,2026-05-05T20:58:57Z,3537,observed
1778014800,2026-05-05T21:00:00Z,CHOG,0.001299214439952690,0.99,1778018337,2026-05-05T21:58:57Z,3537,observed
1778018400,2026-05-05T22:00:00Z,CHOG,0.001224094733199416,0.99,1778021941,2026-05-05T22:59:01Z,3541,observed
1778022000,2026-05-05T23:00:00Z,CHOG,0.001214608075883097,0.99,1778025536,2026-05-05T23:58:56Z,3536,observed
1778025600,2026-05-06T00:00:00Z,CHOG,0.001214271021822384,0.99,1778029132,2026-05-06T00:58:52Z,3532,observed
1778029200,2026-05-06T01:00:00Z,CHOG,0.001231570573539818,0.99,1778032746,2026-05-06T01:59:06Z,3546,observed
1778032800,2026-05-06T02:00:00Z,CHOG,0.001219691691701603,0.99,1778036338,2026-05-06T02:58:58Z,3538,observed
1778036400,2026-05-06T03:00:00Z,CHOG,0.001225524532183934,0.99,1778039932,2026-05-06T03:58:52Z,3532,observed
1778040000,2026-05-06T04:00:00Z,CHOG,0.001215955591793381,0.99,1778043539,2026-05-06T04:58:59Z,3539,observed
1778043600,2026-05-06T05:00:00Z,CHOG,0.001215622544202201,0.99,1778047134,2026-05-06T05:58:54Z,3534,observed
1778047200,2026-05-06T06:00:00Z,CHOG,0.001270109236290638,0.99,1778050737,2026-05-06T06:58:57Z,3537,observed
1778050800,2026-05-06T07:00:00Z,CHOG,0.001463006703872337,0.99,1778054336,2026-05-06T07:58:56Z,3536,observed
1778054400,2026-05-06T08:00:00Z,CHOG,0.001323871675857540,0.99,1778057876,2026-05-06T08:57:56Z,3476,observed
1778058000,2026-05-06T09:00:00Z,CHOG,0.001313717898779307,0.99,1778061536,2026-05-06T09:58:56Z,3536,observed
1778061600,2026-05-06T10:00:00Z,CHOG,0.001338907545504996,0.99,1778065136,2026-05-06T10:58:56Z,3536,observed
1778065200,2026-05-06T11:00:00Z,CHOG,0.001411437874187686,0.99,1778068680,2026-05-06T11:58:00Z,3480,observed
1778068800,2026-05-06T12:00:00Z,CHOG,0.001569971548203004,0.99,1778072346,2026-05-06T12:59:06Z,3546,observed
1778072400,2026-05-06T13:00:00Z,CHOG,0.001509697521889851,0.99,1778075934,2026-05-06T13:58:54Z,3534,observed
1778076000,2026-05-06T14:00:00Z,CHOG,0.001462409849755116,0.99,1778079538,2026-05-06T14:58:58Z,3538,observed
