signal_date,n_labels,n_events,mean_quote_amount,gross_6h_mean,net0_6h_mean,net100_6h_mean,net0_positive_rate,group,event_share_in_group
2026-04-10,220,220,3897.2967971296243,0.010935379844934532,-0.011385110944874023,-0.03138511094487401,0.37272727272727274,high_event_density_p90,0.2093244529019981
2026-05-06,110,110,5786.845468329408,0.08379765354920292,0.06219279412906248,0.04219279412906247,0.39090909090909093,high_event_density_p90,0.10466222645099905
2026-04-11,100,100,6257.377060324999,-0.019592072272492985,-0.04178320987982047,-0.061783209879820465,0.43,high_event_density_p90,0.09514747859181731
2026-04-28,98,98,1660.7078367490951,0.01698219657100802,-0.005006360148760489,-0.025006360148760464,0.5510204081632653,high_event_density_p90,0.09324452901998097
2026-04-26,95,95,1877.2527355839554,0.03842299393442175,0.01722127269465276,-0.0027787273053472054,0.7789473684210526,high_event_density_p90,0.09039010466222645
2026-04-12,88,88,1495.19838716853,0.05171092838209022,0.02993851554617729,0.009938515546177305,0.9431818181818182,high_event_density_p90,0.08372978116079924
2026-04-09,79,79,3618.3371113302883,0.05780225603762468,0.03522175401412316,0.015221754014123175,0.810126582278481,high_event_density_p90,0.07516650808753568
2026-04-24,53,53,3287.753697421923,0.10677649758877912,0.08549313543252837,0.06549313543252838,1.0,high_event_density_p90,0.05042816365366318
2026-04-13,42,42,885.3916277488764,-0.005934015467861865,-0.027364027780308553,-0.04736402778030856,0.023809523809523808,high_event_density_p90,0.039961941008563276
2026-04-22,42,42,2766.8832171269423,-0.08577258195008877,-0.10739433244073632,-0.1273943324407363,0.0,high_event_density_p90,0.039961941008563276
2026-04-08,21,21,3791.871146832974,-0.06917236977413996,-0.09074594312080354,-0.11074594312080352,0.2857142857142857,high_event_density_p90,0.019980970504281638
2026-04-14,20,20,1305.6419935184053,0.03165523281393005,0.00957434460101058,-0.010425655398989373,0.7,high_event_density_p90,0.019029495718363463
2026-04-18,17,17,1614.2352795465054,0.02526451123336748,0.0008033211642839412,-0.019196678835716054,0.35294117647058826,high_event_density_p90,0.016175071360608945
2026-04-23,14,14,4007.3956054601103,-0.07062522319438176,-0.09236984928011165,-0.11236984928011165,0.0,high_event_density_p90,0.013320647002854425
2026-04-29,10,10,1883.9822470789954,-0.01051202370057717,-0.03174286139041798,-0.05174286139041795,0.3,high_event_density_p90,0.009514747859181731
2026-04-16,9,9,3738.10763818467,-0.0016695449675690997,-0.0231689219767031,-0.043168921976703106,0.0,high_event_density_p90,0.008563273073263558
2026-05-03,8,8,2941.5936418972374,-0.009395701232563575,-0.030421580134194715,-0.05042158013419471,0.0,high_event_density_p90,0.007611798287345386
2026-05-05,6,6,6007.1346313176955,0.033051026842929564,0.011870212185714116,-0.008129787814285867,0.6666666666666666,high_event_density_p90,0.005708848715509039
2026-04-27,5,5,344.48396321927595,0.00989069975233476,-0.01331459104652086,-0.03331459104652082,0.4,high_event_density_p90,0.004757373929590866
2026-05-07,4,4,5500.19592591295,-0.004094403760625525,-0.028398987163732823,-0.04839898716373282,0.0,high_event_density_p90,0.003805899143672693
2026-04-17,4,4,593.0698206659679,-0.016260428425410874,-0.03726427027834338,-0.057264270278343375,0.0,high_event_density_p90,0.003805899143672693
2026-05-04,2,2,217.95594417100097,-0.01330810246424045,-0.037992073456060496,-0.05799207345606045,0.0,high_event_density_p90,0.0019029495718363464
2026-05-02,2,2,390.45765604752785,-0.03653741186583155,-0.05825081700525575,-0.07825081700525575,0.0,high_event_density_p90,0.0019029495718363464
2026-04-15,1,1,990.0,0.121326132865599,0.1009180520575182,0.0809180520575182,1.0,high_event_density_p90,0.0009514747859181732
2026-05-01,1,1,10757.307213245507,-0.073004045719252,-0.0930178952721528,-0.1130178952721528,0.0,high_event_density_p90,0.0009514747859181732
2026-04-10,219,219,5111.806683579791,0.015583541199385952,-0.007387952132654768,-0.027387952132654766,0.3013698630136986,high_prior_main_volume_p90,0.20091743119266056
2026-04-11,135,135,6747.080713512067,-0.03495162112343035,-0.057125861022393,-0.077125861022393,0.4,high_prior_main_volume_p90,0.12385321100917432
2026-05-06,130,130,5230.933708926711,0.06959900273996122,0.04739399592831982,0.027393995928319825,0.5076923076923077,high_prior_main_volume_p90,0.11926605504587157
2026-04-09,104,104,5123.018932311479,0.06639071821152263,0.044396294810344586,0.024396294810344592,0.7884615384615384,high_prior_main_volume_p90,0.09541284403669725
2026-04-12,103,103,2330.4845488609503,0.05156562491883228,0.029438573818794275,0.009438573818794286,0.8446601941747572,high_prior_main_volume_p90,0.0944954128440367
2026-04-26,70,70,1794.8595295023838,0.04347578016528672,0.02224030544677508,0.0022403054467751114,0.8857142857142857,high_prior_main_volume_p90,0.06422018348623854
2026-04-24,48,48,2972.978532944566,-0.037813204420415504,-0.059307219495418805,-0.07930721949541882,0.6041666666666666,high_prior_main_volume_p90,0.044036697247706424
2026-04-18,39,39,3611.8550078913045,0.04219822593563381,0.018007232169457505,-0.0019927678305424945,0.5897435897435898,high_prior_main_volume_p90,0.03577981651376147
2026-04-28,26,26,2975.123086787637,0.0045547450201333505,-0.017736545352222695,-0.03773654535222268,0.5769230769230769,high_prior_main_volume_p90,0.023853211009174313
2026-05-07,21,21,7061.1041922647355,0.012968874625534092,-0.010349850552088966,-0.03034985055208894,0.38095238095238093,high_prior_main_volume_p90,0.01926605504587156
2026-05-03,21,21,4180.548579283698,-0.0013139444119548236,-0.02179539797432991,-0.0417953979743299,0.09523809523809523,high_prior_main_volume_p90,0.01926605504587156
2026-04-27,20,20,3096.8525603187272,0.028359543689494737,0.00429580551590263,-0.015704194484097315,0.7,high_prior_main_volume_p90,0.01834862385321101
2026-04-23,19,19,3134.732722088079,-0.0706083388771995,-0.09262582278110398,-0.112625822781104,0.0,high_prior_main_volume_p90,0.01743119266055046
2026-04-22,19,19,3183.3812536001337,-0.08408034556452713,-0.10441384985810165,-0.12441384985810164,0.0,high_prior_main_volume_p90,0.01743119266055046
2026-05-04,17,17,5751.1548204857445,-0.05854112639539191,-0.08027828307417574,-0.10027828307417574,0.0,high_prior_main_volume_p90,0.015596330275229359
2026-04-15,16,16,3260.424029364231,0.14586012109441338,0.12352238261031241,0.10352238261031241,1.0,high_prior_main_volume_p90,0.014678899082568808
2026-04-14,16,16,1536.214990513072,0.02220879024708345,-0.0005159131865367752,-0.020515913186536724,0.5625,high_prior_main_volume_p90,0.014678899082568808
2026-04-29,15,15,6062.977830561807,-0.012243248548271553,-0.035934762185858164,-0.05593476218585814,0.3333333333333333,high_prior_main_volume_p90,0.013761467889908258
2026-04-08,12,12,7605.3903096068125,0.009115143176905543,-0.01223384176960171,-0.03223384176960168,0.5,high_prior_main_volume_p90,0.011009174311926606
2026-04-16,12,12,3195.3549368123204,-0.041345041236491006,-0.06281144301451948,-0.0828114430145195,0.0,high_prior_main_volume_p90,0.011009174311926606
2026-04-17,11,11,2861.292498895796,0.06832229098041785,0.04601202083489549,0.02601202083489548,1.0,high_prior_main_volume_p90,0.010091743119266056
2026-04-13,6,6,250.66982318311645,-0.024051028457390548,-0.04641499192192549,-0.06641499192192547,0.0,high_prior_main_volume_p90,0.005504587155963303
2026-05-05,6,6,2998.5792695706064,-0.051980829669163876,-0.07496178298349376,-0.09496178298349377,0.0,high_prior_main_volume_p90,0.005504587155963303
2026-05-01,3,3,3605.8854610097883,-0.07848981324545627,-0.10225860560937146,-0.12225860560937146,0.0,high_prior_main_volume_p90,0.0027522935779816515
2026-04-07,1,1,20.0,-0.03849526090087,-0.07841133490087,-0.09841133490087,0.0,high_prior_main_volume_p90,0.0009174311926605505
2026-04-25,1,1,4630.0111588164655,-0.0664621986158022,-0.0864953246765436,-0.1064953246765436,0.0,high_prior_main_volume_p90,0.0009174311926605505
2026-04-26,28,28,479.60852504051616,-0.004335410882026583,-0.028456613866728587,-0.04845661386672858,0.14285714285714285,high_small_noise_p90,0.13725490196078433
2026-04-27,19,19,2011.9974044829949,-0.06714695189136778,-0.08911730426992806,-0.10911730426992806,0.0,high_small_noise_p90,0.09313725490196079
2026-04-25,18,18,2751.174810999407,0.02315152624788025,0.0015196128198456873,-0.018480387180154295,0.5555555555555556,high_small_noise_p90,0.08823529411764706
2026-05-01,12,12,986.3231155014468,-0.009818888856731881,-0.030683719883847483,-0.050683719883847476,0.3333333333333333,high_small_noise_p90,0.058823529411764705
2026-04-11,9,9,10364.620792023825,0.042680688448120035,0.02227944308220782,0.0022794430822078346,0.5555555555555556,high_small_noise_p90,0.04411764705882353
2026-04-29,9,9,839.8029631317246,0.007007268561572688,-0.013814485475261911,-0.033814485475261905,0.3333333333333333,high_small_noise_p90,0.04411764705882353
2026-04-20,9,9,2519.290017271591,0.010274755705358544,-0.014061063888272211,-0.034061063888272174,0.3333333333333333,high_small_noise_p90,0.04411764705882353
2026-04-16,9,9,3204.2616438238165,-0.008541283169501333,-0.031774048333457365,-0.05177404833345736,0.2222222222222222,high_small_noise_p90,0.04411764705882353
2026-04-19,8,8,1475.6410520530762,0.09975373277384698,0.07687955954144424,0.056879559541444226,0.125,high_small_noise_p90,0.0392156862745098
2026-04-23,8,8,226.66927151110661,0.06449633439230526,0.0422549593780552,0.022254959378055213,0.875,high_small_noise_p90,0.0392156862745098
2026-04-14,8,8,1213.264365734781,-0.0133139623205012,-0.034016628447814674,-0.054016628447814685,0.25,high_small_noise_p90,0.0392156862745098
2026-04-17,8,8,8497.613157767608,-0.024029030667071787,-0.04586097185777593,-0.06586097185777592,0.0,high_small_noise_p90,0.0392156862745098
2026-04-15,7,7,4513.817870718381,-0.021862891152582168,-0.04267015768528924,-0.06267015768528925,0.2857142857142857,high_small_noise_p90,0.03431372549019608
2026-04-30,6,6,747.3977013514004,0.04536559129647633,0.023449375837593083,0.003449375837593117,0.8333333333333334,high_small_noise_p90,0.029411764705882353
2026-04-28,6,6,3063.0170050391666,-0.011881606726473481,-0.032173023667904595,-0.05217302366790461,0.16666666666666666,high_small_noise_p90,0.029411764705882353
2026-04-12,6,6,1052.0656710964913,-0.0422012931873491,-0.0629868109249287,-0.0829868109249287,0.16666666666666666,high_small_noise_p90,0.029411764705882353
2026-04-22,5,5,808.6970958507391,0.07667280179849284,0.05476282356110984,0.034762823561109824,0.8,high_small_noise_p90,0.024509803921568627
2026-04-21,4,4,3976.234381754756,0.0156799735562442,-0.010601683345309422,-0.030601683345309376,0.5,high_small_noise_p90,0.0196078431372549
2026-04-18,4,4,5908.503253954786,-0.007135973976725774,-0.027802105059740352,-0.04780210505974033,0.25,high_small_noise_p90,0.0196078431372549
2026-04-24,3,3,1184.7772688074658,0.10402621457839152,0.08333463912371075,0.06333463912371078,0.6666666666666666,high_small_noise_p90,0.014705882352941176
2026-04-09,3,3,1242.8376144433264,0.020875397281279334,0.00020665456198653426,-0.0197933454380134,0.6666666666666666,high_small_noise_p90,0.014705882352941176
2026-04-08,3,3,5977.063483887174,-0.011804485769753466,-0.031857380994712164,-0.051857380994712175,0.0,high_small_noise_p90,0.014705882352941176
2026-04-13,3,3,12439.519260828238,-0.0419657109402496,-0.06395031094535196,-0.08395031094535195,0.0,high_small_noise_p90,0.014705882352941176
2026-05-06,2,2,1277.9532816178803,0.0552518779761851,0.03292824098100915,0.01292824098100915,1.0,high_small_noise_p90,0.00980392156862745
2026-05-02,2,2,1260.4988828589812,0.028801640435945297,0.0086728459007628,-0.0113271540992371,1.0,high_small_noise_p90,0.00980392156862745
2026-05-05,2,2,259.4917817963707,0.011589115213987701,-0.021498698790798847,-0.04149869879079885,0.0,high_small_noise_p90,0.00980392156862745
2026-05-07,1,1,31217.00658419237,0.0544900582589893,0.0344830441422638,0.0144830441422638,1.0,high_small_noise_p90,0.004901960784313725
2026-05-03,1,1,2350.897951116582,-0.0196609114636691,-0.039740215758401,-0.059740215758401,0.0,high_small_noise_p90,0.004901960784313725
2026-04-10,1,1,360.4718855542401,-0.3274240427644745,-0.3477363451540962,-0.3677363451540962,0.0,high_small_noise_p90,0.004901960784313725
2026-04-10,75,75,20256.688544851568,0.15772064890187373,0.1376939588737285,0.11769395887372852,0.7333333333333333,large_buy_p90,0.10259917920656635
2026-04-11,48,48,16540.217197164795,0.005559216825807648,-0.014463313078978931,-0.03446331307897893,0.4375,large_buy_p90,0.06566347469220246
2026-04-15,45,45,9732.752232029834,0.032913162310995545,0.01288150137792907,-0.007118498622070929,0.4666666666666667,large_buy_p90,0.06155950752393981
2026-04-09,44,44,10448.940099360527,0.029314394276770194,0.009277620349141133,-0.010722379650858864,0.5681818181818182,large_buy_p90,0.060191518467852256
2026-04-24,40,40,16095.281720404499,0.09135368352326803,0.07133232923191742,0.051332329231917405,0.775,large_buy_p90,0.05471956224350205
2026-04-17,37,37,10745.358461028392,0.001015539538377427,-0.019010499592146998,-0.039010499592146995,0.35135135135135137,large_buy_p90,0.0506155950752394
2026-04-12,33,33,16172.342688050654,0.0018201588972691198,-0.01820701469617357,-0.03820701469617356,0.45454545454545453,large_buy_p90,0.04514363885088919
2026-04-28,30,30,9647.564830379048,-0.019838439873613892,-0.0398621925597217,-0.059862192559721694,0.2,large_buy_p90,0.04103967168262654
2026-04-08,28,28,10714.037133150272,-0.07309453213192903,-0.0931180483668962,-0.11311804836689619,0.10714285714285714,large_buy_p90,0.038303693570451436
2026-05-06,25,25,33102.94332210677,0.11650831211390855,0.09649418277611196,0.07649418277611197,0.56,large_buy_p90,0.03419972640218878
2026-04-14,25,25,11633.269014218571,0.03468867093192061,0.014660300232616122,-0.005339699767383857,0.68,large_buy_p90,0.03419972640218878
2026-04-18,25,25,12340.514671419027,-0.007757496333626659,-0.027780772429520303,-0.0477807724295203,0.32,large_buy_p90,0.03419972640218878
2026-04-16,23,23,11471.467122133226,-0.00777488869190513,-0.027812665285789583,-0.04781266528578958,0.21739130434782608,large_buy_p90,0.03146374829001368
2026-05-02,20,20,10527.295345950824,-0.00578007100618338,-0.025799353557033868,-0.045799353557033864,0.2,large_buy_p90,0.027359781121751026
2026-04-22,20,20,10161.848454696015,-0.0445074627104763,-0.0645342537727208,-0.08453425377272081,0.1,large_buy_p90,0.027359781121751026
2026-05-05,18,18,18668.4530166828,0.028769100358341113,0.00875039611109812,-0.011249603888901878,0.6111111111111112,large_buy_p90,0.024623803009575923
2026-04-23,18,18,12371.557369857632,0.01622748751495023,-0.0037968921416694163,-0.02379689214166942,0.5,large_buy_p90,0.024623803009575923
2026-05-04,17,17,20493.553807485845,0.04424975285149841,0.02423154779108197,0.004231547791081989,0.7647058823529411,large_buy_p90,0.023255813953488372
2026-04-30,17,17,12646.953190364891,0.0012429158419918942,-0.018779132698705008,-0.03877913269870499,0.4117647058823529,large_buy_p90,0.023255813953488372
2026-05-01,17,17,11651.795022798762,-0.00878847776017951,-0.028809809323385564,-0.048809809323385564,0.29411764705882354,large_buy_p90,0.023255813953488372
2026-05-07,15,15,27833.318567188046,0.05228340776910342,0.032273011187253633,0.01227301118725364,0.6666666666666666,large_buy_p90,0.02051983584131327
2026-04-07,15,15,11139.266408661313,0.03730633062462836,0.017281002330011192,-0.0027189976699887987,0.6,large_buy_p90,0.02051983584131327
2026-04-13,14,14,13849.757114385748,0.024603215723245187,0.004585817182032335,-0.015414182817967649,0.6428571428571429,large_buy_p90,0.019151846785225718
2026-04-27,13,13,10658.964367638462,-0.0012556330178690926,-0.021283189330165726,-0.04128318933016569,0.46153846153846156,large_buy_p90,0.017783857729138167
2026-04-29,12,12,27377.792565682244,0.011551031831365069,-0.008463093573044709,-0.028463093573044707,0.25,large_buy_p90,0.016415868673050615
2026-04-21,12,12,5261.15221981171,-0.030258033411337315,-0.05034816206029032,-0.07034816206029032,0.08333333333333333,large_buy_p90,0.016415868673050615
2026-04-25,10,10,21065.088966001622,0.04714637532847228,0.027129389593594018,0.007129389593594032,0.7,large_buy_p90,0.013679890560875513
2026-05-03,10,10,8602.506338531442,-0.009146691772364669,-0.029184210421623207,-0.04918421042162321,0.1,large_buy_p90,0.013679890560875513
2026-04-26,10,10,20239.373541342236,-0.02727245499659779,-0.04728505650870646,-0.06728505650870643,0.3,large_buy_p90,0.013679890560875513
2026-04-20,8,8,7769.780149664935,0.014631622453941149,-0.005396523076260188,-0.025396523076260148,0.5,large_buy_p90,0.01094391244870041
2026-04-19,7,7,8678.386618024004,-0.0012653450434965145,-0.021286063208630586,-0.041286063208630576,0.14285714285714285,large_buy_p90,0.009575923392612859
2026-04-10,134,134,20131.587048876256,0.10650999865709612,0.08648595138421993,0.06648595138421994,0.5970149253731343,large_trade_p90,0.10244648318042814
2026-04-11,88,88,19574.158736698653,-0.01197354031802771,-0.031993485953418783,-0.05199348595341879,0.3977272727272727,large_trade_p90,0.0672782874617737
2026-04-24,75,75,15548.058179853278,0.08446347234642049,0.0644404726245179,0.0444404726245179,0.7466666666666667,large_trade_p90,0.05733944954128441
2026-04-15,69,69,13184.42323709628,0.02315324115153501,0.0031255140847337333,-0.016874485915266267,0.42028985507246375,large_trade_p90,0.052752293577981654
2026-04-09,69,69,20893.311820837956,0.02197630336164711,0.0019446929254401475,-0.018055307074559847,0.4927536231884058,large_trade_p90,0.052752293577981654
2026-04-17,60,60,13412.586047912271,0.0016240423212789945,-0.018401500640518032,-0.03840150064051802,0.36666666666666664,large_trade_p90,0.045871559633027525
2026-04-12,60,60,18474.605549588752,-0.011982833832985101,-0.032010571596106686,-0.052010571596106676,0.35,large_trade_p90,0.045871559633027525
2026-05-06,58,58,29313.673355388448,0.07933696565058607,0.0593208563561006,0.0393208563561006,0.46551724137931033,large_trade_p90,0.04434250764525994
2026-04-08,50,50,13173.355500178037,-0.059034361679478925,-0.07906072249618877,-0.09906072249618875,0.16,large_trade_p90,0.0382262996941896
2026-04-28,48,48,11252.153649695565,-0.012241150437443648,-0.032263930788222275,-0.05226393078822228,0.22916666666666666,large_trade_p90,0.03669724770642202
2026-04-14,46,46,13281.195599928868,0.0358855763380375,0.015846614940397838,-0.004153385059602145,0.6086956521739131,large_trade_p90,0.035168195718654434
2026-05-05,40,40,15196.477216126394,0.016682302428838214,-0.003338120619414373,-0.023338120619414374,0.45,large_trade_p90,0.03058103975535168
2026-04-16,40,40,12378.096708372294,-0.014871415289025785,-0.03490498330569497,-0.05490498330569497,0.2,large_trade_p90,0.03058103975535168
2026-04-23,39,39,11610.162728170528,0.01761236614493696,-0.0024139889682473674,-0.022413988968247367,0.46153846153846156,large_trade_p90,0.02981651376146789
2026-05-02,35,35,12936.181781892714,0.005938988432530072,-0.014083630708754376,-0.03408363070875437,0.34285714285714286,large_trade_p90,0.026758409785932722
2026-05-01,34,34,14100.693002442984,-0.015359515997654671,-0.03537956276707054,-0.05537956276707053,0.2647058823529412,large_trade_p90,0.02599388379204893
2026-04-22,33,33,10004.447787440486,-0.03290533534352003,-0.05293135411793575,-0.07293135411793575,0.21212121212121213,large_trade_p90,0.02522935779816514
2026-04-13,32,32,12978.373980877694,0.024494177473856064,0.004455517883129965,-0.01554448211687002,0.59375,large_trade_p90,0.024464831804281346
2026-04-18,32,32,12522.18977248632,-0.012398365539910203,-0.032421395222714026,-0.05242139522271402,0.3125,large_trade_p90,0.024464831804281346
2026-05-04,29,29,18107.018087691795,0.01606314083307514,-0.003958923096738845,-0.02395892309673883,0.5172413793103449,large_trade_p90,0.02217125382262997
2026-04-29,29,29,18470.817315058634,0.008546741930521438,-0.011472135674159795,-0.03147213567415979,0.3448275862068966,large_trade_p90,0.02217125382262997
2026-05-07,27,27,23949.596648098595,0.05262837367925038,0.03261262851349906,0.012612628513499077,0.7407407407407407,large_trade_p90,0.020642201834862386
2026-04-27,27,27,17793.80913868808,-0.011742741056651105,-0.031762732935202466,-0.05176273293520244,0.4074074074074074,large_trade_p90,0.020642201834862386
2026-04-30,25,25,13491.284073288378,0.0036402656723699316,-0.016384376960964092,-0.03638437696096408,0.4,large_trade_p90,0.0191131498470948
2026-04-07,22,22,13793.702356612715,0.03218094595062865,0.012158270845314517,-0.007841729154685473,0.5454545454545454,large_trade_p90,0.016819571865443424
2026-04-25,21,21,15756.816464568667,0.048006815144489755,0.02799178647657047,0.007991786476570468,0.7142857142857143,large_trade_p90,0.016055045871559634
2026-04-21,21,21,6120.561029578643,-0.010403950119653806,-0.030468035773329946,-0.050468035773329936,0.23809523809523808,large_trade_p90,0.016055045871559634
2026-04-20,18,18,7812.279402267919,-0.0029665670172666658,-0.022994917164488145,-0.042994917164488125,0.2777777777777778,large_trade_p90,0.013761467889908258
2026-04-26,16,16,18068.076399785157,0.033507958974817946,0.013490720236698587,-0.006509279763301401,0.25,large_trade_p90,0.012232415902140673
2026-05-03,16,16,9860.802566035956,-0.00844070610529742,-0.028474877312637332,-0.048474877312637325,0.125,large_trade_p90,0.012232415902140673
2026-04-19,15,15,11327.536783234907,0.002088585774815207,-0.017930636267741707,-0.037930636267741694,0.2,large_trade_p90,0.011467889908256881
