group,group_family,description,gross_5m,net0_5m,net100_5m,n_events_5m,gross_15m,net0_15m,net100_15m,n_events_15m,gross_1h,net0_1h,net100_1h,n_events_1h,gross_3h,net0_3h,net100_3h,n_events_3h,gross_6h,net0_6h,net100_6h,n_events_6h,gross_6h_minus_15m,net0_6h_minus_15m,path_shape
large_buy_p90,liquidity_impact,current top-decile buy,0.0068601231884065665,-0.013164959108656478,-0.03316495910865645,580,0.007215294848122691,-0.0128106379242949,-0.03281063792429488,706,0.010861228699593073,-0.009164624302687266,-0.02916462430268725,731,0.008555548739157025,-0.011470304263123319,-0.031470304263123305,731,0.029377674087435426,0.00935182108515508,-0.010648178914844911,731,0.022162379239312736,0.02216245900944998,mixed
high_event_density_p90,attention_crowding,top decile prior 15m event density,-0.005714767264401525,-0.0276396336040789,-0.04763963360407889,979,0.0022372200990703117,-0.01969547209225886,-0.03969547209225884,1048,0.014628730522833432,-0.007310110482058546,-0.027310110482058534,1051,-0.003296749785820343,-0.025235590790712328,-0.045235590790712314,1051,0.023257909816631398,0.001319068811739412,-0.018680931188260582,1051,0.021020689717561086,0.02101454090399827,short_reversal_late_continuation
current_buy,event_side,current main-pool buy,-0.0003614507417632559,-0.021936073614249502,-0.041936073614249496,2686,0.0013916308227831177,-0.020212857572478284,-0.04021285757247827,3640,0.0043240797539431265,-0.01730599632927153,-0.03730599632927152,3834,0.006640699934247527,-0.014988979918395234,-0.03498897991839522,3835,0.022195384845736944,0.0005657049930941756,-0.019434295006905813,3835,0.020803754022953827,0.02077856256557246,short_reversal_late_continuation
large_trade_p90,liquidity_impact,current top-decile trade,0.0020481081938112334,-0.01797643933729345,-0.03797643933729343,980,0.002767500436276983,-0.017257739568430155,-0.03725773956843015,1241,0.005635227037682851,-0.014390139139036001,-0.03439013913903599,1307,0.004070183395560004,-0.015955179652077968,-0.035955179652077965,1308,0.021628615176224743,0.00160325212858677,-0.018396747871413228,1308,0.01886111473994776,0.018860991697016924,mixed
high_prior_main_volume_p90,liquidity_state,top decile prior 15m main quote volume,-0.0016625845416455842,-0.024040853833100395,-0.04404085383310038,998,-0.0022456380280985195,-0.0245666001270613,-0.04456660012706128,1083,0.006575793668753321,-0.01574790201083036,-0.03574790201083035,1090,-0.012384601715985969,-0.03470829739556965,-0.05470829739556964,1090,0.020093393168528855,-0.002230302511054833,-0.022230302511054824,1090,0.022339031196627376,0.022336297616006466,short_reversal_late_continuation
high_gas_regime_p90,attention_crowding,top decile prior gas percentile,0.0009626773282520848,-0.0202472009346166,-0.04024720093461658,623,0.0005659647451337276,-0.02057885050550666,-0.04057885050550666,783,0.008659611653644391,-0.0124852903161752,-0.03248529031617519,817,-0.00024516138583631687,-0.021390063355655915,-0.04139006335565591,817,0.018772513073598035,-0.002372388896221565,-0.022372388896221555,817,0.018206548328464307,0.018206461609285095,mixed
all_tradable,baseline,all tradable main-pool signal events,-0.0015873902491986332,-0.02364091951481905,-0.04364091951481904,5070,0.00015270016126983353,-0.02201751988416031,-0.0420175198841603,7093,0.002086767203831934,-0.020156442189862317,-0.04015644218986231,7688,0.0016379498879379735,-0.02061189560407702,-0.040611895604077006,7699,0.01475669866965845,-0.0074931468223565474,-0.02749314682235654,7699,0.014603998508388618,0.014524373061803764,short_reversal_late_continuation
large_sell_p90,liquidity_impact,current top-decile sell,-0.004929313548352,-0.024953085668817047,-0.04495308566881704,400,-0.0031019254604764167,-0.023126251270784343,-0.04312625127078433,535,-0.0009970771547761288,-0.021021825502527194,-0.041021825502527184,576,-0.0016123158525672438,-0.021637058177772686,-0.04163705817777268,577,0.011811349900496825,-0.008213392424708614,-0.028213392424708602,577,0.014913275360973241,0.01491285884607573,short_reversal_late_continuation
current_sell,event_side,current main-pool sell,-0.0029686291405457066,-0.02556173163265874,-0.04556173163265873,2384,-0.0011533257894710746,-0.0239199151388729,-0.043919915138872896,3453,-0.00013893500611262074,-0.02299209590794874,-0.04299209590794874,3854,-0.0033272536388728813,-0.026192610317997734,-0.04619261031799773,3864,0.007373841142416981,-0.015491515536707875,-0.03549151553670787,3864,0.008527166931888056,0.008428399602165024,short_reversal_late_continuation
high_non_main_share_p90,main_pool_absorption,top decile prior non-main volume share,0.001962769508480416,-0.02015916522447415,-0.040159165224474144,283,-0.0015886051555968625,-0.02381749653531838,-0.043817496535318384,459,0.003473686424810787,-0.019153863793697056,-0.03915386379369705,528,0.0011286463636710486,-0.021578761008275722,-0.04157876100827572,531,0.005302977870233548,-0.017404429501713232,-0.03740442950171322,531,0.0068915830258304105,0.006413067033605148,mixed
high_small_noise_p90,noise_filter,top decile prior 15m small-trade share,0.0062661158493314524,-0.015211138346676627,-0.03521113834667662,86,-0.00010951610620786173,-0.02204971006193971,-0.04204971006193971,160,0.0020783639982354333,-0.020044421683862217,-0.04004442168386221,203,0.0010994769206111228,-0.021035482179975373,-0.04103548217997537,204,0.003451211809595018,-0.018683747290991502,-0.0386837472909915,204,0.0035607279158028794,0.003365962770948208,early_pop_fades
