event_type,bucket,side,target,n_hours,event_count,flow_chog,avg_forward_return,median_forward_return,positive_return_rate,directional_follow_through_rate,mean_directional_return,unconditional_avg_return,excess_vs_unconditional
large_buy_p01,p01,buy,fwd_1h,26,33,64479656.51720297,-0.016675408052440235,0.0,0.23076923076923078,0.23076923076923078,-0.016675408052440235,0.0018801811982390943,-0.01855558925067933
large_buy_p01,p01,buy,fwd_3h,26,33,64479656.51720297,0.002864200450087613,0.012701879934321925,0.5769230769230769,0.5769230769230769,0.002864200450087613,0.005507336251730746,-0.0026431358016431334
large_buy_p01,p01,buy,fwd_6h,25,33,64479656.51720297,4.8641693232607255e-05,0.017280876484479846,0.6,0.6,4.8641693232607255e-05,0.01098749303163218,-0.010938851338399573
large_sell_p01,p01,sell,fwd_1h,29,30,65970884.48295007,-0.014168108379099901,0.0,0.1724137931034483,0.4482758620689655,0.014168108379099901,0.0018801811982390943,-0.016048289577338996
large_sell_p01,p01,sell,fwd_3h,29,30,65970884.48295007,-0.007549805293880477,-0.021763872715980237,0.3448275862068966,0.5862068965517241,0.007549805293880477,0.005507336251730746,-0.013057141545611224
large_sell_p01,p01,sell,fwd_6h,28,30,65970884.48295007,-0.006788774161675869,-0.016392571766128294,0.42857142857142855,0.5714285714285714,0.006788774161675869,0.01098749303163218,-0.01777626719330805
large_buy_p05,p05,buy,fwd_1h,109,184,146342063.71636614,0.0005907594060600611,0.0,0.26605504587155965,0.26605504587155965,0.0005907594060600611,0.0018801811982390943,-0.001289421792179033
large_buy_p05,p05,buy,fwd_3h,108,184,146342063.71636614,0.00714669960090995,0.002361928227987975,0.5,0.5,0.00714669960090995,0.005507336251730746,0.0016393633491792034
large_buy_p05,p05,buy,fwd_6h,107,184,146342063.71636614,0.007926553736248211,0.0033426027728624685,0.514018691588785,0.514018691588785,0.007926553736248211,0.01098749303163218,-0.0030609392953839694
large_sell_p05,p05,sell,fwd_1h,132,190,150726551.52015427,-0.004688518062091145,0.0,0.2727272727272727,0.36363636363636365,0.004688518062091145,0.0018801811982390943,-0.006568699260330239
large_sell_p05,p05,sell,fwd_3h,132,190,150726551.52015427,-0.0004516528640197415,0.0,0.45454545454545453,0.42424242424242425,0.0004516528640197415,0.005507336251730746,-0.005958989115750488
large_sell_p05,p05,sell,fwd_6h,130,190,150726551.52015427,0.00836573382968997,0.005406012545833727,0.5384615384615384,0.46153846153846156,-0.00836573382968997,0.01098749303163218,-0.0026217592019422108
large_buy_p10,p10,buy,fwd_1h,190,414,194672446.8446905,-0.002585413706300269,0.0,0.23684210526315788,0.23684210526315788,-0.002585413706300269,0.0018801811982390943,-0.004465594904539363
large_buy_p10,p10,buy,fwd_3h,189,414,194672446.8446905,0.0020424631106481894,0.0,0.48148148148148145,0.48148148148148145,0.0020424631106481894,0.005507336251730746,-0.003464873141082557
large_buy_p10,p10,buy,fwd_6h,187,414,194672446.8446905,0.0054877579671861595,0.0035672145992442506,0.5133689839572193,0.5133689839572193,0.0054877579671861595,0.01098749303163218,-0.005499735064446021
large_sell_p10,p10,sell,fwd_1h,193,359,186778359.81307125,-0.0013189686542586646,0.0,0.29015544041450775,0.3316062176165803,0.0013189686542586646,0.0018801811982390943,-0.003199149852497759
large_sell_p10,p10,sell,fwd_3h,193,359,186778359.81307125,0.00206631472422804,0.0,0.48704663212435234,0.39378238341968913,-0.00206631472422804,0.005507336251730746,-0.0034410215275027063
large_sell_p10,p10,sell,fwd_6h,190,359,186778359.81307125,0.008716515832234133,0.005155647587236856,0.5421052631578948,0.45789473684210524,-0.008716515832234133,0.01098749303163218,-0.002270977199398047
