fetched_at_utc,chain_id,dex_id,labels,pair_address,base_address,base_symbol,base_name,quote_address,quote_symbol,quote_name,price_native,price_usd,m5_buys,m5_sells,h1_buys,h1_sells,h6_buys,h6_sells,h24_buys,h24_sells,h24_buy_ratio,h24_count_imbalance,volume_m5_usd,volume_h1_usd,volume_h6_usd,volume_h24_usd,price_change_m5_pct,price_change_h1_pct,price_change_h6_pct,price_change_h24_pct,liquidity_usd,liquidity_base,liquidity_quote,volume_h24_to_liquidity,fdv,market_cap,pair_created_at_ms,pair_created_at_utc,url
2026-05-07T02:27:31Z,monad,nad-fun,,0x116e7D070f1888B81E1E0324F56d6746B2D7d8f1,0x350035555E10d9AfAF1566AaebfCeD5BA6C27777,CHOG,Chog,0x3bd359C1119dA7Da1D913D1C4D2B7c461115433A,MON,Monad,0.05265,0.001660,0,1,9,14,41,71,199,437,0.312893081761,-0.374213836478,16.440000000000,2482.850000000000,22904.310000000001,85635.660000000003,-0.040000000000,1.780000000000,14.920000000000,34.830000000000,126434.240000000005,39505932.000000000000,1928388.000000000000,0.677313835240,1660835.000000000000,1660835.000000000000,1764112803000,2025-11-25T23:20:03Z,https://dexscreener.com/monad/0x116e7d070f1888b81e1e0324f56d6746b2d7d8f1
2026-05-07T02:27:31Z,monad,atlantis-dex,,0xBfCa90bA028b6376CC408935f1E026ffEc5C4959,0x350035555E10d9AfAF1566AaebfCeD5BA6C27777,CHOG,Chog,0x3bd359C1119dA7Da1D913D1C4D2B7c461115433A,MON,Monad,0.05287,0.001683,0,0,3,1,8,9,53,37,0.588888888889,0.177777777778,0.000000000000,63.790000000000,688.520000000000,2583.820000000000,,2.320000000000,17.440000000000,37.230000000000,7240.520000000000,2165776.000000000000,112891.000000000000,0.356855584958,1683487.000000000000,1683487.000000000000,,,https://dexscreener.com/monad/0xbfca90ba028b6376cc408935f1e026ffec5c4959
2026-05-07T02:27:31Z,monad,noxa,v3,0xd23E066E0422bef5B3b20C9df85fB9716d0Cb305,0x350035555E10d9AfAF1566AaebfCeD5BA6C27777,CHOG,Chog,0x3bd359C1119dA7Da1D913D1C4D2B7c461115433A,MON,Monad,0.05105,0.001614,0,0,0,0,2,1,12,10,0.545454545455,0.090909090909,0.000000000000,0.000000000000,2.400000000000,11.780000000000,,,8.600000000000,51.360000000000,250.490000000000,132214.000000000000,1171.814000000000,0.047027825462,1614363.000000000000,1614363.000000000000,1764174685000,2025-11-26T16:31:25Z,https://dexscreener.com/monad/0xd23e066e0422bef5b3b20c9df85fb9716d0cb305
2026-05-07T02:27:31Z,monad,noxa,v3,0xd215A9694fe9DDEFE0Ae8A50b309D1D9f015b772,0x350035555E10d9AfAF1566AaebfCeD5BA6C27777,CHOG,Chog,0x754704Bc059F8C67012fEd69BC8A327a5aafb603,USDC,USDC,0.001638,0.001638,0,0,1,0,2,2,22,13,0.628571428571,0.257142857143,0.000000000000,0.720000000000,8.210000000000,36.790000000000,,2.330000000000,12.710000000000,33.450000000000,154.420000000000,48514.000000000000,74.918900000000,0.238246341148,1638773.000000000000,1638773.000000000000,1764172759000,2025-11-26T15:59:19Z,https://dexscreener.com/monad/0xd215a9694fe9ddefe0ae8a50b309d1d9f015b772
2026-05-07T02:27:31Z,monad,uniswap,v3,0xde4c4a5d91ed23964A7b636D2b15Edf51f4A7A6D,0x350035555E10d9AfAF1566AaebfCeD5BA6C27777,CHOG,Chog,0x3bd359C1119dA7Da1D913D1C4D2B7c461115433A,MON,Monad,0.05299,0.001673,0,0,3,12,12,25,82,177,0.316602316602,-0.366795366795,0.000000000000,3.800000000000,41.690000000000,180.990000000000,,2.290000000000,14.800000000000,36.050000000000,98.740000000000,20440.000000000000,2044.446400000000,1.832995746405,1673066.000000000000,1673066.000000000000,1764226297000,2025-11-27T06:51:37Z,https://dexscreener.com/monad/0xde4c4a5d91ed23964a7b636d2b15edf51f4a7a6d
2026-05-07T02:27:31Z,monad,octoswap,,0xb02105BcF6C1E20fCA2b5360f5fE78b8Fc6E7238,0x350035555E10d9AfAF1566AaebfCeD5BA6C27777,CHOG,Chog,0x3bd359C1119dA7Da1D913D1C4D2B7c461115433A,MON,Monad,0.05309,0.001690,0,0,1,0,6,5,48,69,0.410256410256,-0.179487179487,0.000000000000,0.090000000000,4.480000000000,16.960000000000,,2.230000000000,18.460000000000,36.730000000000,25.260000000000,7473.305200000000,396.790400000000,0.671417260491,1690523.000000000000,1690523.000000000000,1764216494000,2025-11-27T04:08:14Z,https://dexscreener.com/monad/0xb02105bcf6c1e20fca2b5360f5fe78b8fc6e7238
2026-05-07T02:27:31Z,monad,pinot,,0xce44Bc10a77779d9BCCE86060110ac5f295fcb8f,0x350035555E10d9AfAF1566AaebfCeD5BA6C27777,CHOG,Chog,0x3bd359C1119dA7Da1D913D1C4D2B7c461115433A,MON,Monad,0.05060,0.001639,0,0,0,0,1,1,9,5,0.642857142857,0.285714285714,0.000000000000,0.000000000000,0.390000000000,1.880000000000,,,13.680000000000,60.650000000000,7.200000000000,2196.687600000000,111.173500000000,0.261111111111,1639751.000000000000,1639751.000000000000,1764172984000,2025-11-26T16:03:04Z,https://dexscreener.com/monad/0xce44bc10a77779d9bcce86060110ac5f295fcb8f
2026-05-07T02:27:31Z,monad,0xAfE4d3eB898591ACe6285176b26f0F5BEb894447,,0xd836dFF7332bF922d13500eB10C092A7aE42AaD0,0x350035555E10d9AfAF1566AaebfCeD5BA6C27777,CHOG,Chog,0x3bd359C1119dA7Da1D913D1C4D2B7c461115433A,MON,Monad,0.05418,0.001725,0,0,1,0,3,2,22,16,0.578947368421,0.157894736842,0.000000000000,0.090000000000,0.710000000000,1.730000000000,,5.810000000000,20.040000000000,41.630000000000,5.250000000000,1523.028500000000,82.521700000000,0.329523809524,1725174.000000000000,1725174.000000000000,1764175466000,2025-11-26T16:44:26Z,https://dexscreener.com/monad/0xd836dff7332bf922d13500eb10c092a7ae42aad0
2026-05-07T02:27:31Z,monad,dyorswap,,0x74762446B4c41894DD022bCC6B386A344d4D3Ad4,0x350035555E10d9AfAF1566AaebfCeD5BA6C27777,CHOG,Chog,0x3bd359C1119dA7Da1D913D1C4D2B7c461115433A,MON,Monad,0.05073,0.001615,0,0,0,0,3,2,10,6,0.625000000000,0.250000000000,0.000000000000,0.000000000000,0.450000000000,1.180000000000,,,12.640000000000,54.190000000000,3.350000000000,1037.639400000000,52.644700000000,0.352238805970,1615911.000000000000,1615911.000000000000,1764187297000,2025-11-26T20:01:37Z,https://dexscreener.com/monad/0x74762446b4c41894dd022bcc6b386a344d4d3ad4
2026-05-07T02:27:31Z,monad,uniswap,v2,0x0A6325de8DEC2D1e869146839e2C4e5C206aBcfC,0x350035555E10d9AfAF1566AaebfCeD5BA6C27777,CHOG,Chog,0x3bd359C1119dA7Da1D913D1C4D2B7c461115433A,MON,Monad,0.04788,0.001586,0,0,0,0,0,0,7,5,0.583333333333,0.166666666667,0.000000000000,0.000000000000,0.000000000000,0.020000000000,,,,33.060000000000,0.170000000000,55.114200000000,2.639100000000,0.117647058824,1586938.000000000000,1586938.000000000000,1764174018000,2025-11-26T16:20:18Z,https://dexscreener.com/monad/0x0a6325de8dec2d1e869146839e2c4e5c206abcfc
