target,model,feature_selection,n,pearson,spearman,top_minus_bottom,top_mean,bottom_mean,abs_spearman
fwd_1h,lightgbm,train_fold_top_30_spearman,395,-0.10782604075964171,-0.09157931281179735,-0.008489109229735035,-0.0020246789673684443,0.0064644302623665904,0.09157931281179735
fwd_6h,random_forest,train_fold_top_30_spearman,390,-0.09855979605433793,-0.07840170415874817,-0.01843216998608873,-0.000836732118349337,0.017595437867739393,0.07840170415874817
fwd_3h,elastic_net,train_fold_top_30_spearman,390,0.07608515414802677,0.07161163545908059,0.007658731431646316,0.01578250213074842,0.008123770699102103,0.07161163545908059
fwd_3h,ridge,train_fold_top_30_spearman,390,0.05947190551218498,0.06542887955201633,0.006506876259350832,0.014142541583290367,0.007635665323939536,0.06542887955201633
fwd_1h,elastic_net,train_fold_top_30_spearman,395,-0.03236218713655732,-0.060420696068229335,-0.002171299926334691,0.0015819852376062705,0.003753285163940962,0.060420696068229335
fwd_6h,elastic_net,train_fold_top_30_spearman,390,-0.01526799561166373,-0.05449331683281035,-0.018214066129757633,-0.0016915539749692433,0.01652251215478839,0.05449331683281035
fwd_6h,lightgbm,train_fold_top_30_spearman,390,-0.07706197286615593,-0.049584793167473794,-0.008587008564532424,0.006905232475780799,0.015492241040313224,0.049584793167473794
fwd_3h,random_forest,train_fold_top_30_spearman,390,0.0618657940981538,0.04532037921131554,0.003359381550092748,0.009228891167467139,0.0058695096173743905,0.04532037921131554
fwd_1h,random_forest,train_fold_top_30_spearman,395,-0.04097263135204035,-0.0420542765539826,-0.0012568042996645675,-0.00038193297214360913,0.0008748713275209583,0.0420542765539826
fwd_1h,xgboost,train_fold_top_30_spearman,395,-0.056106647301185954,-0.03531537997337459,-0.0037360633634393172,0.0002897825286985914,0.004025845892137909,0.03531537997337459
fwd_1h,ridge,train_fold_top_30_spearman,395,-0.01692596312820785,-0.03453712848714958,0.0024791958329253823,0.0042347417042225815,0.0017555458712971994,0.03453712848714958
fwd_6h,ridge,train_fold_top_30_spearman,390,-0.019255147163944605,-0.02143074251975065,-0.003151128968845814,0.00850806037193327,0.011659189340779084,0.02143074251975065
fwd_3h,lightgbm,train_fold_top_30_spearman,390,-0.007721687263015156,-0.00964382792157521,0.005082477457549353,0.014038572965649197,0.008956095508099844,0.00964382792157521
fwd_3h,xgboost,train_fold_top_30_spearman,390,0.015002784127529149,0.009339654755042772,0.0012574299594327095,0.009406930189963338,0.008149500230530628,0.009339654755042772
fwd_6h,xgboost,train_fold_top_30_spearman,390,-0.015247531572254282,-0.0022806573553030003,-0.012122490683199216,0.007336567534502551,0.019459058217701768,0.0022806573553030003
