group,group_family,description,horizon,n_labels,n_events,mean_quote_amount,median_quote_amount,mean_gross_return,median_gross_return,p25_gross_return,p75_gross_return,gross_positive_rate,mean_net_0bps,mean_net_100bps,net_0bps_positive_rate,net_100bps_positive_rate,net_0bps_gt_2pct_rate,gas_cost_return_median,cost_drag_0bps,cost_drag_100bps,entry_delay_seconds_median,actual_exit_seconds_median
all_tradable,baseline,all tradable main-pool signal events,5m,5070,5070,4257.352611120476,672.5123573874271,-0.0015873902491986332,-5.042757755452376e-05,-0.017542380335079898,0.012572933812618274,0.45759368836291914,-0.02364091951481905,-0.04364091951481904,0.1552268244575937,0.04220907297830375,0.04220907297830375,0.00028413249409525,0.022053529265620417,0.04205352926562041,22.0,237.0
all_tradable,baseline,all tradable main-pool signal events,15m,7093,7093,3635.2261606975962,567.0409681654519,0.00015270016126983353,-0.0001882122431104,-0.0177062211070939,0.015182106609781,0.45650641477513043,-0.02201751988416031,-0.0420175198841603,0.18779077964190047,0.08177075990413084,0.08177075990413084,0.0003246450227583,0.022170220045430143,0.04217022004543014,46.0,776.0
all_tradable,baseline,all tradable main-pool signal events,1h,7688,7688,3488.1856076983304,532.7019094428068,0.002086767203831934,-0.00068679053171875,-0.02147470024884705,0.0230660739515067,0.48231009365244537,-0.020156442189862317,-0.04015644218986231,0.2613163371488033,0.15192507804370448,0.15192507804370448,0.0003403950200753,0.022243209393694254,0.04224320939369425,55.0,3450.0
all_tradable,baseline,all tradable main-pool signal events,3h,7699,7699,3485.437470623911,531.2299067459388,0.0016379498879379735,0.0021487106344302,-0.03321266911647055,0.03948567784426855,0.5160410442914665,-0.02061189560407702,-0.040611895604077006,0.3504351214443434,0.23808286790492272,0.23808286790492272,0.0003407527194488,0.022249845492014992,0.042249845492014985,55.0,10592.0
all_tradable,baseline,all tradable main-pool signal events,6h,7699,7699,3485.437470623911,531.2299067459388,0.01475669866965845,0.0056813969372333,-0.04076142459919265,0.0596781520895837,0.5312378230939083,-0.0074931468223565474,-0.02749314682235654,0.41278088063384855,0.31549551889855826,0.31549551889855826,0.0003407527194488,0.022249845492014995,0.04224984549201499,55.0,21368.0
current_buy,event_side,current main-pool buy,5m,2686,2686,4300.419454956396,990.0,-0.0003614507417632559,-4.232549200011704e-09,-0.016824510248376476,0.014707419387922626,0.4973938942665674,-0.021936073614249502,-0.041936073614249496,0.17609828741623232,0.04579300074460164,0.04579300074460164,0.00020192845501825,0.021574622872486245,0.041574622872486235,23.0,238.0
current_buy,event_side,current main-pool buy,15m,3640,3640,3711.5211117157296,918.0064321142196,0.0013916308227831177,-2.546743884496161e-05,-0.016155794451433024,0.016233101921107825,0.47802197802197804,-0.020212857572478284,-0.04021285757247827,0.1978021978021978,0.07692307692307693,0.07692307692307693,0.0002205127552092,0.021604488395261405,0.041604488395261395,42.0,777.0
current_buy,event_side,current main-pool buy,1h,3834,3834,3625.2796710259418,900.0,0.0043240797539431265,0.0001558149597635,-0.019168606829268974,0.024967583941568998,0.5054773082942097,-0.01730599632927153,-0.03730599632927152,0.28038601982263955,0.15571205007824726,0.15571205007824726,0.00022185692487755002,0.02163007608321466,0.04163007608321465,47.0,3441.0
current_buy,event_side,current main-pool buy,3h,3835,3835,3626.329121946298,900.0,0.006640699934247527,0.0061689119676413,-0.026288208236276,0.0445839913923484,0.5551499348109518,-0.014988979918395234,-0.03498897991839522,0.3799217731421121,0.2620599739243807,0.2620599739243807,0.0002218415795487,0.02162967985264276,0.04162967985264275,47.0,10594.0
current_buy,event_side,current main-pool buy,6h,3835,3835,3626.329121946298,900.0,0.022195384845736944,0.0126884451125504,-0.03311359122523985,0.06749695236367165,0.573142112125163,0.0005657049930941756,-0.019434295006905813,0.45554106910039116,0.35514993481095175,0.35514993481095175,0.0002218415795487,0.021629679852642768,0.041629679852642765,47.0,21376.0
current_sell,event_side,current main-pool sell,5m,2384,2384,4208.83015199997,387.85195582603694,-0.0029686291405457066,-0.00070187925871655,-0.0178594802304152,0.0099029210294822,0.412751677852349,-0.02556173163265874,-0.04556173163265873,0.13171140939597314,0.038171140939597316,0.038171140939597316,0.00047582806756505,0.022593102492113028,0.042593102492113025,22.0,234.0
current_sell,event_side,current main-pool sell,15m,3453,3453,3554.799395071763,319.1777087950107,-0.0011533257894710746,-0.0006555768998819,-0.0186832287179558,0.0139155375527408,0.4338256588473791,-0.0239199151388729,-0.043919915138872896,0.17723718505647262,0.08688097306689835,0.08688097306689835,0.0005706996039576,0.02276658934940182,0.04276658934940182,50.0,776.0
current_sell,event_side,current main-pool sell,1h,3854,3854,3351.8029821669184,311.93013765081787,-0.00013893500611262074,-0.0021013058337936,-0.023423692318536974,0.0210750718133462,0.45926310326933056,-0.02299209590794874,-0.04299209590794874,0.24234561494551116,0.1481577581733264,0.1481577581733264,0.00059987764514,0.02285316090183612,0.042853160901836114,65.5,3459.0
current_sell,event_side,current main-pool sell,3h,3864,3864,3345.6032359392952,311.2207946148397,-0.0033272536388728813,-0.0022183619877183,-0.0387525631511727,0.034779668854220055,0.4772256728778468,-0.026192610317997734,-0.04619261031799773,0.32116977225672877,0.21428571428571427,0.21428571428571427,0.000600218705322,0.022865356679124857,0.04286535667912484,67.0,10590.0
current_sell,event_side,current main-pool sell,6h,3864,3864,3345.6032359392952,311.2207946148397,0.007373841142416981,-0.0024705472353971003,-0.0478989158484718,0.0501838547832937,0.489648033126294,-0.015491515536707875,-0.03549151553670787,0.3703416149068323,0.27613871635610765,0.27613871635610765,0.000600218705322,0.022865356679124857,0.04286535667912485,67.0,21357.0
large_buy_p90,liquidity_impact,current top-decile buy,5m,580,580,16019.952681906308,9429.75723690378,0.0068601231884065665,0.0028924621825600497,-0.005879603572819475,0.0209414122365407,0.5551724137931034,-0.013164959108656478,-0.03316495910865645,0.28620689655172415,0.09310344827586207,0.09310344827586207,1.9300327360102725e-05,0.020025082297063044,0.04002508229706303,7.5,240.5
large_buy_p90,liquidity_impact,current top-decile buy,15m,706,706,14868.851589008289,9000.0,0.007215294848122691,0.0013488798449409999,-0.010439935234699976,0.023799016418452876,0.5339943342776204,-0.0128106379242949,-0.03281063792429488,0.301699716713881,0.15155807365439095,0.15155807365439095,1.9879919480505905e-05,0.02002593277241759,0.04002593277241757,16.0,786.0
large_buy_p90,liquidity_impact,current top-decile buy,1h,731,731,14679.66635719761,8999.35,0.010861228699593073,0.0044392265161117,-0.0179690813968611,0.0369114305168288,0.5417236662106704,-0.009164624302687266,-0.02916462430268725,0.3693570451436389,0.2188782489740082,0.2188782489740082,1.9950038739649117e-05,0.02002585300228034,0.04002585300228033,20.0,3447.0
large_buy_p90,liquidity_impact,current top-decile buy,3h,731,731,14679.66635719761,8999.35,0.008555548739157025,0.0102009214813201,-0.029182309192364198,0.05425940453001525,0.5622435020519836,-0.011470304263123319,-0.031470304263123305,0.42544459644322846,0.3119015047879617,0.3119015047879617,1.9950038739649117e-05,0.020025853002280342,0.040025853002280336,20.0,10585.0
large_buy_p90,liquidity_impact,current top-decile buy,6h,731,731,14679.66635719761,8999.35,0.029377674087435426,0.0130246627067667,-0.0386479310586854,0.08394165828353845,0.5622435020519836,0.00935182108515508,-0.010648178914844911,0.4637482900136799,0.3803009575923393,0.3803009575923393,1.9950038739649117e-05,0.020025853002280346,0.040025853002280336,20.0,21392.0
large_sell_p90,liquidity_impact,current top-decile sell,5m,400,400,20729.3364613121,12667.50254505212,-0.004929313548352,-0.0010240202758705999,-0.018955463126410325,0.0057540958505228005,0.4375,-0.024953085668817047,-0.04495308566881704,0.1475,0.035,0.035,1.6545700502446053e-05,0.02002377212046505,0.04002377212046504,13.5,228.0
large_sell_p90,liquidity_impact,current top-decile sell,15m,535,535,18485.94031776506,11648.30132254362,-0.0031019254604764167,-0.0011152723062938,-0.0190913671366447,0.012589941343991651,0.4411214953271028,-0.023126251270784343,-0.04312625127078433,0.18317757009345795,0.07476635514018691,0.07476635514018691,1.7451243752232292e-05,0.020024325810307924,0.04002432581030791,32.0,767.0
large_sell_p90,liquidity_impact,current top-decile sell,1h,576,576,17890.000041439474,11207.831529585666,-0.0009970771547761288,-0.00476271308101295,-0.026444263428087623,0.0199607348480391,0.4322916666666667,-0.021021825502527194,-0.041021825502527184,0.25,0.1753472222222222,0.1753472222222222,1.759078836827909e-05,0.020024748347751063,0.040024748347751056,39.0,3433.5
large_sell_p90,liquidity_impact,current top-decile sell,3h,577,577,17867.329567329067,11176.055378549285,-0.0016123158525672438,-0.0041937663353641,-0.0394787833485086,0.0423225607120709,0.4731369150779896,-0.021637058177772686,-0.04163705817777268,0.35008665511265163,0.2634315424610052,0.2634315424610052,1.7635546643018858e-05,0.02002474232520544,0.040024742325205434,39.0,10617.0
large_sell_p90,liquidity_impact,current top-decile sell,6h,577,577,17867.329567329067,11176.055378549285,0.011811349900496825,-0.000947012542024,-0.0448488485622194,0.055640367066331,0.49220103986135183,-0.008213392424708614,-0.028213392424708602,0.389948006932409,0.29462738301559793,0.29462738301559793,1.7635546643018858e-05,0.02002474232520544,0.040024742325205434,39.0,21376.0
large_trade_p90,liquidity_impact,current top-decile trade,5m,980,980,17942.15014288827,9900.0,0.0020481081938112334,6.470802878577597e-05,-0.01308236998523295,0.01795286764179525,0.5071428571428571,-0.01797643933729345,-0.03797643933729343,0.22959183673469388,0.06938775510204082,0.06938775510204082,1.84691671116138e-05,0.020024547531104678,0.04002454753110466,9.0,236.0
large_trade_p90,liquidity_impact,current top-decile trade,15m,1241,1241,16428.192821792232,9900.0,0.002767500436276983,-1.1522587138101947e-05,-0.0158712353429463,0.0200454340677072,0.4939564867042707,-0.017257739568430155,-0.03725773956843015,0.2506043513295729,0.11845286059629331,0.11845286059629331,1.9028097474747476e-05,0.020025240004707137,0.04002524000470713,22.0,776.0
large_trade_p90,liquidity_impact,current top-decile trade,1h,1307,1307,16094.472938776273,9751.5,0.005635227037682851,-0.0004313837973236,-0.0217116761774366,0.03032791595796995,0.4934965570007651,-0.014390139139036001,-0.03439013913903599,0.31675592960979343,0.19969395562356543,0.19969395562356543,1.9234586743317943e-05,0.02002536617671885,0.04002536617671884,26.0,3439.0
large_trade_p90,liquidity_impact,current top-decile trade,3h,1308,1308,16085.845005703612,9751.032331962468,0.004070183395560004,0.00317054464910575,-0.03348099933221702,0.04918124491042495,0.5229357798165137,-0.015955179652077968,-0.035955179652077965,0.3922018348623853,0.290519877675841,0.290519877675841,1.923585991847322e-05,0.020025363047637974,0.040025363047637964,26.0,10598.0
large_trade_p90,liquidity_impact,current top-decile trade,6h,1308,1308,16085.845005703612,9751.032331962468,0.021628615176224743,0.0053357310024028,-0.0429038346604286,0.06873716605939265,0.5313455657492355,0.00160325212858677,-0.018396747871413228,0.43119266055045874,0.3425076452599388,0.3425076452599388,1.923585991847322e-05,0.020025363047637974,0.040025363047637964,26.0,21384.0
high_prior_main_volume_p90,liquidity_state,top decile prior 15m main quote volume,5m,998,998,4662.241401748614,951.5973543624699,-0.0016625845416455842,-0.0007001006519377,-0.018503624714688652,0.01603955289460625,0.46893787575150303,-0.024040853833100395,-0.04404085383310038,0.18537074148296592,0.061122244488977955,0.061122244488977955,0.0002615255575441,0.022378269291454814,0.0423782692914548,9.0,244.0
high_prior_main_volume_p90,liquidity_state,top decile prior 15m main quote volume,15m,1083,1083,4463.465190779989,881.1,-0.0022456380280985195,-0.0001322118759538,-0.01985819481816785,0.0243759538946893,0.492151431209603,-0.0245666001270613,-0.04456660012706128,0.26869806094182824,0.1329639889196676,0.1329639889196676,0.0002757105429154,0.022320962098962775,0.042320962098962765,12.0,819.0
high_prior_main_volume_p90,liquidity_state,top decile prior 15m main quote volume,1h,1090,1090,4448.915846887461,858.3429201297215,0.006575793668753321,0.00802419398524515,-0.041787133452733854,0.052844421421395726,0.5440366972477064,-0.01574790201083036,-0.03574790201083035,0.42568807339449544,0.3018348623853211,0.3018348623853211,0.0002771983494146,0.02232369567958368,0.04232369567958367,12.0,3477.0
high_prior_main_volume_p90,liquidity_state,top decile prior 15m main quote volume,3h,1090,1090,4448.915846887461,858.3429201297215,-0.012384601715985969,0.0039492200315491,-0.0647392868415939,0.051007619529573875,0.5110091743119266,-0.03470829739556965,-0.05470829739556964,0.40642201834862385,0.3036697247706422,0.3036697247706422,0.0002771983494146,0.022323695679583682,0.042323695679583676,12.0,10554.5
high_prior_main_volume_p90,liquidity_state,top decile prior 15m main quote volume,6h,1090,1090,4448.915846887461,858.3429201297215,0.020093393168528855,0.024072594020542,-0.07800359266468612,0.0756895958214011,0.5853211009174312,-0.002230302511054833,-0.022230302511054824,0.5091743119266054,0.41467889908256883,0.41467889908256883,0.0002771983494146,0.022323695679583686,0.042323695679583676,12.0,21352.0
high_event_density_p90,attention_crowding,top decile prior 15m event density,5m,979,979,3456.1401583082234,529.1710612445456,-0.005714767264401525,-0.0021493601393164,-0.0233273876932728,0.01437222829396695,0.4484167517875383,-0.0276396336040789,-0.04763963360407889,0.18283963227783454,0.06537282941777324,0.06537282941777324,0.0003813772242424,0.021924866339677378,0.04192486633967736,7.0,243.0
high_event_density_p90,attention_crowding,top decile prior 15m event density,15m,1048,1048,3383.530193505559,528.518420035404,0.0022372200990703117,0.0002333667759191,-0.01970002118587315,0.024494799263707,0.5076335877862596,-0.01969547209225886,-0.03969547209225884,0.27576335877862596,0.15458015267175573,0.15458015267175573,0.0003813766121212,0.021932692191329168,0.041932692191329154,9.0,815.0
high_event_density_p90,attention_crowding,top decile prior 15m event density,1h,1051,1051,3374.1794459081184,520.531798875,0.014628730522833432,0.0110821419879008,-0.02254820347021825,0.04560321152611095,0.5889628924833492,-0.007310110482058546,-0.027310110482058534,0.40247383444338725,0.26736441484300666,0.26736441484300666,0.0003813784484848,0.021938841004891976,0.041938841004891966,9.0,3481.0
high_event_density_p90,attention_crowding,top decile prior 15m event density,3h,1051,1051,3374.1794459081184,520.531798875,-0.003296749785820343,0.002156827809485,-0.0496586551308244,0.0482017534285139,0.5042816365366318,-0.025235590790712328,-0.045235590790712314,0.3882017126546147,0.2844909609895338,0.2844909609895338,0.0003813784484848,0.021938841004891983,0.04193884100489197,9.0,10594.0
high_event_density_p90,attention_crowding,top decile prior 15m event density,6h,1051,1051,3374.1794459081184,520.531798875,0.023257909816631398,0.0222441919069518,-0.0593120097348452,0.06903258280477775,0.615604186489058,0.001319068811739412,-0.018680931188260582,0.5071360608943863,0.38629876308277833,0.38629876308277833,0.0003813784484848,0.02193884100489199,0.04193884100489198,9.0,21414.0
high_small_noise_p90,noise_filter,top decile prior 15m small-trade share,5m,86,86,3194.0875502212434,446.985,0.0062661158493314524,-5.608751088792552e-05,-0.019152194830950625,0.0046348893659623,0.38372093023255816,-0.015211138346676627,-0.03521113834667662,0.09302325581395349,0.011627906976744186,0.011627906976744186,0.0003241371399797,0.021477254196008082,0.041477254196008076,48.5,226.5
high_small_noise_p90,noise_filter,top decile prior 15m small-trade share,15m,160,160,2775.116056304575,322.2598757084701,-0.00010951610620786173,-8.755609872773684e-05,-0.01776907217512835,0.004053305573739625,0.4,-0.02204971006193971,-0.04204971006193971,0.09375,0.025,0.025,0.00035933189000504997,0.021940193955731845,0.04194019395573184,104.0,739.0
high_small_noise_p90,noise_filter,top decile prior 15m small-trade share,1h,203,203,2773.4460143085557,300.0,0.0020783639982354333,-0.0018870023825378,-0.01940558304972155,0.010540569134269,0.4236453201970443,-0.020044421683862217,-0.04004442168386221,0.16748768472906403,0.08866995073891626,0.08866995073891626,0.0003915142463001,0.02212278568209765,0.042122785682097645,144.0,3397.0
high_small_noise_p90,noise_filter,top decile prior 15m small-trade share,3h,204,204,2760.2068405512764,299.85785702755976,0.0010994769206111228,-0.00160285070189235,-0.027315430124198375,0.024181356305627,0.4803921568627451,-0.021035482179975373,-0.04103548217997537,0.27941176470588236,0.13725490196078433,0.13725490196078433,0.00039711552626275,0.022134959100586504,0.04213495910058649,145.5,10567.0
high_small_noise_p90,noise_filter,top decile prior 15m small-trade share,6h,204,204,2760.2068405512764,299.85785702755976,0.003451211809595018,-0.0101746929231297,-0.041017226108179476,0.038387650765285324,0.4068627450980392,-0.018683747290991502,-0.0386837472909915,0.3235294117647059,0.23039215686274508,0.23039215686274508,0.00039711552626275,0.02213495910058652,0.04213495910058651,145.5,21425.0
high_gas_regime_p90,attention_crowding,top decile prior gas percentile,5m,623,623,2811.529420686111,826.65,0.0009626773282520848,-4.7160587211769744e-05,-0.0152109279106941,0.01800021254382085,0.47191011235955055,-0.0202472009346166,-0.04024720093461658,0.20224719101123595,0.060995184590690206,0.060995184590690206,0.0002446371657607,0.021209878262868687,0.04120987826286868,11.0,237.0
high_gas_regime_p90,attention_crowding,top decile prior gas percentile,15m,783,783,2639.4023996339342,840.6426206911764,0.0005659647451337276,-2.914441134704848e-05,-0.0177905910318069,0.01901902052479125,0.48659003831417624,-0.02057885050550666,-0.04057885050550666,0.23116219667943805,0.1277139208173691,0.1277139208173691,0.0002417378041636,0.021144815250640384,0.04114481525064037,24.0,790.0
high_gas_regime_p90,attention_crowding,top decile prior gas percentile,1h,817,817,2579.4507890395585,842.2575014916526,0.008659611653644391,0.0010787351099519,-0.0198702656344881,0.0337434322783463,0.5152998776009792,-0.0124852903161752,-0.03248529031617519,0.33047735618115054,0.22888616891064872,0.22888616891064872,0.0002445173482326,0.02114490196981959,0.04114490196981958,27.0,3464.0
high_gas_regime_p90,attention_crowding,top decile prior gas percentile,3h,817,817,2579.4507890395585,842.2575014916526,-0.00024516138583631687,0.0031890612018301,-0.037183755073172,0.0478839257141623,0.5275397796817626,-0.021390063355655915,-0.04139006335565591,0.38310893512851896,0.2741738066095471,0.2741738066095471,0.0002445173482326,0.0211449019698196,0.04114490196981958,27.0,10576.0
high_gas_regime_p90,attention_crowding,top decile prior gas percentile,6h,817,817,2579.4507890395585,842.2575014916526,0.018772513073598035,0.0056813969372333,-0.0447247521337299,0.0648055189238585,0.5410036719706243,-0.002372388896221565,-0.022372388896221555,0.4186046511627907,0.32558139534883723,0.32558139534883723,0.0002445173482326,0.0211449019698196,0.0411449019698196,27.0,21398.0
high_non_main_share_p90,main_pool_absorption,top decile prior non-main volume share,5m,283,283,2893.614622659544,495.0,0.001962769508480416,-7.257558356299487e-05,-0.01824883349207685,0.0082943727079807,0.42402826855123676,-0.02015916522447415,-0.040159165224474144,0.11307420494699646,0.0176678445229682,0.0176678445229682,0.0004637027113765,0.022121934732954568,0.04212193473295456,56.0,244.0
high_non_main_share_p90,main_pool_absorption,top decile prior non-main volume share,15m,459,459,2594.7596304937406,495.0,-0.0015886051555968625,-0.0006399828246067,-0.016990036721814948,0.007210603141701801,0.4008714596949891,-0.02381749653531838,-0.043817496535318384,0.13725490196078433,0.06318082788671024,0.06318082788671024,0.0004202309257404,0.022228891379721522,0.042228891379721516,97.0,755.0
high_non_main_share_p90,main_pool_absorption,top decile prior non-main volume share,1h,528,528,2497.090655284346,495.0,0.003473686424810787,-0.00175249535824835,-0.01865000559826625,0.02086731471994595,0.4393939393939394,-0.019153863793697056,-0.03915386379369705,0.23863636363636365,0.12878787878787878,0.12878787878787878,0.000436531223115,0.022627550218507847,0.04262755021850783,112.5,3387.0
high_non_main_share_p90,main_pool_absorption,top decile prior non-main volume share,3h,531,531,2483.1923190423086,495.0,0.0011286463636710486,-0.0001379524941069,-0.0387576395093623,0.03557734998230175,0.4990583804143126,-0.021578761008275722,-0.04157876100827572,0.3295668549905838,0.23163841807909605,0.23163841807909605,0.0004386814088931,0.02270740737194677,0.04270740737194676,113.0,10598.0
high_non_main_share_p90,main_pool_absorption,top decile prior non-main volume share,6h,531,531,2483.1923190423086,495.0,0.005302977870233548,-0.0020038001786724,-0.0485954578139956,0.05201454916858066,0.4934086629001883,-0.017404429501713232,-0.03740442950171322,0.3747645951035782,0.288135593220339,0.288135593220339,0.0004386814088931,0.022707407371946778,0.042707407371946775,113.0,21313.0
