fetched_at_utc,block_number,block_timestamp,block_datetime_utc,transaction_hash,transaction_index,log_index,pair_address,sender,recipient,amount0_raw,amount1_raw,amount0_token,amount1_token,token0_symbol,token1_symbol,direction,chog_abs,mon_abs,price_mon_per_chog,sqrt_price_x96,liquidity_raw,tick,removed
2026-05-07T02:29:49Z,72915000,1778113119,2026-05-07T00:18:39Z,0x5aa8d4a9dc18668f25a585a08c89d71ec12723af8de2dd482897b55c4ed689b2,3,21,0x116e7d070f1888b81e1e0324f56d6746b2d7d8f1,0xdac97b6a3951641b177283028a8f428332333071,0xa68a7f0601effdc65c64d9c47ca1b18d96b4352c,-1792540141808260095791,89992243995103437790,-1792.540141808260159451,89.992243995103450516,CHOG,MON,buy_chog,1792.540141808260159451,89.992243995103450516,0.050203753821837428,17663337438911369956574441720,11587308345962629860257218,-30019,false
2026-05-07T02:29:49Z,72915282,1778113231,2026-05-07T00:20:31Z,0x1893eaf0a063946f45212db9aebd2f1fb2848b47c3f2322c45f2a70ac5046c0a,1,8,0x116e7d070f1888b81e1e0324f56d6746b2d7d8f1,0x0b79d71ae99528d1db24a4148b5f4f865cc2b137,0x0b79d71ae99528d1db24a4148b5f4f865cc2b137,1846182269720646,-90843976102477,0.001846182269720646,-0.000090843976102477,CHOG,MON,sell_chog,0.001846182269720646,0.000090843976102477,0.049206396135644287,17663337438290224727052971533,11587308345962629860257218,-30019,false
2026-05-07T02:29:49Z,72915550,1778113338,2026-05-07T00:22:18Z,0x4f75bea5ead811d3e776aa501b9d74fa4e985083317a7d960268237ea96a8579,3,48,0x116e7d070f1888b81e1e0324f56d6746b2d7d8f1,0xdac97b6a3951641b177283028a8f428332333071,0xa68a7f0601effdc65c64d9c47ca1b18d96b4352c,-614268542766902205853551,31217006584192370719117,-614268.542766902130097151,31217.006584192371519748,CHOG,MON,buy_chog,614268.542766902130097151,31217.006584192371519748,0.050819803409725244,17879871819569896421924082645,11285255912048508570627271,-29775,false
2026-05-07T02:29:49Z,72915551,1778113339,2026-05-07T00:22:19Z,0xb62a015cd92a2945c651f8bcfd90fdb607e4640769d41d2c539961c60907e809,1,5,0x116e7d070f1888b81e1e0324f56d6746b2d7d8f1,0x9e4fe49647e0c7013afb181da699ed741d1559e3,0x9e4fe49647e0c7013afb181da699ed741d1559e3,12748589397948500345096,-642624628047838940083,12748.589397948500845814,-642.624628047838996281,CHOG,MON,sell_chog,12748.589397948500845814,642.624628047838996281,0.050407508469231109,17875360272037129758046849722,11285255912048508570627271,-29780,false
2026-05-07T02:29:49Z,72915551,1778113339,2026-05-07T00:22:19Z,0x81fd0c5100b3d4067bcb835360b97aec0909b2c90d0d3f764262c98dc5a31974,2,12,0x116e7d070f1888b81e1e0324f56d6746b2d7d8f1,0xcee1e713ae68bf4d1baf4e182b592a92ea444ffc,0xcee1e713ae68bf4d1baf4e182b592a92ea444ffc,17366800026639819131883,-874895500589303901936,17366.800026639819407137,-874.895500589303878769,CHOG,MON,sell_chog,17366.800026639819407137,874.895500589303878769,0.050377473066267657,17869218066362406546642357790,11285255912048508570627271,-29787,false
2026-05-07T02:29:49Z,72915551,1778113339,2026-05-07T00:22:19Z,0x1b0399b0b50499d0ed694ad1eb9119644dccb15817004e293ae86d9726c04f3d,9,24,0x116e7d070f1888b81e1e0324f56d6746b2d7d8f1,0x78e90846339c4fccfa5bc9ae81ceae9ccd723bac,0x78e90846339c4fccfa5bc9ae81ceae9ccd723bac,5828913514796442177651,-293511182784961574721,5828.913514796442541410,-293.511182784961590642,CHOG,MON,sell_chog,5828.913514796442541410,293.511182784961590642,0.050354355411157889,17867157470495491931632705497,11285255912048508570627271,-29789,false
2026-05-07T02:29:49Z,72916832,1778113853,2026-05-07T00:30:53Z,0xc29a669b421ee207a3d008e8f0226d7f553afdd0a52cc4aa0fb2f92e499afdd1,3,19,0x116e7d070f1888b81e1e0324f56d6746b2d7d8f1,0x0b79d71ae99528d1db24a4148b5f4f865cc2b137,0x0b79d71ae99528d1db24a4148b5f4f865cc2b137,202210664892190357459,-10180972796962203179,202.210664892190351338,-10.180972796962203475,CHOG,MON,sell_chog,202.210664892190351338,10.180972796962203475,0.050348347365309548,17867085994954875271614466775,11285255912048508570627271,-29789,false
2026-05-07T02:29:49Z,72916844,1778113858,2026-05-07T00:30:58Z,0xac6d58bed07c4732da29441f4096529c024ca0625a663416a8da6cc4993fa5df,4,47,0x116e7d070f1888b81e1e0324f56d6746b2d7d8f1,0x2f84fb8982073f39ba47c7fcc29119af074abbcb,0x2f84fb8982073f39ba47c7fcc29119af074abbcb,94978089391000000000000,-4773002347550493271987,94978.089391000001342036,-4773.002347550493141171,CHOG,MON,sell_chog,94978.089391000001342036,4773.002347550493141171,0.050253720391250326,17833577122083949612520549317,11285255912048508570627273,-29827,false
2026-05-07T02:29:49Z,72920418,1778115288,2026-05-07T00:54:48Z,0x0db2ec05a300ea2856faed7361bc8cd3bd1e06fb1a1d9eada863a664b6b73c04,3,8,0x116e7d070f1888b81e1e0324f56d6746b2d7d8f1,0x4f02a29df8510975d293aab0b32af7340f406fb4,0x4f02a29df8510975d293aab0b32af7340f406fb4,97700000000,-4900580406,0.000000097700000000,-0.000000004900580406,CHOG,MON,sell_chog,0.000000097700000000,0.000000004900580406,0.050159471914022521,17833577122083915207985650105,11285255912048508570627273,-29827,false
2026-05-07T02:29:49Z,72920576,1778115351,2026-05-07T00:55:51Z,0xaa6adf80786f2e515fb23328855be84814051b7da24f6b839c862b703939a7b8,2,7,0x116e7d070f1888b81e1e0324f56d6746b2d7d8f1,0x003989cd92c31a51d8b20bdbd0c51e444f88d081,0x003989cd92c31a51d8b20bdbd0c51e444f88d081,120000000000000000000000,-6004907765765951618848,120000.000000000000000000,-6004.907765765951808135,CHOG,MON,sell_chog,120000.000000000000000000,6004.907765765951808135,0.050040898048049599,17791419654671825937065017831,11285255912048508570627273,-29874,false
2026-05-07T02:29:49Z,72921485,1778115713,2026-05-07T01:01:53Z,0xf107e020174cb889c460c9a40a08b85f2eda59bf72f0e4c96ce690952d86dd5a,5,23,0x116e7d070f1888b81e1e0324f56d6746b2d7d8f1,0x4f02a29df8510975d293aab0b32af7340f406fb4,0x4f02a29df8510975d293aab0b32af7340f406fb4,840000000000,-41934987760,0.000000840000000000,-0.000000041934987760,CHOG,MON,sell_chog,0.000000840000000000,0.000000041934987760,0.049922604476190471,17791419654671531532396554277,11285255912048508570627273,-29874,false
2026-05-07T02:29:49Z,72921543,1778115737,2026-05-07T01:02:17Z,0xdca3db1129a57ff89361b110d30ad5e39727168874dd488cef1af672f18de669,8,29,0x116e7d070f1888b81e1e0324f56d6746b2d7d8f1,0x4f02a29df8510975d293aab0b32af7340f406fb4,0x4f02a29df8510975d293aab0b32af7340f406fb4,49000000000000000000,-2446205258095584056,49.000000000000000000,-2.446205258095584423,CHOG,MON,sell_chog,49.000000000000000000,2.446205258095584423,0.049922556287664989,17791402481082448388190975037,11285255912048508570627273,-29874,false
2026-05-07T02:29:49Z,72921579,1778115751,2026-05-07T01:02:31Z,0x8a85c9d8bea9e7aca46462e65c887ade275b4bd6bbbdce8f3eb5024da4e34be6,4,7,0x116e7d070f1888b81e1e0324f56d6746b2d7d8f1,0xb45373129b4220160b92bd2320869f44d48ecd01,0xb45373129b4220160b92bd2320869f44d48ecd01,1468530000000000000000,-73310579997983928645,1468.529999999999972715,-73.310579997983936096,CHOG,MON,sell_chog,1468.529999999999972715,73.310579997983936096,0.049921063919691075,17790887804003668618913557719,11285255912048508570627273,-29875,false
2026-05-07T02:29:49Z,72922195,1778115997,2026-05-07T01:06:37Z,0xd204a4c8992fb5e98ca118f2c3af1be6e5a8ab9c1339d1277da1a36b9630e78f,7,100,0x116e7d070f1888b81e1e0324f56d6746b2d7d8f1,0x003989cd92c31a51d8b20bdbd0c51e444f88d081,0x90081db402e7386c58c1f184f73fb924e113f122,-640924086941001807054050,33066000000000000000000,-640924.086941001820378006,33066.000000000000000000,CHOG,MON,buy_chog,640924.086941001820378006,33066.000000000000000000,0.051591133292894616,18020706326303258431970771317,11285255912048508570627271,-29618,false
2026-05-07T02:29:49Z,72922196,1778115998,2026-05-07T01:06:38Z,0x6b983fa9b156106c866baa006e269270ee3173c628e36eeb60ecf8216b49c581,1,5,0x116e7d070f1888b81e1e0324f56d6746b2d7d8f1,0x9e4fe49647e0c7013afb181da699ed741d1559e3,0x9e4fe49647e0c7013afb181da699ed741d1559e3,25442365683295299634471,-1302436977592659321193,25442.365683295302005718,-1302.436977592659332004,CHOG,MON,sell_chog,25442.365683295302005718,1302.436977592659332004,0.051191661726951776,18011562564803341555167838276,11285255912048508570627271,-29628,false
2026-05-07T02:29:49Z,72922196,1778115998,2026-05-07T01:06:38Z,0x496efecf3c070c5a6da43931e9f096589e79531c63643d1377855bb303359e06,2,12,0x116e7d070f1888b81e1e0324f56d6746b2d7d8f1,0xcee1e713ae68bf4d1baf4e182b592a92ea444ffc,0xcee1e713ae68bf4d1baf4e182b592a92ea444ffc,39084613446601886613658,-1998233524765946086206,39084.613446601892064791,-1998.233524765945958279,CHOG,MON,sell_chog,39084.613446601892064791,1998.233524765945958279,0.051125835682012538,17997533962202262399319973057,11285255912048508570627271,-29644,false
2026-05-07T02:29:49Z,72922196,1778115998,2026-05-07T01:06:38Z,0x7f496e26b10b4e29c422a70123b1ea85507f36074df77c1408f4d732b5ac248a,8,17,0x116e7d070f1888b81e1e0324f56d6746b2d7d8f1,0x78e90846339c4fccfa5bc9ae81ceae9ccd723bac,0x78e90846339c4fccfa5bc9ae81ceae9ccd723bac,14714536549713634234051,-751486685881908587370,14714.536549713633576175,-751.486685881908556439,CHOG,MON,sell_chog,14714.536549713633576175,751.486685881908556439,0.051071040079514678,17992258148366902929895586285,11285255912048508570627271,-29650,false
2026-05-07T02:29:49Z,72922197,1778115998,2026-05-07T01:06:38Z,0x2c48c34db96ea456525d1c205dafffadde54b5bc31ba36283746fed7deff1983,1,4,0x116e7d070f1888b81e1e0324f56d6746b2d7d8f1,0xe0938d939b8d36bd0fbab97f3a3d1087b52507a8,0xe0938d939b8d36bd0fbab97f3a3d1087b52507a8,842422900480073586931,-43010079968543628108,842.422900480073508334,-43.010079968543628581,CHOG,MON,sell_chog,842.422900480073508334,43.010079968543628581,0.051055212226582838,17991956196011364301461555386,11285255912048508570627271,-29650,false
2026-05-07T02:29:49Z,72922266,1778116026,2026-05-07T01:07:06Z,0x907c6f9907cd5183aec0713516160b4bb11dcafa73dd9d11dce661b86b6a7086,2,19,0x116e7d070f1888b81e1e0324f56d6746b2d7d8f1,0x003989cd92c31a51d8b20bdbd0c51e444f88d081,0xb5cf87d082840d97ffff99c1c3758c4db95d5988,-9500790761448356848231,495000000000000000000,-9500.790761448357443442,495.000000000000000000,CHOG,MON,buy_chog,9500.790761448357443442,495.000000000000000000,0.052100926378525911,17995396593051777322615106651,11285255912048508570627271,-29646,false
2026-05-07T02:29:49Z,72922345,1778116058,2026-05-07T01:07:38Z,0xc617b22415e5776534f3b6e732fb753fdd085c4e940e85487b74987a5330bd62,2,8,0x116e7d070f1888b81e1e0324f56d6746b2d7d8f1,0x4f02a29df8510975d293aab0b32af7340f406fb4,0x4f02a29df8510975d293aab0b32af7340f406fb4,4500000000,-229832470,0.000000004500000000,-0.000000000229832470,CHOG,MON,sell_chog,0.000000004500000000,0.000000000229832470,0.051073882222222221,17995396593051775709075770634,11285255912048508570627271,-29646,false
2026-05-07T02:29:49Z,72922832,1778116254,2026-05-07T01:10:54Z,0x6e5234293998f179a22558e5f9d01464f53d471c863f34d5871196888b2713f9,4,28,0x116e7d070f1888b81e1e0324f56d6746b2d7d8f1,0x0b79d71ae99528d1db24a4148b5f4f865cc2b137,0x0b79d71ae99528d1db24a4148b5f4f865cc2b137,1669595202976356380646,-85269872281683480080,1669.595202976356404179,-85.269872281683475990,CHOG,MON,sell_chog,1669.595202976356404179,85.269872281683475990,0.051072183323044085,17994797955736737855485117449,11285255912048508570627271,-29647,false
2026-05-07T02:29:49Z,72923023,1778116331,2026-05-07T01:12:11Z,0xb82e2880506c125d076d845031f82d903a024630a165558ada95369dcf053be1,5,15,0x116e7d070f1888b81e1e0324f56d6746b2d7d8f1,0x4f02a29df8510975d293aab0b32af7340f406fb4,0x4f02a29df8510975d293aab0b32af7340f406fb4,200000000000000000000,-10214056167423830251,200.000000000000000000,-10.214056167423830601,CHOG,MON,sell_chog,200.000000000000000000,10.214056167423830601,0.051070280837119154,17994726247934250318884190234,11285255912048508570627271,-29647,false
2026-05-07T02:29:49Z,72923436,1778116496,2026-05-07T01:14:56Z,0xbbc2d87c558b56f69cf4da793a38772759980595b959c97124e642db8337728e,4,38,0x116e7d070f1888b81e1e0324f56d6746b2d7d8f1,0x0b167e4e6fd71f373deb34d1018a8dd335a52531,0x0b167e4e6fd71f373deb34d1018a8dd335a52531,34344527750065105240,-1753976487680783923,34.344527750065104499,-1.753976487680783958,CHOG,MON,sell_chog,34.344527750065104499,1.753976487680783958,0.051070042378948098,17994713934138684211354619700,11285255912048508570627271,-29647,false
2026-05-07T02:29:49Z,72923582,1778116555,2026-05-07T01:15:55Z,0x7063100b94d31c0cfe3f39551211c23f8b8de18aeb51199b23b3de04e52ee65c,3,16,0x116e7d070f1888b81e1e0324f56d6746b2d7d8f1,0x8f10b468b06c6fd214b65f87778827f7d113f996,0x8f10b468b06c6fd214b65f87778827f7d113f996,-8135780215484617066130,424000000000000000000,-8135.780215484617656330,424.000000000000000000,CHOG,MON,buy_chog,8135.780215484617656330,424.000000000000000000,0.052115468801997855,17997660860088452132504328259,11285255912048508570627271,-29644,false
2026-05-07T02:29:49Z,72923607,1778116565,2026-05-07T01:16:05Z,0x54aa71a78307d4c5095150064f444f914acb272e4952dc77504f630782e94dc6,4,8,0x116e7d070f1888b81e1e0324f56d6746b2d7d8f1,0x4f02a29df8510975d293aab0b32af7340f406fb4,0x4f02a29df8510975d293aab0b32af7340f406fb4,20000000000000,-1021734717672,0.000020000000000000,-0.000001021734717672,CHOG,MON,sell_chog,0.000020000000000000,0.000001021734717672,0.051086735883600000,17997660860081279041801814118,11285255912048508570627271,-29644,false
2026-05-07T02:29:49Z,72924176,1778116793,2026-05-07T01:19:53Z,0xd64b315dc0b79dbc319ad87ec3f36bfe2065593060ae1dfc6d752aa015d1dc91,5,77,0x116e7d070f1888b81e1e0324f56d6746b2d7d8f1,0x4f02a29df8510975d293aab0b32af7340f406fb4,0x4f02a29df8510975d293aab0b32af7340f406fb4,4600000000000000000,-234998963522636246,4.599999999999999645,-0.234998963522636245,CHOG,MON,sell_chog,4.599999999999999645,0.234998963522636245,0.051086731200573103,17997659210270568699172981479,11285255912048508570627271,-29644,false
2026-05-07T02:29:49Z,72924339,1778116859,2026-05-07T01:20:59Z,0x117447d95be1f894b290fa6804fbf3c27bfa2d7827b53b047ffcceaa6cf51fb3,3,20,0x116e7d070f1888b81e1e0324f56d6746b2d7d8f1,0x0b79d71ae99528d1db24a4148b5f4f865cc2b137,0x0b79d71ae99528d1db24a4148b5f4f865cc2b137,10736807813827633511,-548508247096936472,10.736807813827633495,-0.548508247096936463,CHOG,MON,sell_chog,10.736807813827633495,0.548508247096936463,0.051086715586966924,17997655359467283413111677686,11285255912048508570627271,-29644,false
2026-05-07T02:29:49Z,72924803,1778117046,2026-05-07T01:24:06Z,0x7f3b6e68b16344fa40f40ad1f3d5b09d3c184ef9b153161e28877862448a7830,4,26,0x116e7d070f1888b81e1e0324f56d6746b2d7d8f1,0xdac97b6a3951641b177283028a8f428332333071,0xfb78fcae443eb423b59b8c186518c5df94416344,-2101607779216982177490,109548778693843612500,-2101.607779216982180515,109.548778693843615883,CHOG,MON,buy_chog,2101.607779216982180515,109.548778693843615883,0.052126176814333708,17998416756020817070876554798,11285255912048508570627271,-29643,false
2026-05-07T02:29:49Z,72925883,1778117479,2026-05-07T01:31:19Z,0x0a4ea49cc7c038be3b06ef6bb74ad69c798812b6365e2d8c643de86a2ce777c1,7,109,0x116e7d070f1888b81e1e0324f56d6746b2d7d8f1,0x0b79d71ae99528d1db24a4148b5f4f865cc2b137,0x0b79d71ae99528d1db24a4148b5f4f865cc2b137,60401698202614347,-3085984803682170,0.060401698202614346,-0.003085984803682170,CHOG,MON,sell_chog,0.060401698202614346,0.003085984803682170,0.051091027165004445,17998416734355654362280088014,11285255912048508570627271,-29643,false
2026-05-07T02:29:49Z,72927418,1778118094,2026-05-07T01:41:34Z,0xc86c5072cf808ed28406990acc1564f548966c8caf91d075ef85c1147c3339e9,1,5,0x116e7d070f1888b81e1e0324f56d6746b2d7d8f1,0xdac97b6a3951641b177283028a8f428332333071,0x2723e2a6cc83e49c457aae4592c9cee25a81250c,-5696818702905358036934,297000000000000000000,-5696.818702905357895361,297.000000000000000000,CHOG,MON,buy_chog,5696.818702905357895361,297.000000000000000000,0.052134360506949438,18000480972579902174972218773,11285255912048508570627271,-29641,false
2026-05-07T02:29:49Z,72927643,1778118184,2026-05-07T01:43:04Z,0xce7a32ecc8295cca9f7aea270a1eb09ac1ef79a192f702f4eadb08f170843e74,3,8,0x116e7d070f1888b81e1e0324f56d6746b2d7d8f1,0x003989cd92c31a51d8b20bdbd0c51e444f88d081,0x72330d6d66b1b0680d36d2d8168647578b8b9e7b,-563037228987563007216862,29700000000000000000000,-563037.228987563052214682,29700.000000000000000000,CHOG,MON,buy_chog,563037.228987563052214682,29700.000000000000000000,0.052749620222104429,18211665998364265164099435551,10978246814039755159231562,-29407,false
2026-05-07T02:29:49Z,72927644,1778118184,2026-05-07T01:43:04Z,0xd91f039d401b29cb65ab076e2440966bb4b11337b27666a764c160cae14d7a9c,1,5,0x116e7d070f1888b81e1e0324f56d6746b2d7d8f1,0x9e4fe49647e0c7013afb181da699ed741d1559e3,0x9e4fe49647e0c7013afb181da699ed741d1559e3,9376918616093581501728,-490400744792982945140,9376.918616093580567394,-490.400744792982948184,CHOG,MON,sell_chog,9376.918616093580567394,490.400744792982948184,0.052298709722329195,18208126858594162157527330106,10978246814039755159231562,-29411,false
2026-05-07T02:29:49Z,72927644,1778118184,2026-05-07T01:43:04Z,0x86a092c6f473b7f78f934797441cf981f4884c8398e94ad6cccc94eca19b0b4d,3,14,0x116e7d070f1888b81e1e0324f56d6746b2d7d8f1,0x8a00dcaa5d9981c8667638041e22b17b4a3f5a7f,0x8a00dcaa5d9981c8667638041e22b17b4a3f5a7f,11041986235136494272576,-577237312802326782302,11041.986235136493633036,-577.237312802326755445,CHOG,MON,sell_chog,11041.986235136493633036,577.237312802326755445,0.052276583262303923,18203961033904420911602025733,10978246814039755159231562,-29416,false
2026-05-07T02:29:49Z,72927645,1778118185,2026-05-07T01:43:05Z,0x3672cd337b17ea72c68980cbab11f6aaf51838e8984a6f6167a0a39b99eaef02,3,83,0x116e7d070f1888b81e1e0324f56d6746b2d7d8f1,0x456c799340a7b1f4257e2343b028ecb10d5e4e3b,0xe3ab87de2ab89edac454deae006c151f8f189736,442113004266900824631,-23106657794684977808,442.113004266900816219,-23.106657794684977603,CHOG,MON,sell_chog,442.113004266900816219,23.106657794684977603,0.052264144170560599,18203794277037871184495500602,10978246814039755159231562,-29416,false
2026-05-07T02:29:49Z,72928026,1778118337,2026-05-07T01:45:37Z,0xb9f81db30842b2e12afdbcf1d3ab353f2660d114a02b14b5efded69dc288d703,3,12,0x116e7d070f1888b81e1e0324f56d6746b2d7d8f1,0xdac97b6a3951641b177283028a8f428332333071,0x646462f4d0168a94fe1884c8ae82148a3618a18d,97884731324898180000000,-5105460221023509806664,97884.731324898180901073,-5105.460221023509802762,CHOG,MON,sell_chog,97884.731324898180901073,5105.460221023509802762,0.052157881540048461,18166949028524778520961923909,10978246814039755159231562,-29457,false
2026-05-07T02:29:49Z,72928805,1778118648,2026-05-07T01:50:48Z,0x9abbd3127774b8646090e6d3d7c3ff9d37e3c862dbf820288f628be451fb692a,3,8,0x116e7d070f1888b81e1e0324f56d6746b2d7d8f1,0xdac97b6a3951641b177283028a8f428332333071,0x94078efc81fb0efaa86367db7464356e87a214ff,-110535653695481664609109,5884043057141787072980,-110535.653695481669274159,5884.043057141786448483,CHOG,MON,buy_chog,110535.653695481669274159,5884.043057141786448483,0.053232082684849642,18208988537035938269998167364,10978246814039755159231562,-29410,false
2026-05-07T02:29:49Z,72928888,1778118682,2026-05-07T01:51:22Z,0x8dd77692b72476f507129ef4a9a4111501b5d7fa033b7dd0d0b6851200c0afab,1,10,0x116e7d070f1888b81e1e0324f56d6746b2d7d8f1,0x8f10b468b06c6fd214b65f87778827f7d113f996,0x8f10b468b06c6fd214b65f87778827f7d113f996,28748953285944886665811,-1502488013086886367672,28748.953285944884555647,-1502.488013086886439851,CHOG,MON,sell_chog,28748.953285944884555647,1502.488013086886439851,0.052262355367958382,18198145333517836815632062279,10978246814039755159231562,-29422,false
2026-05-07T02:29:49Z,72928910,1778118690,2026-05-07T01:51:30Z,0xcc740cb46a61132e82cfacce2462775bb3a7d606c88c270b4056d43e67aa1dc5,21,226,0x116e7d070f1888b81e1e0324f56d6746b2d7d8f1,0x0b79d71ae99528d1db24a4148b5f4f865cc2b137,0x0b79d71ae99528d1db24a4148b5f4f865cc2b137,686705740449243044641,-35866977945501834965,686.705740449243080548,-35.866977945501837155,CHOG,MON,sell_chog,686.705740449243080548,35.866977945501837155,0.052230490926197373,18197886487564954100296845057,10978246814039755159231562,-29422,false
2026-05-07T02:29:49Z,72929956,1778119108,2026-05-07T01:58:28Z,0x26e048d441c3260537f18dac1cad2b857cf614d9e97447a0a7a6f3ee2b90b076,3,7,0x116e7d070f1888b81e1e0324f56d6746b2d7d8f1,0xc9ca80b5ea956afa98627963d1880033545d108e,0x8694650ac7a089cded87014ab2677b054ae0ab4d,-129675491606526721046940,6930000000000000000000,-129675.491606526731629856,6929.999999999999090505,CHOG,MON,buy_chog,129675.491606526731629856,6929.999999999999090505,0.053441092947830421,18250773652776088647051070590,9850842851162636973980526,-29364,false
2026-05-07T02:29:49Z,72930033,1778119139,2026-05-07T01:58:59Z,0x44e1f300e6675320a5af0e9525233a22cc521a04c74e0054724fda7eae40b47b,2,11,0x116e7d070f1888b81e1e0324f56d6746b2d7d8f1,0xcd4f54854795b984d72b69e823df80827635dd5d,0xdb37009956f3b3e39eaa40c0bbd609132e059861,386466013493875069724,-20302335803850734883,386.466013493875038876,-20.302335803850734663,CHOG,MON,sell_chog,386.466013493875038876,20.302335803850734663,0.052533302010973594,18250610365554397072734705849,9850842851162636973980526,-29365,false
2026-05-07T02:29:49Z,72930438,1778119300,2026-05-07T02:01:40Z,0xfabb5ff653f72f5bf56a49a35fdb5f8a1000b9313a224dcce4ed94d23f13749e,3,16,0x116e7d070f1888b81e1e0324f56d6746b2d7d8f1,0x0b79d71ae99528d1db24a4148b5f4f865cc2b137,0x0b79d71ae99528d1db24a4148b5f4f865cc2b137,172716812875549370316,-9073267035592735928,172.716812875549379669,-9.073267035592735397,CHOG,MON,sell_chog,172.716812875549379669,9.073267035592735397,0.052532621952273130,18250537391263151890998717442,9850842851162636973980526,-29365,false
2026-05-07T02:29:49Z,72930926,1778119494,2026-05-07T02:04:54Z,0x139f7aa987b20a806b54a54581bce8ef4401b61ff6ecf35367d03ba88d297046,3,28,0x116e7d070f1888b81e1e0324f56d6746b2d7d8f1,0x8f10b468b06c6fd214b65f87778827f7d113f996,0x8f10b468b06c6fd214b65f87778827f7d113f996,-100511290921703117611880,5400000000000000000000,-100511.290921703126514331,5400.000000000000000000,CHOG,MON,buy_chog,100511.290921703126514331,5400.000000000000000000,0.053725307380705356,18293534093494704350796759198,9850842851162636973980526,-29318,false
2026-05-07T02:29:49Z,72931063,1778119549,2026-05-07T02:05:49Z,0x15ba3449e9c668002a35173633f828b6d858e7d0ba4a047ac32e6b8e2b322953,3,10,0x116e7d070f1888b81e1e0324f56d6746b2d7d8f1,0x8f10b468b06c6fd214b65f87778827f7d113f996,0x8f10b468b06c6fd214b65f87778827f7d113f996,136000000000000000000000,-7157427171119161361128,136000.000000000000000000,-7157.427171119161357637,CHOG,MON,sell_chog,136000.000000000000000000,7157.427171119161357637,0.052628140964111482,18240821272091126296472650867,10757720569647756931703059,-29375,false
2026-05-07T02:29:49Z,72931160,1778119588,2026-05-07T02:06:28Z,0x36e4dfcb092b99613e01ff4363e3efcad1be680231cb44082e3a6f72b70ad412,3,16,0x116e7d070f1888b81e1e0324f56d6746b2d7d8f1,0x2f84fb8982073f39ba47c7fcc29119af074abbcb,0x2f84fb8982073f39ba47c7fcc29119af074abbcb,209591980524924391546501,-10950025979557269669854,209591.980524924380006269,-10950.025979557271057274,CHOG,MON,sell_chog,209591.980524924380006269,10950.025979557271057274,0.052244489279279029,18160176824019894571356391552,10757720569647756931703059,-29464,false
2026-05-07T02:29:49Z,72931184,1778119597,2026-05-07T02:06:37Z,0xbea0278dd165603b9b0a640ed313781da2aa379db111e008119766718030c06b,5,13,0x116e7d070f1888b81e1e0324f56d6746b2d7d8f1,0xdac97b6a3951641b177283028a8f428332333071,0xfb78fcae443eb423b59b8c186518c5df94416344,-39537344720812470735785,2100000000000000000000,-39537.344720812470768578,2100.000000000000000000,CHOG,MON,buy_chog,39537.344720812470768578,2100.000000000000000000,0.053114340753757282,18175488185641601843388129411,10757720569647756931703059,-29447,false
2026-05-07T02:29:49Z,72931656,1778119786,2026-05-07T02:09:46Z,0x2c488d85a68db7d73045224b786c370fae433638cb3785000f375261b7f1d893,3,43,0x116e7d070f1888b81e1e0324f56d6746b2d7d8f1,0x003989cd92c31a51d8b20bdbd0c51e444f88d081,0x415295aca2dec303ef096e9f22576fe3538b5f0a,-2793336265397020637570,148500000000000000000,-2793.336265397020724777,148.500000000000000000,CHOG,MON,buy_chog,2793.336265397020724777,148.500000000000000000,0.053162235366923681,18176552338272292542652587246,10945542938210370381550726,-29446,false
2026-05-07T02:29:49Z,72931994,1778119919,2026-05-07T02:11:59Z,0xef9854224d7824265a2ee80224c4ba7f34a147e99b198ce2e43bd6390bdcd669,6,73,0x116e7d070f1888b81e1e0324f56d6746b2d7d8f1,0x0b79d71ae99528d1db24a4148b5f4f865cc2b137,0x0b79d71ae99528d1db24a4148b5f4f865cc2b137,2040636934781510045709,-106327695964670570946,2040.636934781510035464,-106.327695964670567719,CHOG,MON,sell_chog,2040.636934781510035464,106.327695964670567719,0.052105151167449106,18175782696416862246175690879,10945542938210370381550726,-29447,false
2026-05-07T02:29:49Z,72932356,1778120064,2026-05-07T02:14:24Z,0xefbcc92111e04f5116056ed5f4b7cb3555c41e9ddc071b3f3d0c307030ab7bdf,6,31,0x116e7d070f1888b81e1e0324f56d6746b2d7d8f1,0x8f10b468b06c6fd214b65f87778827f7d113f996,0x8f10b468b06c6fd214b65f87778827f7d113f996,-7523148336053882195096,400000000000000000000,-7523.148336053882303531,400.000000000000000000,CHOG,MON,buy_chog,7523.148336053882303531,400.000000000000000000,0.053169229441222481,18178649100809295106147294475,10945542938210370381550726,-29444,false
2026-05-07T02:29:49Z,72932501,1778120122,2026-05-07T02:15:22Z,0x3449bf23703d9805247c044a16b771912fd49145b21793f3a2d7b5d4b789a203,8,61,0x116e7d070f1888b81e1e0324f56d6746b2d7d8f1,0xdac97b6a3951641b177283028a8f428332333071,0xfb78fcae443eb423b59b8c186518c5df94416344,-15458786848373366608872,822327887561042191149,-15458.786848373365501175,822.327887561042189191,CHOG,MON,buy_chog,15458.786848373365501175,822.327887561042189191,0.053194852586221586,18184541911481607621974454071,10945542938210370381550726,-29437,false
2026-05-07T02:29:49Z,72933499,1778120520,2026-05-07T02:22:00Z,0x342db9a9bdefd5ca2be27029fb9742690c219722f1b232020f935c732485d78a,2,8,0x116e7d070f1888b81e1e0324f56d6746b2d7d8f1,0x0b79d71ae99528d1db24a4148b5f4f865cc2b137,0x0b79d71ae99528d1db24a4148b5f4f865cc2b137,11836241439630430553,-617297426226241809,11.836241439630430961,-0.617297426226241841,CHOG,MON,sell_chog,11.836241439630430961,0.617297426226241841,0.052153162756497139,18184537443239047085613712573,10945542938210370381550726,-29437,false
2026-05-07T02:29:49Z,72933960,1778120705,2026-05-07T02:25:05Z,0xcf1141838ae46fd88fd8ce3650894a9e5fc3a46063f5ee3f9c22b9fbcecf03fe,3,32,0x116e7d070f1888b81e1e0324f56d6746b2d7d8f1,0x003989cd92c31a51d8b20bdbd0c51e444f88d081,0x003989cd92c31a51d8b20bdbd0c51e444f88d081,10000000000000000000000,-521423253640677084993,10000.000000000000000000,-521.423253640677103249,CHOG,MON,sell_chog,10000.000000000000000000,521.423253640677103249,0.052142325364067710,18180763175803309029954510456,10945542938210370381550726,-29441,false
