transaction_hash,block_datetime_utc,swaps,direction_set,buy_chog,sell_chog,net_buy_chog,mon_volume,chog_volume,avg_price_mon_per_chog
0xd204a4c8992fb5e98ca118f2c3af1be6e5a8ab9c1339d1277da1a36b9630e78f,2026-05-07T01:06:37Z,1,buy_chog,640924.086941001820378006,0.000000000000000000,640924.086941001820378006,33066.000000000000000000,640924.086941001820378006,0.051591133292894616
0x4f75bea5ead811d3e776aa501b9d74fa4e985083317a7d960268237ea96a8579,2026-05-07T00:22:18Z,1,buy_chog,614268.542766902130097151,0.000000000000000000,614268.542766902130097151,31217.006584192371519748,614268.542766902130097151,0.050819803409725244
0xce7a32ecc8295cca9f7aea270a1eb09ac1ef79a192f702f4eadb08f170843e74,2026-05-07T01:43:04Z,1,buy_chog,563037.228987563052214682,0.000000000000000000,563037.228987563052214682,29700.000000000000000000,563037.228987563052214682,0.052749620222104429
0x36e4dfcb092b99613e01ff4363e3efcad1be680231cb44082e3a6f72b70ad412,2026-05-07T02:06:28Z,1,sell_chog,0.000000000000000000,209591.980524924380006269,-209591.980524924380006269,10950.025979557271057274,209591.980524924380006269,0.052244489279279029
0x15ba3449e9c668002a35173633f828b6d858e7d0ba4a047ac32e6b8e2b322953,2026-05-07T02:05:49Z,1,sell_chog,0.000000000000000000,136000.000000000000000000,-136000.000000000000000000,7157.427171119161357637,136000.000000000000000000,0.052628140964111482
0x26e048d441c3260537f18dac1cad2b857cf614d9e97447a0a7a6f3ee2b90b076,2026-05-07T01:58:28Z,1,buy_chog,129675.491606526731629856,0.000000000000000000,129675.491606526731629856,6929.999999999999090505,129675.491606526731629856,0.053441092947830421
0xaa6adf80786f2e515fb23328855be84814051b7da24f6b839c862b703939a7b8,2026-05-07T00:55:51Z,1,sell_chog,0.000000000000000000,120000.000000000000000000,-120000.000000000000000000,6004.907765765951808135,120000.000000000000000000,0.050040898048049599
0x9abbd3127774b8646090e6d3d7c3ff9d37e3c862dbf820288f628be451fb692a,2026-05-07T01:50:48Z,1,buy_chog,110535.653695481669274159,0.000000000000000000,110535.653695481669274159,5884.043057141786448483,110535.653695481669274159,0.053232082684849642
0x139f7aa987b20a806b54a54581bce8ef4401b61ff6ecf35367d03ba88d297046,2026-05-07T02:04:54Z,1,buy_chog,100511.290921703126514331,0.000000000000000000,100511.290921703126514331,5400.000000000000000000,100511.290921703126514331,0.053725307380705356
0xb9f81db30842b2e12afdbcf1d3ab353f2660d114a02b14b5efded69dc288d703,2026-05-07T01:45:37Z,1,sell_chog,0.000000000000000000,97884.731324898180901073,-97884.731324898180901073,5105.460221023509802762,97884.731324898180901073,0.052157881540048461
0xac6d58bed07c4732da29441f4096529c024ca0625a663416a8da6cc4993fa5df,2026-05-07T00:30:58Z,1,sell_chog,0.000000000000000000,94978.089391000001342036,-94978.089391000001342036,4773.002347550493141171,94978.089391000001342036,0.050253720391250326
0xbea0278dd165603b9b0a640ed313781da2aa379db111e008119766718030c06b,2026-05-07T02:06:37Z,1,buy_chog,39537.344720812470768578,0.000000000000000000,39537.344720812470768578,2100.000000000000000000,39537.344720812470768578,0.053114340753757282
0x496efecf3c070c5a6da43931e9f096589e79531c63643d1377855bb303359e06,2026-05-07T01:06:38Z,1,sell_chog,0.000000000000000000,39084.613446601892064791,-39084.613446601892064791,1998.233524765945958279,39084.613446601892064791,0.051125835682012538
0x8dd77692b72476f507129ef4a9a4111501b5d7fa033b7dd0d0b6851200c0afab,2026-05-07T01:51:22Z,1,sell_chog,0.000000000000000000,28748.953285944884555647,-28748.953285944884555647,1502.488013086886439851,28748.953285944884555647,0.052262355367958382
0x6b983fa9b156106c866baa006e269270ee3173c628e36eeb60ecf8216b49c581,2026-05-07T01:06:38Z,1,sell_chog,0.000000000000000000,25442.365683295302005718,-25442.365683295302005718,1302.436977592659332004,25442.365683295302005718,0.051191661726951776
0x81fd0c5100b3d4067bcb835360b97aec0909b2c90d0d3f764262c98dc5a31974,2026-05-07T00:22:19Z,1,sell_chog,0.000000000000000000,17366.800026639819407137,-17366.800026639819407137,874.895500589303878769,17366.800026639819407137,0.050377473066267657
0x3449bf23703d9805247c044a16b771912fd49145b21793f3a2d7b5d4b789a203,2026-05-07T02:15:22Z,1,buy_chog,15458.786848373365501175,0.000000000000000000,15458.786848373365501175,822.327887561042189191,15458.786848373365501175,0.053194852586221586
0x7f496e26b10b4e29c422a70123b1ea85507f36074df77c1408f4d732b5ac248a,2026-05-07T01:06:38Z,1,sell_chog,0.000000000000000000,14714.536549713633576175,-14714.536549713633576175,751.486685881908556439,14714.536549713633576175,0.051071040079514678
0xb62a015cd92a2945c651f8bcfd90fdb607e4640769d41d2c539961c60907e809,2026-05-07T00:22:19Z,1,sell_chog,0.000000000000000000,12748.589397948500845814,-12748.589397948500845814,642.624628047838996281,12748.589397948500845814,0.050407508469231109
0x86a092c6f473b7f78f934797441cf981f4884c8398e94ad6cccc94eca19b0b4d,2026-05-07T01:43:04Z,1,sell_chog,0.000000000000000000,11041.986235136493633036,-11041.986235136493633036,577.237312802326755445,11041.986235136493633036,0.052276583262303923
0xcf1141838ae46fd88fd8ce3650894a9e5fc3a46063f5ee3f9c22b9fbcecf03fe,2026-05-07T02:25:05Z,1,sell_chog,0.000000000000000000,10000.000000000000000000,-10000.000000000000000000,521.423253640677103249,10000.000000000000000000,0.052142325364067710
0x907c6f9907cd5183aec0713516160b4bb11dcafa73dd9d11dce661b86b6a7086,2026-05-07T01:07:06Z,1,buy_chog,9500.790761448357443442,0.000000000000000000,9500.790761448357443442,495.000000000000000000,9500.790761448357443442,0.052100926378525911
0xd91f039d401b29cb65ab076e2440966bb4b11337b27666a764c160cae14d7a9c,2026-05-07T01:43:04Z,1,sell_chog,0.000000000000000000,9376.918616093580567394,-9376.918616093580567394,490.400744792982948184,9376.918616093580567394,0.052298709722329195
0x7063100b94d31c0cfe3f39551211c23f8b8de18aeb51199b23b3de04e52ee65c,2026-05-07T01:15:55Z,1,buy_chog,8135.780215484617656330,0.000000000000000000,8135.780215484617656330,424.000000000000000000,8135.780215484617656330,0.052115468801997855
0xefbcc92111e04f5116056ed5f4b7cb3555c41e9ddc071b3f3d0c307030ab7bdf,2026-05-07T02:14:24Z,1,buy_chog,7523.148336053882303531,0.000000000000000000,7523.148336053882303531,400.000000000000000000,7523.148336053882303531,0.053169229441222481
0x1b0399b0b50499d0ed694ad1eb9119644dccb15817004e293ae86d9726c04f3d,2026-05-07T00:22:19Z,1,sell_chog,0.000000000000000000,5828.913514796442541410,-5828.913514796442541410,293.511182784961590642,5828.913514796442541410,0.050354355411157889
0xc86c5072cf808ed28406990acc1564f548966c8caf91d075ef85c1147c3339e9,2026-05-07T01:41:34Z,1,buy_chog,5696.818702905357895361,0.000000000000000000,5696.818702905357895361,297.000000000000000000,5696.818702905357895361,0.052134360506949438
0x2c488d85a68db7d73045224b786c370fae433638cb3785000f375261b7f1d893,2026-05-07T02:09:46Z,1,buy_chog,2793.336265397020724777,0.000000000000000000,2793.336265397020724777,148.500000000000000000,2793.336265397020724777,0.053162235366923681
0x7f3b6e68b16344fa40f40ad1f3d5b09d3c184ef9b153161e28877862448a7830,2026-05-07T01:24:06Z,1,buy_chog,2101.607779216982180515,0.000000000000000000,2101.607779216982180515,109.548778693843615883,2101.607779216982180515,0.052126176814333708
0xef9854224d7824265a2ee80224c4ba7f34a147e99b198ce2e43bd6390bdcd669,2026-05-07T02:11:59Z,1,sell_chog,0.000000000000000000,2040.636934781510035464,-2040.636934781510035464,106.327695964670567719,2040.636934781510035464,0.052105151167449106
0x5aa8d4a9dc18668f25a585a08c89d71ec12723af8de2dd482897b55c4ed689b2,2026-05-07T00:18:39Z,1,buy_chog,1792.540141808260159451,0.000000000000000000,1792.540141808260159451,89.992243995103450516,1792.540141808260159451,0.050203753821837428
0x6e5234293998f179a22558e5f9d01464f53d471c863f34d5871196888b2713f9,2026-05-07T01:10:54Z,1,sell_chog,0.000000000000000000,1669.595202976356404179,-1669.595202976356404179,85.269872281683475990,1669.595202976356404179,0.051072183323044085
0x8a85c9d8bea9e7aca46462e65c887ade275b4bd6bbbdce8f3eb5024da4e34be6,2026-05-07T01:02:31Z,1,sell_chog,0.000000000000000000,1468.529999999999972715,-1468.529999999999972715,73.310579997983936096,1468.529999999999972715,0.049921063919691075
0x2c48c34db96ea456525d1c205dafffadde54b5bc31ba36283746fed7deff1983,2026-05-07T01:06:38Z,1,sell_chog,0.000000000000000000,842.422900480073508334,-842.422900480073508334,43.010079968543628581,842.422900480073508334,0.051055212226582838
0xcc740cb46a61132e82cfacce2462775bb3a7d606c88c270b4056d43e67aa1dc5,2026-05-07T01:51:30Z,1,sell_chog,0.000000000000000000,686.705740449243080548,-686.705740449243080548,35.866977945501837155,686.705740449243080548,0.052230490926197373
0x3672cd337b17ea72c68980cbab11f6aaf51838e8984a6f6167a0a39b99eaef02,2026-05-07T01:43:05Z,1,sell_chog,0.000000000000000000,442.113004266900816219,-442.113004266900816219,23.106657794684977603,442.113004266900816219,0.052264144170560599
0x44e1f300e6675320a5af0e9525233a22cc521a04c74e0054724fda7eae40b47b,2026-05-07T01:58:59Z,1,sell_chog,0.000000000000000000,386.466013493875038876,-386.466013493875038876,20.302335803850734663,386.466013493875038876,0.052533302010973594
0xc29a669b421ee207a3d008e8f0226d7f553afdd0a52cc4aa0fb2f92e499afdd1,2026-05-07T00:30:53Z,1,sell_chog,0.000000000000000000,202.210664892190351338,-202.210664892190351338,10.180972796962203475,202.210664892190351338,0.050348347365309548
0xb82e2880506c125d076d845031f82d903a024630a165558ada95369dcf053be1,2026-05-07T01:12:11Z,1,sell_chog,0.000000000000000000,200.000000000000000000,-200.000000000000000000,10.214056167423830601,200.000000000000000000,0.051070280837119154
0xfabb5ff653f72f5bf56a49a35fdb5f8a1000b9313a224dcce4ed94d23f13749e,2026-05-07T02:01:40Z,1,sell_chog,0.000000000000000000,172.716812875549379669,-172.716812875549379669,9.073267035592735397,172.716812875549379669,0.052532621952273130
0xdca3db1129a57ff89361b110d30ad5e39727168874dd488cef1af672f18de669,2026-05-07T01:02:17Z,1,sell_chog,0.000000000000000000,49.000000000000000000,-49.000000000000000000,2.446205258095584423,49.000000000000000000,0.049922556287664989
0xbbc2d87c558b56f69cf4da793a38772759980595b959c97124e642db8337728e,2026-05-07T01:14:56Z,1,sell_chog,0.000000000000000000,34.344527750065104499,-34.344527750065104499,1.753976487680783958,34.344527750065104499,0.051070042378948098
0x342db9a9bdefd5ca2be27029fb9742690c219722f1b232020f935c732485d78a,2026-05-07T02:22:00Z,1,sell_chog,0.000000000000000000,11.836241439630430961,-11.836241439630430961,0.617297426226241841,11.836241439630430961,0.052153162756497139
0x117447d95be1f894b290fa6804fbf3c27bfa2d7827b53b047ffcceaa6cf51fb3,2026-05-07T01:20:59Z,1,sell_chog,0.000000000000000000,10.736807813827633495,-10.736807813827633495,0.548508247096936463,10.736807813827633495,0.051086715586966924
0xd64b315dc0b79dbc319ad87ec3f36bfe2065593060ae1dfc6d752aa015d1dc91,2026-05-07T01:19:53Z,1,sell_chog,0.000000000000000000,4.599999999999999645,-4.599999999999999645,0.234998963522636245,4.599999999999999645,0.051086731200573103
0x0a4ea49cc7c038be3b06ef6bb74ad69c798812b6365e2d8c643de86a2ce777c1,2026-05-07T01:31:19Z,1,sell_chog,0.000000000000000000,0.060401698202614346,-0.060401698202614346,0.003085984803682170,0.060401698202614346,0.051091027165004445
0x1893eaf0a063946f45212db9aebd2f1fb2848b47c3f2322c45f2a70ac5046c0a,2026-05-07T00:20:31Z,1,sell_chog,0.000000000000000000,0.001846182269720646,-0.001846182269720646,0.000090843976102477,0.001846182269720646,0.049206396135644287
0x54aa71a78307d4c5095150064f444f914acb272e4952dc77504f630782e94dc6,2026-05-07T01:16:05Z,1,sell_chog,0.000000000000000000,0.000020000000000000,-0.000020000000000000,0.000001021734717672,0.000020000000000000,0.051086735883600000
0xf107e020174cb889c460c9a40a08b85f2eda59bf72f0e4c96ce690952d86dd5a,2026-05-07T01:01:53Z,1,sell_chog,0.000000000000000000,0.000000840000000000,-0.000000840000000000,0.000000041934987760,0.000000840000000000,0.049922604476190471
0x0db2ec05a300ea2856faed7361bc8cd3bd1e06fb1a1d9eada863a664b6b73c04,2026-05-07T00:54:48Z,1,sell_chog,0.000000000000000000,0.000000097700000000,-0.000000097700000000,0.000000004900580406,0.000000097700000000,0.050159471914022521
0xc617b22415e5776534f3b6e732fb753fdd085c4e940e85487b74987a5330bd62,2026-05-07T01:07:38Z,1,sell_chog,0.000000000000000000,0.000000004500000000,-0.000000004500000000,0.000000000229832470,0.000000004500000000,0.051073882222222221
