horizon,slippage_bps_per_side,model,target_type,target_threshold,folds_used,mean_features_per_fold,n_oos,n_top_decile,oos_spearman,oos_auc,all_mean_net_return,top_decile_mean_net_return,top_decile_lift,top_decile_positive_rate,top_decile_gt_2pct_rate,top_decile_gt_5pct_rate,break_even_exceedance_rate,research_status
15m,0,logistic,classification,0.02,5,28.0,5910,337,0.056053439572006925,0.5150607619571682,-0.022820755616728458,-0.010171507889305965,0.012649247727422493,0.29080118694362017,0.10979228486646884,0.05341246290801187,0.29080118694362017,failed_after_cost
15m,0,random_forest,regression,0.0,5,28.0,5910,303,0.09587124246631863,,-0.022820755616728458,-0.01108375587322863,0.011736999743499827,0.28052805280528054,0.16501650165016502,0.06930693069306931,0.28052805280528054,failed_after_cost
15m,0,logistic,classification,0.0,5,28.0,5910,298,0.06758768467967546,0.5439183538085944,-0.022820755616728458,-0.011452613735771134,0.011368141880957324,0.2684563758389262,0.09060402684563758,0.030201342281879196,0.2684563758389262,failed_after_cost
15m,0,elastic_net,regression,0.0,5,28.0,5910,293,0.0823613061206295,,-0.022820755616728458,-0.011540565440785841,0.011280190175942617,0.30716723549488056,0.11262798634812286,0.034129692832764506,0.30716723549488056,failed_after_cost
15m,0,ridge,regression,0.0,5,28.0,5910,316,0.06138451644043248,,-0.022820755616728458,-0.011912054354958335,0.010908701261770123,0.2689873417721519,0.10759493670886076,0.04113924050632911,0.2689873417721519,failed_after_cost
15m,0,logistic,classification,0.05,5,28.0,5910,489,0.021979679979056824,0.5095447297704135,-0.022820755616728458,-0.02052444182636939,0.0022963137903590676,0.16155419222903886,0.049079754601226995,0.016359918200409,0.16155419222903886,failed_after_cost
15m,50,logistic,classification,0.0,5,28.0,5910,268,0.025248734146068753,0.525543893358266,-0.03282075561672846,-0.02148641179958479,0.011334343817143669,0.1455223880597015,0.06716417910447761,0.033582089552238806,0.1455223880597015,failed_after_cost
15m,50,elastic_net,regression,0.0,5,28.0,5910,293,0.0823613061206295,,-0.03282075561672846,-0.021540565440785843,0.011280190175942617,0.17406143344709898,0.07508532423208192,0.027303754266211604,0.17406143344709898,failed_after_cost
15m,50,ridge,regression,0.0,5,28.0,5910,316,0.06138451644043248,,-0.03282075561672846,-0.02191205435495834,0.01090870126177012,0.15822784810126583,0.0759493670886076,0.03481012658227848,0.15822784810126583,failed_after_cost
15m,50,logistic,classification,0.02,5,28.0,5910,402,0.05967680353601126,0.5313114967363495,-0.03282075561672846,-0.02374872585552144,0.00907202976120702,0.13432835820895522,0.05721393034825871,0.022388059701492536,0.13432835820895522,failed_after_cost
15m,50,logistic,classification,0.05,5,28.0,5910,545,0.01992771344887289,0.5633746841386296,-0.03282075561672846,-0.026763229968552384,0.006057525648176076,0.12293577981651377,0.06788990825688074,0.029357798165137616,0.12293577981651377,failed_after_cost
15m,100,random_forest_classifier,classification,0.0,5,28.0,5910,206,0.041665451806852986,0.5457219313542623,-0.042820755616728455,-0.028371402706258927,0.014449352910469528,0.11165048543689321,0.06310679611650485,0.03398058252427184,0.11165048543689321,failed_after_cost
15m,100,logistic,classification,0.0,5,28.0,5910,337,0.056053439572006925,0.5150607619571682,-0.042820755616728455,-0.03017150788930597,0.012649247727422486,0.10979228486646884,0.06824925816023739,0.02373887240356083,0.10979228486646884,failed_after_cost
15m,100,random_forest,regression,0.0,5,28.0,5910,303,0.09586202594453883,,-0.042820755616728455,-0.031083755873228633,0.011736999743499822,0.16501650165016502,0.09900990099009901,0.026402640264026403,0.16501650165016502,failed_after_cost
15m,100,elastic_net,regression,0.0,5,28.0,5910,293,0.0823613061206295,,-0.042820755616728455,-0.03154056544078584,0.011280190175942617,0.11262798634812286,0.051194539249146756,0.0034129692832764505,0.11262798634812286,failed_after_cost
15m,100,ridge,regression,0.0,5,28.0,5910,316,0.06138451644043248,,-0.042820755616728455,-0.03191205435495834,0.010908701261770112,0.10759493670886076,0.056962025316455694,0.0031645569620253164,0.10759493670886076,failed_after_cost
15m,100,logistic,classification,0.02,5,28.0,5910,359,0.05433906704969048,0.551736048494286,-0.042820755616728455,-0.03738518261656813,0.005435573000160322,0.06406685236768803,0.05013927576601671,0.002785515320334262,0.06406685236768803,failed_after_cost
15m,100,logistic,classification,0.05,5,28.0,5910,529,0.02139281524500191,0.4916675394208148,-0.042820755616728455,-0.04374337639206157,-0.0009226207753331161,0.04725897920604915,0.034026465028355386,0.001890359168241966,0.04725897920604915,failed_after_cost
15m,200,elastic_net,regression,0.0,5,28.0,5910,293,0.0823613061206295,,-0.06282075561672847,-0.05154056544078584,0.011280190175942624,0.051194539249146756,0.027303754266211604,0.0034129692832764505,0.051194539249146756,failed_after_cost
15m,200,ridge,regression,0.0,5,28.0,5910,316,0.06138451644043248,,-0.06282075561672847,-0.05191205435495833,0.010908701261770133,0.056962025316455694,0.03481012658227848,0.0031645569620253164,0.056962025316455694,failed_after_cost
15m,200,logistic,classification,0.02,5,28.0,5910,545,0.01992771344887289,0.5633746841386296,-0.06282075561672847,-0.05676322996855239,0.006057525648176076,0.05871559633027523,0.029357798165137616,0.007339449541284404,0.05871559633027523,failed_after_cost
15m,200,logistic,classification,0.0,5,28.0,5910,359,0.05433906704969048,0.551736048494286,-0.06282075561672847,-0.05738518261656812,0.005435573000160343,0.05013927576601671,0.022284122562674095,0.002785515320334262,0.05013927576601671,failed_after_cost
15m,200,logistic,classification,0.05,5,28.0,5910,477,-0.028113938258525987,0.54182858114344,-0.06282075561672847,-0.06333883515205388,-0.0005180795353254136,0.014675052410901468,0.0041928721174004195,0.0041928721174004195,0.014675052410901468,failed_after_cost
1h,0,elastic_net,regression,0.0,5,28.0,6405,261,0.11597912098272231,,-0.02221247686697896,0.00826159624845033,0.03047407311542929,0.39846743295019155,0.2720306513409962,0.12643678160919541,0.39846743295019155,barely_positive
1h,0,ridge,regression,0.0,5,28.0,6405,261,0.10673587116938593,,-0.02221247686697896,0.00701131394255752,0.02922379080953648,0.421455938697318,0.26053639846743293,0.11877394636015326,0.421455938697318,barely_positive
1h,0,random_forest,regression,0.0,5,28.0,6405,284,0.06575882698673315,,-0.02221247686697896,0.003115125038009404,0.025327601904988364,0.36619718309859156,0.2323943661971831,0.12323943661971831,0.36619718309859156,barely_positive
1h,0,logistic,classification,0.0,5,28.0,6405,335,0.09417263899132564,0.5709477346543899,-0.02221247686697896,0.0021471273275089522,0.024359604194487912,0.39104477611940297,0.22686567164179106,0.10746268656716418,0.39104477611940297,barely_positive
1h,0,logistic,classification,0.02,5,28.0,6405,350,0.10013803289090993,0.567962746655522,-0.02221247686697896,0.0008310124325001146,0.023043489299479074,0.4057142857142857,0.22,0.1,0.4057142857142857,barely_positive
1h,0,logistic,classification,0.05,5,28.0,6405,332,0.0792565006161322,0.5058574479117903,-0.02221247686697896,-0.013657380777661496,0.008555096089317463,0.29819277108433734,0.17771084337349397,0.060240963855421686,0.29819277108433734,failed_after_cost
1h,50,elastic_net,regression,0.0,5,28.0,6405,261,0.11597912098272231,,-0.032212476866978965,-0.0017384037515496737,0.030474073115429292,0.32567049808429116,0.19157088122605365,0.10727969348659004,0.32567049808429116,failed_after_cost
1h,50,ridge,regression,0.0,5,28.0,6405,261,0.10673587116938593,,-0.032212476866978965,-0.0029886860574424817,0.029223790809536482,0.3448275862068966,0.1839080459770115,0.09961685823754789,0.3448275862068966,failed_after_cost
1h,50,logistic,classification,0.0,5,28.0,6405,333,0.11069133621480697,0.5771932041321608,-0.032212476866978965,-0.009496565214255666,0.022715911652723297,0.3033033033033033,0.15015015015015015,0.08708708708708708,0.3033033033033033,failed_after_cost
1h,50,logistic,classification,0.02,5,28.0,6405,378,0.11619092562287668,0.5277318999936911,-0.032212476866978965,-0.009534501993334478,0.022677974873644487,0.30952380952380953,0.16666666666666666,0.082010582010582,0.30952380952380953,failed_after_cost
1h,50,logistic,classification,0.05,5,28.0,6405,384,0.04925709761003383,0.49834769743472307,-0.032212476866978965,-0.022749011517295924,0.00946346534968304,0.21875,0.11979166666666667,0.044270833333333336,0.21875,failed_after_cost
1h,100,random_forest_classifier,classification,0.0,5,28.0,6405,123,-0.04957109181176708,0.5227683379705264,-0.04221247686697896,0.010765629931614725,0.05297810679859369,0.45528455284552843,0.3333333333333333,0.22764227642276422,0.45528455284552843,barely_positive
1h,100,xgboost,regression,0.0,5,28.0,6405,223,0.10644728373404112,,-0.04221247686697896,-0.0058400144296125835,0.036372462437366374,0.27802690582959644,0.21076233183856502,0.15246636771300448,0.27802690582959644,failed_after_cost
1h,100,lightgbm,regression,0.0,5,28.0,6405,250,0.120156431687291,,-0.04221247686697896,-0.007206280063175411,0.03500619680380355,0.256,0.2,0.152,0.256,failed_after_cost
1h,100,elastic_net,regression,0.0,5,28.0,6405,261,0.11597912098272231,,-0.04221247686697896,-0.011738403751549673,0.03047407311542929,0.2720306513409962,0.16475095785440613,0.10344827586206896,0.2720306513409962,failed_after_cost
1h,100,ridge,regression,0.0,5,28.0,6405,261,0.10673587116938593,,-0.04221247686697896,-0.01298868605744248,0.02922379080953648,0.26053639846743293,0.15708812260536398,0.09578544061302682,0.26053639846743293,failed_after_cost
1h,100,random_forest,regression,0.0,5,28.0,6405,284,0.06575038493088016,,-0.04221247686697896,-0.0168848749619906,0.02532760190498836,0.2323943661971831,0.15140845070422534,0.10211267605633803,0.2323943661971831,failed_after_cost
1h,100,logistic,classification,0.0,5,28.0,6405,350,0.10013803289090993,0.567962746655522,-0.04221247686697896,-0.01916898756749989,0.02304348929947907,0.22,0.12571428571428572,0.08285714285714285,0.22,failed_after_cost
1h,100,logistic,classification,0.02,5,28.0,6405,344,0.1046068196443452,0.5130187334975898,-0.04221247686697896,-0.026550339089154176,0.015662137777824783,0.23837209302325582,0.11046511627906977,0.05232558139534884,0.23837209302325582,failed_after_cost
1h,100,logistic,classification,0.05,5,28.0,6405,430,0.02738565750346015,0.4860889951914037,-0.04221247686697896,-0.0375059559498343,0.004706520917144658,0.13488372093023257,0.06976744186046512,0.013953488372093023,0.13488372093023257,failed_after_cost
1h,200,elastic_net,regression,0.0,5,28.0,6405,261,0.11597912098272231,,-0.06221247686697896,-0.031738403751549675,0.03047407311542928,0.16475095785440613,0.10727969348659004,0.08045977011494253,0.16475095785440613,failed_after_cost
1h,200,ridge,regression,0.0,5,28.0,6405,261,0.10673587116938593,,-0.06221247686697896,-0.03298868605744248,0.02922379080953648,0.15708812260536398,0.09961685823754789,0.07279693486590039,0.15708812260536398,failed_after_cost
1h,200,logistic,classification,0.0,5,28.0,6405,344,0.1046068196443452,0.5130187334975898,-0.06221247686697896,-0.04655033908915419,0.01566213777782477,0.11046511627906977,0.05813953488372093,0.029069767441860465,0.11046511627906977,failed_after_cost
1h,200,logistic,classification,0.02,5,28.0,6405,384,0.04925709761003383,0.49834769743472307,-0.06221247686697896,-0.05274901151729592,0.009463465349683037,0.08854166666666667,0.044270833333333336,0.018229166666666668,0.08854166666666667,failed_after_cost
1h,200,logistic,classification,0.05,5,28.0,6405,461,-0.0003492394860927656,0.4885939892633122,-0.06221247686697896,-0.05768898943671901,0.004523487430259945,0.08676789587852494,0.05856832971800434,0.03253796095444685,0.08676789587852494,failed_after_cost
3h,0,ridge,regression,0.0,5,28.0,6415,364,0.17271921897653778,,-0.019464225986648435,0.0015272028635324693,0.020991428850180904,0.5,0.3516483516483517,0.17032967032967034,0.5,barely_positive
3h,0,elastic_net,regression,0.0,5,28.0,6415,513,0.1842574544642915,,-0.019464225986648435,-0.0011672408088153942,0.01829698517783304,0.46588693957115007,0.2807017543859649,0.13060428849902533,0.46588693957115007,failed_after_cost
3h,0,random_forest,regression,0.0,5,28.0,6415,165,0.1268297318448009,,-0.019464225986648435,0.020970693471172922,0.04043491945782136,0.6242424242424243,0.4666666666666667,0.23030303030303031,0.6242424242424243,possible_candidate
3h,0,logistic,classification,0.05,5,28.0,6415,383,0.18621267263376265,0.532759825327511,-0.019464225986648435,0.013221097489668255,0.03268532347631669,0.5718015665796344,0.43342036553524804,0.23237597911227154,0.5718015665796344,possible_candidate
3h,0,logistic,classification,0.02,5,28.0,6415,442,0.1338040796552833,0.5427960317460317,-0.019464225986648435,0.012005687753927031,0.031469913740575464,0.5723981900452488,0.3936651583710407,0.18099547511312217,0.5723981900452488,possible_candidate
3h,0,logistic,classification,0.0,5,28.0,6415,389,0.18159595884784258,0.5782733442604316,-0.019464225986648435,0.010593204942550775,0.03005743092919921,0.5912596401028277,0.4241645244215938,0.21079691516709512,0.5912596401028277,possible_candidate
3h,50,logistic,classification,0.02,5,28.0,6415,479,0.15573247266217286,0.5499681552492804,-0.029464225986648437,-0.00225875068696255,0.027205475299685887,0.4509394572025052,0.31106471816283926,0.12943632567849686,0.4509394572025052,failed_after_cost
3h,50,logistic,classification,0.0,5,28.0,6415,433,0.12891057913517326,0.5397514489606143,-0.029464225986648437,-0.0033254748276911874,0.02613875115895725,0.46882217090069284,0.30484988452655887,0.15011547344110854,0.46882217090069284,failed_after_cost
3h,50,ridge,regression,0.0,5,28.0,6415,364,0.17271921897653778,,-0.029464225986648437,-0.00847279713646753,0.020991428850180904,0.4230769230769231,0.2774725274725275,0.1346153846153846,0.4230769230769231,failed_after_cost
3h,50,logistic,classification,0.05,5,28.0,6415,336,0.13709929370522714,0.5092990639122997,-0.029464225986648437,-0.009580206063926098,0.01988401992272234,0.4017857142857143,0.25892857142857145,0.09821428571428571,0.4017857142857143,failed_after_cost
3h,50,elastic_net,regression,0.0,5,28.0,6415,513,0.1842574544642915,,-0.029464225986648437,-0.011167240808815395,0.01829698517783304,0.35282651072124754,0.21052631578947367,0.10331384015594541,0.35282651072124754,failed_after_cost
3h,100,random_forest,regression,0.0,5,28.0,6415,165,0.12729560643619955,,-0.039464225986648435,0.0009706934711729233,0.04043491945782136,0.4666666666666667,0.26666666666666666,0.12121212121212122,0.4666666666666667,barely_positive
3h,100,lightgbm,regression,0.0,5,28.0,6415,211,0.22756384424135184,,-0.039464225986648435,-1.6417681628446952e-05,0.03944780830501999,0.5023696682464455,0.3127962085308057,0.11374407582938388,0.5023696682464455,failed_after_cost
3h,100,xgboost,regression,0.0,5,28.0,6415,204,0.21815220532087573,,-0.039464225986648435,-0.001465609179464395,0.03799861680718404,0.44607843137254904,0.27941176470588236,0.15196078431372548,0.44607843137254904,failed_after_cost
3h,100,random_forest_classifier,classification,0.0,5,28.0,6415,316,0.18180343425591047,0.5917171717171716,-0.039464225986648435,-0.00686284758110532,0.03260137840554311,0.37341772151898733,0.18670886075949367,0.10443037974683544,0.37341772151898733,failed_after_cost
3h,100,logistic,classification,0.0,5,28.0,6415,442,0.1338040796552833,0.5427960317460317,-0.039464225986648435,-0.00799431224607297,0.031469913740575464,0.3936651583710407,0.24660633484162897,0.10633484162895927,0.3936651583710407,failed_after_cost
3h,100,logistic,classification,0.02,5,28.0,6415,461,0.14635900915147482,0.5207194013453148,-0.039464225986648435,-0.011517430016141564,0.027946795970506873,0.3665943600867679,0.227765726681128,0.08893709327548807,0.3665943600867679,failed_after_cost
3h,100,ridge,regression,0.0,5,28.0,6415,364,0.17271921897653778,,-0.039464225986648435,-0.018472797136467527,0.020991428850180908,0.3516483516483517,0.21703296703296704,0.10714285714285714,0.3516483516483517,failed_after_cost
3h,100,elastic_net,regression,0.0,5,28.0,6415,513,0.1842574544642915,,-0.039464225986648435,-0.021167240808815397,0.018296985177833038,0.2807017543859649,0.16569200779727095,0.08382066276803118,0.2807017543859649,failed_after_cost
3h,100,logistic,classification,0.05,5,28.0,6415,353,0.10900122518468743,0.48071044583354083,-0.039464225986648435,-0.021989212538764735,0.0174750134478837,0.31444759206798867,0.18413597733711048,0.0764872521246459,0.31444759206798867,failed_after_cost
3h,200,logistic,classification,0.0,5,28.0,6415,461,0.14635900915147482,0.5207194013453148,-0.05946422598664843,-0.031517430016141566,0.027946795970506866,0.227765726681128,0.11496746203904555,0.04121475054229935,0.227765726681128,failed_after_cost
3h,200,ridge,regression,0.0,5,28.0,6415,364,0.17271921897653778,,-0.05946422598664843,-0.038472797136467535,0.020991428850180897,0.21703296703296704,0.1346153846153846,0.04945054945054945,0.21703296703296704,failed_after_cost
3h,200,logistic,classification,0.02,5,28.0,6415,336,0.13709929370522714,0.5092990639122997,-0.05946422598664843,-0.0395802060639261,0.019884019922722332,0.19642857142857142,0.09821428571428571,0.023809523809523808,0.19642857142857142,failed_after_cost
3h,200,elastic_net,regression,0.0,5,28.0,6415,513,0.1842574544642915,,-0.05946422598664843,-0.041167240808815404,0.018296985177833028,0.16569200779727095,0.10331384015594541,0.042884990253411304,0.16569200779727095,failed_after_cost
3h,200,logistic,classification,0.05,5,28.0,6415,518,0.078232310227353,0.3908289027798083,-0.05946422598664843,-0.05028492278346773,0.009179303203180701,0.14671814671814673,0.07528957528957529,0.023166023166023165,0.14671814671814673,failed_after_cost
5m,0,logistic,classification,0.0,5,28.0,4225,236,0.18125767058314016,0.5924750598835955,-0.02436134356880309,-0.0148087089994082,0.009552634569394888,0.2288135593220339,0.046610169491525424,0.00423728813559322,0.2288135593220339,failed_after_cost
5m,0,ridge,regression,0.0,5,28.0,4225,276,0.15792722248281343,,-0.02436134356880309,-0.01679274060998106,0.007568602958822029,0.21739130434782608,0.03260869565217391,0.0036231884057971015,0.21739130434782608,failed_after_cost
5m,0,elastic_net,regression,0.0,5,28.0,4225,308,0.15239733159467686,,-0.02436134356880309,-0.01721571656611516,0.007145627002687928,0.22727272727272727,0.03571428571428571,0.00974025974025974,0.22727272727272727,failed_after_cost
5m,0,random_forest,regression,0.0,5,28.0,4225,212,0.20337854564711133,,-0.02436134356880309,-0.017287062413590314,0.007074281155212775,0.20754716981132076,0.03773584905660377,0.009433962264150943,0.20754716981132076,failed_after_cost
5m,0,logistic,classification,0.02,5,28.0,4225,299,0.16062843723239043,0.64011138117375,-0.02436134356880309,-0.020176808513501874,0.004184535055301215,0.19063545150501673,0.04013377926421405,0.0,0.19063545150501673,failed_after_cost
5m,0,logistic,classification,0.05,5,28.0,4225,388,0.06353431670466449,0.4314575866188769,-0.02436134356880309,-0.024175175704343747,0.00018616786445934189,0.13402061855670103,0.030927835051546393,0.01288659793814433,0.13402061855670103,failed_after_cost
5m,50,logistic,classification,0.0,5,28.0,4225,203,0.14583985421662682,0.6555050653079844,-0.03436134356880309,-0.026752061006123404,0.007609282562679686,0.12807881773399016,0.04926108374384237,0.019704433497536946,0.12807881773399016,failed_after_cost
5m,50,ridge,regression,0.0,5,28.0,4225,276,0.15792722248281343,,-0.03436134356880309,-0.026792740609981058,0.007568602958822033,0.06884057971014493,0.010869565217391304,0.0036231884057971015,0.06884057971014493,failed_after_cost
5m,50,elastic_net,regression,0.0,5,28.0,4225,308,0.15239733159467686,,-0.03436134356880309,-0.027215716566115156,0.007145627002687935,0.07467532467532467,0.01948051948051948,0.00974025974025974,0.07467532467532467,failed_after_cost
5m,50,logistic,classification,0.05,5,28.0,4225,515,0.03193819072625175,0.5328180737217598,-0.03436134356880309,-0.030592912017401056,0.0037684315514020343,0.1029126213592233,0.03495145631067961,0.003883495145631068,0.1029126213592233,failed_after_cost
5m,50,logistic,classification,0.02,5,28.0,4225,430,0.08428029341227873,0.6255004114881924,-0.03436134356880309,-0.031604790870637396,0.0027565526981656943,0.1,0.030232558139534883,0.011627906976744186,0.1,failed_after_cost
5m,100,random_forest_classifier,classification,0.0,5,28.0,4225,259,0.13361555620590868,0.6628418717700639,-0.04436134356880309,-0.03498096498401481,0.009380378584788282,0.07722007722007722,0.02702702702702703,0.0,0.07722007722007722,failed_after_cost
5m,100,ridge,regression,0.0,5,28.0,4225,276,0.15792722248281343,,-0.04436134356880309,-0.036792740609981056,0.007568602958822036,0.03260869565217391,0.0036231884057971015,0.0036231884057971015,0.03260869565217391,failed_after_cost
5m,100,elastic_net,regression,0.0,5,28.0,4225,308,0.15239733159467686,,-0.04436134356880309,-0.03721571656611516,0.007145627002687935,0.03571428571428571,0.00974025974025974,0.006493506493506494,0.03571428571428571,failed_after_cost
5m,100,random_forest,regression,0.0,5,28.0,4225,212,0.2035514329555937,,-0.04436134356880309,-0.03728706241359031,0.007074281155212782,0.03773584905660377,0.009433962264150943,0.0,0.03773584905660377,failed_after_cost
5m,100,logistic,classification,0.0,5,28.0,4225,299,0.16062843723239043,0.64011138117375,-0.04436134356880309,-0.040176808513501874,0.004184535055301218,0.04013377926421405,0.0,0.0,0.04013377926421405,failed_after_cost
5m,100,logistic,classification,0.02,5,28.0,4225,388,0.12630796081225093,0.5438944576112718,-0.04436134356880309,-0.041365509939840055,0.0029958336289630377,0.023195876288659795,0.007731958762886598,0.002577319587628866,0.023195876288659795,failed_after_cost
5m,100,logistic,classification,0.05,5,28.0,4225,513,-0.016767043224483715,0.48059504020083454,-0.04436134356880309,-0.043963820557958014,0.00039752301084507863,0.01949317738791423,0.001949317738791423,0.0,0.01949317738791423,failed_after_cost
5m,200,ridge,regression,0.0,5,28.0,4225,276,0.15792722248281343,,-0.06436134356880309,-0.05679274060998106,0.007568602958822029,0.0036231884057971015,0.0036231884057971015,0.0,0.0036231884057971015,failed_after_cost
5m,200,elastic_net,regression,0.0,5,28.0,4225,308,0.15239733159467686,,-0.06436134356880309,-0.05721571656611516,0.007145627002687928,0.00974025974025974,0.00974025974025974,0.0,0.00974025974025974,failed_after_cost
5m,200,logistic,classification,0.02,5,28.0,4225,515,0.03193819072625175,0.5328180737217598,-0.06436134356880309,-0.06059291201740106,0.003768431551402031,0.021359223300970873,0.003883495145631068,0.0,0.021359223300970873,failed_after_cost
5m,200,logistic,classification,0.0,5,28.0,4225,388,0.12630796081225093,0.5438944576112718,-0.06436134356880309,-0.06136550993984005,0.0029958336289630377,0.007731958762886598,0.002577319587628866,0.0,0.007731958762886598,failed_after_cost
5m,200,logistic,classification,0.05,2,28.0,1690,102,0.12796310348816803,,-0.06847916432287575,-0.06636482247496836,0.002114341847907389,0.0,0.0,0.0,0.0,failed_after_cost
6h,0,logistic,classification,0.05,5,28.0,6415,254,0.001080771255122704,0.505673887307822,-0.010918845782002534,0.011021744788110568,0.021940590570113102,0.547244094488189,0.42913385826771655,0.2559055118110236,0.547244094488189,barely_positive
6h,0,logistic,classification,0.0,5,28.0,6415,245,0.0725434476603142,0.5093686359512049,-0.010918845782002534,0.05522415164559028,0.06614299742759282,0.763265306122449,0.6163265306122448,0.4122448979591837,0.763265306122449,possible_candidate
6h,0,logistic,classification,0.02,5,28.0,6415,282,0.038357447574190386,0.4984728298159189,-0.010918845782002534,0.04287031427025925,0.05378916005226179,0.7092198581560284,0.5709219858156028,0.37943262411347517,0.7092198581560284,possible_candidate
6h,0,random_forest,regression,0.0,5,28.0,6415,454,0.00518178638440893,,-0.010918845782002534,0.041523592958350085,0.05244243874035262,0.7995594713656388,0.6123348017621145,0.30176211453744495,0.7995594713656388,possible_candidate
6h,0,elastic_net,regression,0.0,5,28.0,6415,240,0.05496977853886183,,-0.010918845782002534,0.03603420584685395,0.04695305162885648,0.6083333333333333,0.5333333333333333,0.35,0.6083333333333333,possible_candidate
6h,0,ridge,regression,0.0,5,28.0,6415,261,0.07009156757678608,,-0.010918845782002534,0.01863043619441452,0.029549281976417055,0.6015325670498084,0.5287356321839081,0.32950191570881227,0.6015325670498084,possible_candidate
6h,50,logistic,classification,0.05,5,28.0,6415,307,-0.01027538395455445,0.4937916452939762,-0.020918845782002538,0.012667706738873118,0.033586552520875654,0.504885993485342,0.4006514657980456,0.22149837133550487,0.504885993485342,barely_positive
6h,50,logistic,classification,0.02,5,28.0,6415,237,0.003094944166778607,0.4722615038919282,-0.020918845782002538,0.009781227491195983,0.03070007327319852,0.540084388185654,0.4219409282700422,0.24050632911392406,0.540084388185654,barely_positive
6h,50,ridge,regression,0.0,5,28.0,6415,261,0.07009156757678608,,-0.020918845782002538,0.00863043619441452,0.029549281976417055,0.578544061302682,0.47126436781609193,0.2681992337164751,0.578544061302682,barely_positive
6h,50,logistic,classification,0.0,5,28.0,6415,301,0.04993136791978501,0.5032896700141025,-0.020918845782002538,0.03147864867942848,0.052397494461431014,0.6677740863787376,0.521594684385382,0.34219269102990035,0.6677740863787376,possible_candidate
6h,50,elastic_net,regression,0.0,5,28.0,6415,240,0.05496977853886183,,-0.020918845782002538,0.02603420584685395,0.04695305162885649,0.5791666666666667,0.48333333333333334,0.2833333333333333,0.5791666666666667,possible_candidate
6h,100,elastic_net,regression,0.0,5,28.0,6415,240,0.05496977853886183,,-0.030918845782002533,0.016034205846853947,0.046953051628856476,0.5333333333333333,0.44166666666666665,0.25833333333333336,0.5333333333333333,barely_positive
6h,100,ridge,regression,0.0,5,28.0,6415,261,0.07009156757678608,,-0.030918845782002533,-0.0013695638055854806,0.02954928197641705,0.5287356321839081,0.42911877394636017,0.24904214559386972,0.5287356321839081,failed_after_cost
6h,100,logistic,classification,0.02,5,28.0,6415,250,-0.010473911694519618,0.4815701727169304,-0.030918845782002533,-0.002759043659908501,0.02815980212209403,0.456,0.344,0.208,0.456,failed_after_cost
6h,100,logistic,classification,0.05,5,28.0,6415,287,-0.016550803597983846,0.4766866839122937,-0.030918845782002533,-0.007436431699670369,0.023482414082332162,0.4181184668989547,0.32752613240418116,0.15331010452961671,0.4181184668989547,failed_after_cost
6h,100,random_forest_classifier,classification,0.0,5,28.0,6415,259,0.06641064810054954,0.51624455859297,-0.030918845782002533,0.04019351161076727,0.0711123573927698,0.6563706563706564,0.4864864864864865,0.3281853281853282,0.6563706563706564,possible_candidate
6h,100,xgboost,regression,0.0,5,28.0,6415,296,0.029356117609229387,,-0.030918845782002533,0.03629213164248637,0.0672109774244889,0.6013513513513513,0.44256756756756754,0.25,0.6013513513513513,possible_candidate
6h,100,lightgbm,regression,0.0,5,28.0,6415,347,0.04400469230189763,,-0.030918845782002533,0.029668250230446398,0.06058709601244893,0.6512968299711815,0.4956772334293948,0.2910662824207493,0.6512968299711815,possible_candidate
6h,100,logistic,classification,0.0,5,28.0,6415,282,0.038357447574190386,0.4984728298159189,-0.030918845782002533,0.022870314270259248,0.05378916005226178,0.5709219858156028,0.44680851063829785,0.3120567375886525,0.5709219858156028,possible_candidate
6h,100,random_forest,regression,0.0,5,28.0,6415,454,0.005234746776050039,,-0.030918845782002533,0.021523592958350088,0.05244243874035262,0.6123348017621145,0.40748898678414097,0.20044052863436124,0.6123348017621145,possible_candidate
6h,200,elastic_net,regression,0.0,5,28.0,6415,240,0.05496977853886183,,-0.050918845782002536,-0.003965794153146045,0.04695305162885649,0.44166666666666665,0.2833333333333333,0.17916666666666667,0.44166666666666665,failed_after_cost
6h,200,logistic,classification,0.02,5,28.0,6415,307,-0.01027538395455445,0.4937916452939762,-0.050918845782002536,-0.01733229326112688,0.033586552520875654,0.36156351791530944,0.22149837133550487,0.14332247557003258,0.36156351791530944,failed_after_cost
6h,200,ridge,regression,0.0,5,28.0,6415,261,0.07009156757678608,,-0.050918845782002536,-0.021369563805585478,0.02954928197641706,0.42911877394636017,0.2681992337164751,0.17624521072796934,0.42911877394636017,failed_after_cost
6h,200,logistic,classification,0.0,5,28.0,6415,250,-0.010473911694519618,0.4815701727169304,-0.050918845782002536,-0.022759043659908502,0.028159802122094034,0.344,0.228,0.128,0.344,failed_after_cost
6h,200,logistic,classification,0.05,5,28.0,6415,327,0.0012161368821492168,0.4519210239380447,-0.050918845782002536,-0.0259245931393586,0.024994252642643936,0.3241590214067278,0.1834862385321101,0.11926605504587157,0.3241590214067278,failed_after_cost
