feature,efa_factor_1,efa_factor_2,efa_factor_3,efa_factor_4,efa_factor_5,efa_factor_6,communality,uniqueness,primary_factor,primary_loading
large_p10_volume,0.9568713147992612,0.11137579518228477,0.009196714305048002,0.2441276572317254,-0.06781692807023484,0.0041116715092847055,0.9923062149930962,0.007693785006903764,efa_factor_1,0.9568713147992612
chog_volume,0.936551013410264,0.10318232284546043,0.010197846490394631,0.21455723118643139,-0.21356557931882164,0.01918352466994804,0.9798914582835533,0.020108541716446715,efa_factor_1,0.936551013410264
large_p05_count,0.9274645766370053,0.06865615020049821,0.019358627610651713,0.011674784715050252,-0.07877884757256777,-0.026624635042681363,0.8723302429539413,0.12766975704605865,efa_factor_1,0.9274645766370053
large_p05_volume,0.9234636320775693,0.09591844313295443,0.014094838942157323,0.324492139372765,-0.02224027715364599,0.02686324118378764,0.9686955041572346,0.0313044958427654,efa_factor_1,0.9234636320775693
large_p10_count,0.9114895792683722,0.08959030924297665,0.0016948384420773564,-0.08225235567688166,-0.16716911777167112,-0.04771832413777896,0.8758305515119043,0.12416944848809575,efa_factor_1,0.9114895792683722
quote_volume,0.8983516095007467,0.11308237825376961,0.005555557108335113,0.22240115125164275,-0.2697015670274198,0.07363182705191854,0.947476956069,0.052523043931000046,efa_factor_1,0.8983516095007467
large_p10_sell_flow,0.8608556177336564,-0.3791955505948105,0.1398414928867106,0.24904893337614467,-0.05634329888063746,0.022732935130528188,0.9701340281914775,0.029865971808522462,efa_factor_1,0.8608556177336564
non_main_volume,0.8587925559593519,0.10642087346786594,0.012024802888119501,0.2657520816155336,-0.23319740112500661,0.030972161438078714,0.8749591239239509,0.12504087607604908,efa_factor_1,0.8587925559593519
sell_chog,0.8548485738567119,-0.31685645296768744,0.16582274117353848,0.20462276067389917,-0.22599253838068448,0.018658701371584978,0.9519525262288518,0.04804747377114815,efa_factor_1,0.8548485738567119
buy_chog,0.8305310827037012,0.4557956611814646,-0.11698978629573308,0.17406300334797453,-0.18696752467182998,0.022330807733312277,0.9769716235768025,0.02302837642319755,efa_factor_1,0.8305310827037012
large_p10_buy_flow,0.8235757742113017,0.5103636832789864,-0.09087041142318507,0.17675539220845654,-0.08143357007264998,0.0024533958876527644,0.9848854909109815,0.015114509089018457,efa_factor_1,0.8235757742113017
large_p10_sell_count,0.8138890123991519,-0.16663678172330296,0.22662012826785288,-0.054562565857593545,-0.12591152644083847,0.24665196243401818,0.8212078007194832,0.17879219928051682,efa_factor_1,0.8138890123991519
large_p05_sell_flow,0.810820864381354,-0.43407489532914945,0.09958254587497639,0.30973935073133013,-0.0197785628532016,-0.0002572752827711828,0.9520978954446551,0.04790210455534494,efa_factor_1,0.810820864381354
large_p05_sell_count,0.8090153696593133,-0.33986245896750383,0.16514292105417663,-0.02519672350906498,-0.035056922779958144,0.2705081338785076,0.8723230569395644,0.12767694306043564,efa_factor_1,0.8090153696593133
large_p05_buy_flow,0.770808900025682,0.5313071944640478,-0.05060946540251129,0.2592182993857847,-0.03282533352157426,0.061361091315136826,0.9510318260210329,0.04896817397896713,efa_factor_1,0.770808900025682
large_p10_buy_count,0.7412982982190116,0.29806238765295096,-0.18051377951558348,-0.08613419165138614,-0.17014388672168146,-0.2948021043008499,0.7942259003311886,0.20577409966881144,efa_factor_1,0.7412982982190116
large_p05_buy_count,0.729162599420478,0.40921891696068635,-0.11039079362319291,0.04245243703504779,-0.09975330136058422,-0.30005485707132185,0.8131101935035057,0.18688980649649434,efa_factor_1,0.729162599420478
volume_regime_rank,0.6956303074670896,0.0011569408906175395,0.03906605074964385,-0.059180281078082785,-0.21764703909759017,-0.02646258540031224,0.5370018272226534,0.46299817277734656,efa_factor_1,0.6956303074670896
log_chog_volume,0.6833472994311844,0.0056877584261046344,0.07396261767588282,-0.022136854465990185,-0.21112504605828114,-0.04000616567631582,0.519130669740156,0.480869330259844,efa_factor_1,0.6833472994311844
log_chog_volume_z24,0.6541845637046594,-0.013968881707562298,0.05273104279873039,-0.03523356003420914,-0.2007030405777869,-0.0344939244490659,0.4736460809940078,0.5263539190059923,efa_factor_1,0.6541845637046594
log_chog_volume_z72,0.6351578129601521,0.0021215478945534063,0.06430623641857808,-0.04386108517494732,-0.19799929541754754,-0.040446058189145165,0.45032863977372345,0.5496713602262766,efa_factor_1,0.6351578129601521
large_p05_count_share,0.6349154014491397,-0.03109354193218562,0.0506422648019476,-0.04196193120835221,0.2790611025218382,-0.04133444679026339,0.48799345343437694,0.512006546565623,efa_factor_1,0.6349154014491397
large_p05_volume_share,0.6252067493705472,-0.04064110530928678,0.045408775856778875,0.052670097951144544,0.0950305300725814,-0.01500230398670318,0.40662714581302634,0.5933728541869736,efa_factor_1,0.6252067493705472
large_p10_volume_share,0.5936607648331699,-0.014443864228604377,0.05249597896285796,-0.08544269737904563,0.10411018119771706,-0.04250401166989385,0.37534353209589055,0.6246564679041094,efa_factor_1,0.5936607648331699
large_p10_count_share,0.5908514994448135,-0.00028416628047965353,0.05609239506878093,-0.1596795324688485,0.2857263566568418,-0.05770236262858273,0.462718598561995,0.537281401438005,efa_factor_1,0.5908514994448135
pools,0.5512398072309421,0.060219442458465645,0.023772193240053047,0.06723891523749191,-0.3496720528660722,-0.05069764291046238,0.43741869077202167,0.5625813092279783,efa_factor_1,0.5512398072309421
same_block_pool_event_count_max,0.46361946277317234,0.08421385792500677,0.011585812485964254,0.20502049882907197,-0.28130081331762685,0.039324546023738256,0.34487918361291103,0.655120816387089,efa_factor_1,0.46361946277317234
dexes,0.4579101382440261,0.027516774798211005,0.031741239238101564,0.014216859430286517,-0.32275174691717,-0.05331970657611689,0.31866017420983767,0.6813398257901624,efa_factor_1,0.4579101382440261
gas_regime_rank,0.3867269526320003,0.010091061239525446,0.014935493568795002,0.07802116045766803,-0.24311447881976744,0.017688080975259445,0.21538745387667244,0.7846125461233275,efa_factor_1,0.3867269526320003
small_trade_density,-0.36732474054349334,0.015185409986069102,-0.10598209672304104,0.10411553506182655,-0.14732619415835643,0.06385518709202452,0.18301280356255537,0.8169871964374447,efa_factor_1,-0.36732474054349334
effective_gas_gwei_mean,0.3322307228894557,0.07264571293421927,0.012326809679269218,0.23150830206628967,-0.0747536777178272,0.17563134215644438,0.20583717768187146,0.7941628223181285,efa_factor_1,0.3322307228894557
same_block_pool_event_count_mean,0.2314213172636374,0.06762859600035497,0.022025803819588376,0.1115387824510976,-0.1721476427621939,0.02285075824963679,0.1012124571667519,0.8987875428332481,efa_factor_1,0.2314213172636374
small_tx_dispersion,-0.22792267080033968,0.012945706824647253,-0.1215743801383612,0.011308485706492693,-0.0847091106236424,-0.036626681790702484,0.07554169418659629,0.9244583058134037,efa_factor_1,-0.22792267080033968
small_count_imbalance,0.19886711575292526,-0.17957941724576887,-0.13242484550918715,0.012993599717902796,-0.16648022696188458,-0.03118275072737162,0.11819010008018449,0.8818098999198155,efa_factor_1,0.19886711575292526
small_trade_mean,0.14795531837051917,-0.043199867612585645,0.08699861214307508,-0.05338130304874644,0.020076218649975483,0.064032312761162,0.03867851845869483,0.9613214815413051,efa_factor_1,0.14795531837051917
small_trade_std,0.08957445745140519,-0.04411635250315725,-0.029701908668860105,-0.056388851068115066,0.03902531463335018,0.03792597033301552,0.016993096297184544,0.9830069037028154,efa_factor_1,0.08957445745140519
large_p05_net_flow,0.04706571517143484,0.952607340248012,-0.12932988089621386,-0.01673601412231081,-0.05050150477615987,0.11515060891139563,0.9424923032176431,0.0575076967823569,efa_factor_2,0.952607340248012
large_p10_net_flow,0.06287400153628298,0.9472733279057114,-0.21994073250866952,-0.059266758557250054,-0.07119087504800681,0.034770915889036906,0.9594435295989429,0.04055647040105714,efa_factor_2,0.9472733279057114
large_p05_net_flow_z72,0.04816511111542256,0.9244431358906863,-0.15202429337704082,0.014594958248867052,-0.010722766010612844,0.0682668722414683,0.8850147315637931,0.11498526843620693,efa_factor_2,0.9244431358906863
large_p05_net_flow_x_high_volume,0.08051186251611568,0.913818116340617,-0.07361423631416152,0.016811269199403213,-0.03151613934928192,0.1330206818117683,0.8659351531474905,0.13406484685250952,efa_factor_2,0.913818116340617
net_buy_chog,0.07016257106854853,0.9081554080887936,-0.2992079224967763,-0.05354154979333391,-0.03195548576606358,0.03920760589215979,0.9246194994893213,0.07538050051067868,efa_factor_2,0.9081554080887936
net_buy_usd_at_price,0.07861461410827711,0.8919042415979578,-0.298887041817931,-0.027777221212554652,-0.04405431552672497,0.03371010154941789,0.8948556251797867,0.10514437482021333,efa_factor_2,0.8919042415979578
large_p05_net_flow_z24,-0.006898279181171301,0.8855192283771806,-0.1844022569719217,0.03640817236459859,-0.01977921828439013,0.05024276537691076,0.8224371904213085,0.17756280957869153,efa_factor_2,0.8855192283771806
net_buy_chog_z72,0.07665180709103613,0.8810921268897453,-0.31907287147920915,-0.03333301303338503,-0.004264008675641402,0.012229925950811646,0.8852851755280363,0.11471482447196368,efa_factor_2,0.8810921268897453
non_main_net_flow,0.0995669295468493,0.8714504247788036,-0.2223574008667893,-0.04406845782582123,-0.018559160260141216,0.08356406905671354,0.8280516550688015,0.17194834493119848,efa_factor_2,0.8714504247788036
net_buy_chog_z24,0.026230600918605584,0.8551073352593908,-0.3660930681965564,-0.02220534035099862,0.006051293635354417,0.00889798602867009,0.8665296032706671,0.13347039672933292,efa_factor_2,0.8551073352593908
large_p05_net_flow_x_high_gas,0.08498585979853686,0.8271676481384395,-0.04136645858022046,-0.033737239485732505,-0.003015134822836226,0.14469686442020388,0.7152245733271992,0.28477542667280076,efa_factor_2,0.8271676481384395
large_p05_flow_pressure,-0.07546675949921634,0.7234582888001693,-0.3597351759511783,0.035988466017102955,-0.024267826538431736,-0.15522236965616676,0.6844746053724463,0.3155253946275537,efa_factor_2,0.7234582888001693
large_p05_flow_pressure_z24,-0.08217140197313882,0.7144092290033418,-0.3585191270839157,0.04127193150490526,0.001440870624927531,-0.13155095747445372,0.6646797531231424,0.3353202468768576,efa_factor_2,0.7144092290033418
large_p05_count_imbalance,-0.08507383537790529,0.6176494427684758,-0.35441129882602823,0.083293698925212,-0.016754456286575844,-0.3499695236211252,0.6440329799033677,0.3559670200966323,efa_factor_2,0.6176494427684758
large_p10_flow_pressure,-0.03591996272715664,0.6018034154017795,-0.5541619056340759,0.0014458784125237786,-0.011309700645222562,-0.17390081014180325,0.7009245038286015,0.2990754961713985,efa_factor_2,0.6018034154017795
return_1h,0.1039192474662024,0.5041819134440083,-0.173932619432745,0.06098135637838179,-0.060002529931697836,0.08153004194607713,0.30921734510441995,0.69078265489558,efa_factor_2,0.5041819134440083
main_pool_flow_pressure,-0.05215416142760937,0.30043627621490987,-0.936739188141443,-0.016351232008319058,0.010009714928553855,0.0006733277506404306,0.9708303297713891,0.029169670228610944,efa_factor_3,-0.936739188141443
main_pool_flow_pressure_z72,-0.045470484090316315,0.29914954765245455,-0.9366415580837748,-0.0048426921973893115,-0.013170780144606672,0.014612765557649718,0.9692658791482562,0.030734120851743763,efa_factor_3,-0.9366415580837748
net_buy_pressure_z72,-0.04599965537299208,0.3031305412196826,-0.9363149896121831,-0.0027629880183292184,-0.0075412622376442705,0.011612222978538943,0.9708892015484638,0.02911079845153619,efa_factor_3,-0.9363149896121831
net_buy_pressure,-0.05278460681208987,0.3056074574193725,-0.9360226006454354,-0.015387236496353436,0.012875969494034425,-0.0018600434768405144,0.9727264590648266,0.027273540935173424,efa_factor_3,-0.9360226006454354
main_pool_flow_pressure_z24,-0.0421054579165917,0.30250778734305567,-0.9342507813977295,-0.0020083993403726816,-0.003455248162032624,0.021542660334586076,0.9665884121538887,0.03341158784611131,efa_factor_3,-0.9342507813977295
net_buy_pressure_z24,-0.0432995763978985,0.30503445405295027,-0.9339858211384089,0.0009299965954530771,0.0011864841373197342,0.019006813294588743,0.9676139171530979,0.03238608284690214,efa_factor_3,-0.9339858211384089
buy_sell_count_imbalance,0.15972163200356004,-0.1276409225464025,-0.5675351989039512,-0.017515672688621982,-0.10082202909632633,-0.0773138031720776,0.38034871133509107,0.6196512886649089,efa_factor_3,-0.5675351989039512
large_p10_count_imbalance,-0.010530461354469724,0.40057426630009396,-0.5628372770993761,0.030298310736143422,0.002491031510407543,-0.31117940606482686,0.5751132495611446,0.4248867504388554,efa_factor_3,-0.5628372770993761
net_buy_pressure_x_prev_up,-0.023171943013117334,0.19083621548558855,-0.5579794118533185,0.014204791258814964,-0.07368896729284412,0.024916631738302063,0.35454910266861484,0.6454508973313852,efa_factor_3,-0.5579794118533185
non_main_flow_pressure,-0.009105348601433708,0.39783852550845805,-0.5506019604075088,-0.017567298114565148,-0.0276694977308858,-0.06361173415325536,0.4666415823461994,0.5333584176538007,efa_factor_3,-0.5506019604075088
small_net_flow_pressure,-0.031571141667045624,-0.11265077626154041,-0.3595594544623236,-0.016621519094754737,-0.0313545911015781,-0.0012719084426987516,0.14423093870298315,0.8557690612970168,efa_factor_3,-0.3595594544623236
main_vs_other_divergence,-0.04568421134296639,-0.17709715379666774,-0.2967680064499609,0.005370862744012277,0.044131960847233906,0.07868156432875409,0.12968896340125008,0.8703110365987499,efa_factor_3,-0.2967680064499609
small_net_flow,-0.13572678039527292,-0.2325432332402234,-0.26181016251556993,-0.07724368617152891,-0.06934357502569459,-0.07105910025667733,0.15686718961871104,0.843132810381289,efa_factor_3,-0.26181016251556993
main_pool_net_flow_x_non_main_opposes,-0.06917007532247184,0.021869255988544525,-0.22422692082208753,0.026466170501815118,-0.035073984821328716,0.024284325899656487,0.0580608467756423,0.9419391532243577,efa_factor_3,-0.22422692082208753
gas_used_mean,0.08858049448745929,0.010107167175186123,0.11743814734797563,-0.011905743176351501,-0.03186927488363,0.08321645840573741,0.029822753636258234,0.9701772463637418,efa_factor_3,0.11743814734797563
large_p01_volume_share,0.4786980433351562,-0.02318263270998721,0.013890396671151706,0.7636894365876364,-0.020005029984049655,0.002083467128442281,0.8135082918874348,0.1864917081125652,efa_factor_4,0.7636894365876364
large_p01_count,0.572339071728389,-0.004725620419990636,0.004904659176792268,0.7532584312849945,-0.05129381306993084,0.04375037298014723,0.8995618148939941,0.10043818510600588,efa_factor_4,0.7532584312849945
large_p01_volume,0.6637017457289951,0.041857386687017765,0.0009672452728613195,0.7248589208495514,0.0034223062892886785,0.0936696347955065,0.9764591514656376,0.023540848534362446,efa_factor_4,0.7248589208495514
large_p01_count_share,0.4027640079728863,-0.07161960881054147,0.019561644810945116,0.6939589604394819,0.07261614064729362,-0.0729355149429463,0.6599026044290145,0.3400973955709855,efa_factor_4,0.6939589604394819
large_p01_sell_count,0.4321850820294865,-0.3717262399241029,0.020034265035829835,0.6588900452076044,-0.02301828667477891,-0.3571244948194916,0.88756955234767,0.11243044765233001,efa_factor_4,0.6588900452076044
large_p01_sell_flow,0.488821055463781,-0.38933267041048353,-0.004284392955991145,0.6512159971374814,-0.009294918176395092,-0.38051604104829656,0.9595054364634232,0.040494563536576766,efa_factor_4,0.6512159971374814
large_p01_buy_count,0.44796164482502376,0.4088247018970849,-0.012027476657489405,0.48670683051181124,-0.06512218093418602,0.4710506549784016,0.8309650891823865,0.16903491081761346,efa_factor_4,0.48670683051181124
small_sell_count,0.4234579115642472,0.20314787308998694,0.03548455358982613,0.05243625058726211,-0.7689266393295898,0.05617300239649939,0.8189979579953929,0.18100204200460712,efa_factor_5,-0.7689266393295898
events,0.6594809510972979,0.08913143077785066,-0.014475239219118259,-0.0034918571206378327,-0.7460640811514279,0.002514264334011834,0.9996991971387705,0.00030080286122946553,efa_factor_5,-0.7460640811514279
sell_events,0.6022060842869826,0.16125584353834108,0.11797710640831187,-0.001403159085572284,-0.7136516413311654,0.06379129337313573,0.9159441758043038,0.08405582419569624,efa_factor_5,-0.7136516413311654
small_buy_count,0.503744187576807,-0.04925439358878632,-0.0860577927124532,0.016005818557155882,-0.7131300621653976,0.0049513629250785155,0.7724253332782802,0.22757466672171978,efa_factor_5,-0.7131300621653976
buy_events,0.6300671687277811,0.0007965621606538773,-0.1583676036232619,-0.004658330878068622,-0.6845526071706595,-0.06166255948961821,0.8945018127708202,0.10549818722917981,efa_factor_5,-0.6845526071706595
active_block_regime_rank,0.38830209254413456,-0.010869998713316249,-0.030567690065802577,-0.018389817701532068,-0.6399678335578823,-0.011647481748138736,0.5618637328370784,0.43813626716292164,efa_factor_5,-0.6399678335578823
small_volume,0.5681378285949534,0.052075409771394146,0.00784173387796073,0.007662411764068532,-0.5854688765386943,0.08997093335890087,0.6764812201726549,0.3235187798273451,efa_factor_5,-0.5854688765386943
avg_price_quote_per_chog,-0.057397778895867176,0.0347330282080965,0.06308161285958522,0.026866540315844366,-0.25958557818721567,0.12651849774129648,0.09259359181369826,0.9074064081863017,efa_factor_5,-0.25958557818721567
large_p01_net_flow,0.056154657927092795,0.6847230820752888,0.018136049658524105,-0.06157747687152955,-0.049692568436783324,0.7015157611251506,0.9707134611535153,0.02928653884648469,efa_factor_6,0.7015157611251506
large_p01_flow_pressure,-0.02973277598290167,0.6474195801114808,-0.02359022519628382,-0.16883357241638244,-0.025610657934706627,0.654477682838296,0.8780943677122985,0.12190563228770146,efa_factor_6,0.654477682838296
large_p01_count_imbalance,0.02375625168632073,0.6187241411932941,-0.022749749855215627,-0.12264995522949326,-0.04577626898473967,0.6526016227914495,0.8269288298980313,0.1730711701019687,efa_factor_6,0.6526016227914495
large_p01_buy_flow,0.5079171585299119,0.4620412226002588,0.014209662027381742,0.5051251723817837,-0.034480948532580956,0.5156197914776582,0.993867990754871,0.006132009245129022,efa_factor_6,0.5156197914776582
