transaction_hash,block_datetime_utc,logs,unique_addresses,total_chog_moved,pool_in_chog,pool_out_chog,net_to_pools_chog,known_pool_count
0x4f75bea5ead811d3e776aa501b9d74fa4e985083317a7d960268237ea96a8579,2026-05-07T00:22:18Z,2,3,1228537.085533804493024945,0.000000000000000000,614268.542766902246512473,-614268.542766902246512473,1
0x36e4dfcb092b99613e01ff4363e3efcad1be680231cb44082e3a6f72b70ad412,2026-05-07T02:06:28Z,5,6,676453.334610000019893050,210035.827223455387866125,0.000000000000000000,210035.827223455387866125,2
0xd204a4c8992fb5e98ca118f2c3af1be6e5a8ab9c1339d1277da1a36b9630e78f,2026-05-07T01:06:37Z,1,2,640924.086941001820378006,0.000000000000000000,640924.086941001820378006,-640924.086941001820378006,1
0x15ba3449e9c668002a35173633f828b6d858e7d0ba4a047ac32e6b8e2b322953,2026-05-07T02:05:49Z,6,6,600000.000000000000000000,144000.000000000000000000,0.000000000000000000,144000.000000000000000000,2
0xce7a32ecc8295cca9f7aea270a1eb09ac1ef79a192f702f4eadb08f170843e74,2026-05-07T01:43:04Z,1,2,563037.228987563052214682,0.000000000000000000,563037.228987563052214682,-563037.228987563052214682,1
0x139f7aa987b20a806b54a54581bce8ef4401b61ff6ecf35367d03ba88d297046,2026-05-07T02:04:54Z,7,7,503870.425661686516832560,0.000000000000000000,120776.352932477442664094,-120776.352932477442664094,2
0x7063100b94d31c0cfe3f39551211c23f8b8de18aeb51199b23b3de04e52ee65c,2026-05-07T01:15:55Z,6,6,307662.301393584173638374,0.000000000000000000,32756.099551651808724273,-32756.099551651808724273,2
0xac6d58bed07c4732da29441f4096529c024ca0625a663416a8da6cc4993fa5df,2026-05-07T00:30:58Z,3,4,284934.268173000018578023,94978.089391000001342036,0.000000000000000000,94978.089391000001342036,1
0xaa6adf80786f2e515fb23328855be84814051b7da24f6b839c862b703939a7b8,2026-05-07T00:55:51Z,2,3,240000.000000000000000000,120000.000000000000000000,0.000000000000000000,120000.000000000000000000,1
0x603ff6c264ef58c6ccb66cb1838afbaed7c736f666b7f2303d97f69d8ac1f32a,2026-05-07T02:06:46Z,1,2,204933.592479518527397886,0.000000000000000000,0.000000000000000000,0.000000000000000000,0
0xb9f81db30842b2e12afdbcf1d3ab353f2660d114a02b14b5efded69dc288d703,2026-05-07T01:45:37Z,2,3,195769.462649796361802146,97884.731324898180901073,0.000000000000000000,97884.731324898180901073,1
0x1478b9955e3936c1c923ce7ed39723e2a18e2b93ae632e9bb75020dbe0518fc3,2026-05-07T02:05:12Z,1,2,176035.208887416840298101,176035.208887416840298101,0.000000000000000000,176035.208887416840298101,1
0x26e048d441c3260537f18dac1cad2b857cf614d9e97447a0a7a6f3ee2b90b076,2026-05-07T01:58:28Z,1,2,129675.491606526717077941,0.000000000000000000,129675.491606526717077941,-129675.491606526717077941,1
0x9abbd3127774b8646090e6d3d7c3ff9d37e3c862dbf820288f628be451fb692a,2026-05-07T01:50:48Z,1,2,110535.653695481669274159,0.000000000000000000,110535.653695481669274159,-110535.653695481669274159,1
0xbea0278dd165603b9b0a640ed313781da2aa379db111e008119766718030c06b,2026-05-07T02:06:37Z,3,4,79074.689441624941537157,0.000000000000000000,39537.344720812470768578,-39537.344720812470768578,1
0x8dd77692b72476f507129ef4a9a4111501b5d7fa033b7dd0d0b6851200c0afab,2026-05-07T01:51:22Z,2,3,57497.906571889776387252,28748.953285944888193626,0.000000000000000000,28748.953285944888193626,1
0x6b983fa9b156106c866baa006e269270ee3173c628e36eeb60ecf8216b49c581,2026-05-07T01:06:38Z,2,3,50884.731366590596735477,25442.365683295298367739,0.000000000000000000,25442.365683295298367739,1
0x880e8930e5d894391924e65f42463d4f595266a7427b2b3925c5ef6c5b56c103,2026-05-07T01:55:21Z,6,7,40698.919845100092061330,0.000000000000000000,5096.676946835667877167,-5096.676946835667877167,2
0xa8318abb84275058d49259d0ef7ddd9f1ae0e6affe7a6ed05cf6bdb6881adecc,2026-05-07T02:06:53Z,1,2,39478.038703731253917795,39478.038703731253917795,0.000000000000000000,39478.038703731253917795,1
0x496efecf3c070c5a6da43931e9f096589e79531c63643d1377855bb303359e06,2026-05-07T01:06:38Z,1,2,39084.613446601884788834,39084.613446601884788834,0.000000000000000000,39084.613446601884788834,1
0x3449bf23703d9805247c044a16b771912fd49145b21793f3a2d7b5d4b789a203,2026-05-07T02:15:22Z,3,4,35335.586445584267494269,0.000000000000000000,15458.786848373367320164,-15458.786848373367320164,1
0x7f496e26b10b4e29c422a70123b1ea85507f36074df77c1408f4d732b5ac248a,2026-05-07T01:06:38Z,2,3,29429.073099427267152350,14714.536549713633576175,14714.536549713633576175,0.000000000000000000,2
0x2cffb0154d8b5e721d8498837426338000ae15c21d0b7c791f25788e0c186279,2026-05-07T01:44:16Z,4,5,26249.016578457201831043,0.000000000000000000,5579.737730561721036793,-5579.737730561721036793,2
0x897975458cf105a6cc498e43981073ac4e44fccd909b0e386dc29101b5e089b4,2026-05-07T00:50:18Z,1,2,26172.159363944225333398,0.000000000000000000,26172.159363944225333398,-26172.159363944225333398,1
0xb62a015cd92a2945c651f8bcfd90fdb607e4640769d41d2c539961c60907e809,2026-05-07T00:22:19Z,2,3,25497.178795897001691628,12748.589397948500845814,0.000000000000000000,12748.589397948500845814,1
0x2b4f03b74c4ecddafe48086272b037c1fc16359ce2145d65e2b152298ecc4b65,2026-05-07T01:31:12Z,2,3,23836.282975393183733104,0.000000000000000000,0.000000000000000000,0.000000000000000000,0
0xefbcc92111e04f5116056ed5f4b7cb3555c41e9ddc071b3f3d0c307030ab7bdf,2026-05-07T02:14:24Z,4,5,22569.445008161645091604,0.000000000000000000,7523.148336053882303531,-7523.148336053882303531,1
0x86a092c6f473b7f78f934797441cf981f4884c8398e94ad6cccc94eca19b0b4d,2026-05-07T01:43:04Z,2,3,22083.972470272987266071,11041.986235136493633036,0.000000000000000000,11041.986235136493633036,1
0xcf1141838ae46fd88fd8ce3650894a9e5fc3a46063f5ee3f9c22b9fbcecf03fe,2026-05-07T02:25:05Z,2,3,20000.000000000000000000,10000.000000000000000000,0.000000000000000000,10000.000000000000000000,1
0xd91f039d401b29cb65ab076e2440966bb4b11337b27666a764c160cae14d7a9c,2026-05-07T01:43:04Z,2,3,18753.837232187164772768,9376.918616093582386384,0.000000000000000000,9376.918616093582386384,1
0x81fd0c5100b3d4067bcb835360b97aec0909b2c90d0d3f764262c98dc5a31974,2026-05-07T00:22:19Z,1,2,17366.800026639819407137,17366.800026639819407137,0.000000000000000000,17366.800026639819407137,1
0xec62ceb923505b8c97ad561d37effe21e5eed68454e3bd698600e242ce281b1e,2026-05-07T01:42:38Z,2,3,14134.064953786411933834,0.000000000000000000,0.000000000000000000,0.000000000000000000,0
0x1b0399b0b50499d0ed694ad1eb9119644dccb15817004e293ae86d9726c04f3d,2026-05-07T00:22:19Z,2,3,11657.827029592885082820,5828.913514796442541410,5828.913514796442541410,0.000000000000000000,2
0x7f3b6e68b16344fa40f40ad1f3d5b09d3c184ef9b153161e28877862448a7830,2026-05-07T01:24:06Z,6,7,9738.528065456142940093,0.000000000000000000,3163.878775279592446168,-3163.878775279592446168,3
0x907c6f9907cd5183aec0713516160b4bb11dcafa73dd9d11dce661b86b6a7086,2026-05-07T01:07:06Z,1,2,9500.790761448357443442,0.000000000000000000,9500.790761448357443442,-9500.790761448357443442,1
0xf4c6e162afc963f0d5257c0aaa65c5a42c260864da52c86ab053c7328f087be1,2026-05-07T02:03:57Z,1,2,8246.357142075228694011,0.000000000000000000,8246.357142075228694011,-8246.357142075228694011,1
0xb19090be3ffdf600b84a66c07bb67687c5167cfaa3a564ee9a94b7f364d8cfe6,2026-05-07T00:15:15Z,2,3,6689.082840669419056212,0.000000000000000000,0.000000000000000000,0.000000000000000000,0
0xbf2b9c9291c4719215c9901f02af056ce4fbc8b348d756ef4845390b28e4eb34,2026-05-07T02:11:48Z,3,4,6121.910804344530333765,0.000000000000000000,2040.636934781510035464,-2040.636934781510035464,1
0xef9854224d7824265a2ee80224c4ba7f34a147e99b198ce2e43bd6390bdcd669,2026-05-07T02:11:59Z,3,4,6121.910804344530333765,2040.636934781510035464,0.000000000000000000,2040.636934781510035464,1
0xc86c5072cf808ed28406990acc1564f548966c8caf91d075ef85c1147c3339e9,2026-05-07T01:41:34Z,1,2,5696.818702905357895361,0.000000000000000000,5696.818702905357895361,-5696.818702905357895361,1
0xf4f4a6ff9589865eb6805e1033aa75be4fe6913795d180a6507f1dad49145869,2026-05-07T01:10:49Z,3,4,5008.785608929068985162,0.000000000000000000,1669.595202976356404179,-1669.595202976356404179,1
0x6e5234293998f179a22558e5f9d01464f53d471c863f34d5871196888b2713f9,2026-05-07T01:10:54Z,3,4,5008.785608929068985162,1669.595202976356404179,0.000000000000000000,1669.595202976356404179,1
0x5f1b2dfd4a555a638d86a63563568ddcc9a3c153c4f5bfee26894c34861e5891,2026-05-07T02:07:18Z,10,10,4536.070615929185805726,0.000000000000000000,796.524244838331810570,-796.524244838331810570,3
0x5aa8d4a9dc18668f25a585a08c89d71ec12723af8de2dd482897b55c4ed689b2,2026-05-07T00:18:39Z,2,3,3585.080283616520318901,0.000000000000000000,1792.540141808260159451,-1792.540141808260159451,1
0x9c012a2b02e970e0d11810413571a157e287f5d9e38726e2a5ee0c009dc08aa4,2026-05-07T00:50:05Z,3,4,3233.793005966148029984,0.000000000000000000,0.000000000000000000,0.000000000000000000,0
0x8a85c9d8bea9e7aca46462e65c887ade275b4bd6bbbdce8f3eb5024da4e34be6,2026-05-07T01:02:31Z,5,6,3000.000000000000000000,1498.500000000000000000,0.000000000000000000,1498.500000000000000000,2
0x2c488d85a68db7d73045224b786c370fae433638cb3785000f375261b7f1d893,2026-05-07T02:09:46Z,1,2,2793.336265397020724777,0.000000000000000000,2793.336265397020724777,-2793.336265397020724777,1
0x0976e7b1b8784ce99a4ec76bffe70a55d0dc77a3b8e9c0946731e5b1dc349235,2026-05-07T02:07:38Z,1,2,2263.569114726088173484,2263.569114726088173484,0.000000000000000000,2263.569114726088173484,1
0xf30997876611606e7cd4d83c44c206d0cceac0ab95e813b2c1e4dc27d6a8915d,2026-05-07T01:51:19Z,3,4,2060.117221347729355330,0.000000000000000000,686.705740449243080548,-686.705740449243080548,1
0xcc740cb46a61132e82cfacce2462775bb3a7d606c88c270b4056d43e67aa1dc5,2026-05-07T01:51:30Z,3,4,2060.117221347729355330,686.705740449243080548,0.000000000000000000,686.705740449243080548,1
0x2c48c34db96ea456525d1c205dafffadde54b5bc31ba36283746fed7deff1983,2026-05-07T01:06:38Z,2,3,1684.845800960147244041,842.422900480073622020,842.422900480073622020,0.000000000000000000,2
0x1837650cd53d39b092a5b83948893a63630aef9eab166da7b2b69b9ae2ad271c,2026-05-07T00:50:52Z,1,2,1087.818155534641391569,0.000000000000000000,0.000000000000000000,0.000000000000000000,0
0xeed923f25acea063ffeb5a1f9a2f06371ccc29f1f3c00ae5d758ad3294f339fe,2026-05-07T00:42:07Z,1,2,988.909926262346516523,0.000000000000000000,0.000000000000000000,0.000000000000000000,0
0x3672cd337b17ea72c68980cbab11f6aaf51838e8984a6f6167a0a39b99eaef02,2026-05-07T01:43:05Z,2,3,884.226008533801632439,442.113004266900816219,442.113004266900816219,0.000000000000000000,2
0x7337e5a5f2b6478eac79e4e7b3c3422bd9bcdf9b5c3d75b89a58de45f5234539,2026-05-07T00:30:42Z,3,4,606.631994676571025593,0.000000000000000000,202.210664892190351338,-202.210664892190351338,1
0xc29a669b421ee207a3d008e8f0226d7f553afdd0a52cc4aa0fb2f92e499afdd1,2026-05-07T00:30:53Z,3,4,606.631994676571025593,202.210664892190351338,0.000000000000000000,202.210664892190351338,1
0x7d1de85812b292bd088f4205ab1a4eafa074708b6e9f0fa69bf279f9f4b65e28,2026-05-07T02:01:29Z,3,4,518.150438626648110585,0.000000000000000000,172.716812875549379669,-172.716812875549379669,1
0xfabb5ff653f72f5bf56a49a35fdb5f8a1000b9313a224dcce4ed94d23f13749e,2026-05-07T02:01:40Z,3,4,518.150438626648110585,172.716812875549379669,0.000000000000000000,172.716812875549379669,1
0x44e1f300e6675320a5af0e9525233a22cc521a04c74e0054724fda7eae40b47b,2026-05-07T01:58:59Z,1,2,386.466013493875095719,386.466013493875095719,0.000000000000000000,386.466013493875095719,1
0xb2189528491b3983f54e95b837f70ab3762c61b7fe247309e583c3946d1d2e5f,2026-05-07T01:24:06Z,2,3,359.508288595198507664,179.754144297599253832,179.754144297599253832,0.000000000000000000,2
0xb82e2880506c125d076d845031f82d903a024630a165558ada95369dcf053be1,2026-05-07T01:12:11Z,1,2,200.000000000000000000,200.000000000000000000,0.000000000000000000,200.000000000000000000,1
0x821c9669864328214889ce8b8effc1d5b50a3fc94725db23ae2fcfc8d0f095e7,2026-05-07T00:16:35Z,2,3,160.000000000000000000,0.000000000000000000,0.000000000000000000,0.000000000000000000,0
0x6ed415694d3c9f9538d7464d554205718affa64eeaa34f28681b5303986282d7,2026-05-07T00:42:42Z,2,3,116.972096866907989465,58.486048433453994733,0.000000000000000000,58.486048433453994733,1
0x8dc48300435fc28d729d251d907586b5bb0ef1cb8fcf711f51f18d6af4ff9816,2026-05-07T01:44:46Z,1,2,109.000000000000000000,109.000000000000000000,0.000000000000000000,109.000000000000000000,1
0x9aaa720ac48983cfe496c3924b2986c423650f3105b3cd67974d71c82bfea7a1,2026-05-07T00:42:41Z,1,2,83.006371934828834469,0.000000000000000000,83.006371934828834469,-83.006371934828834469,1
0x6441fd4bf7bbf938e5d3e75bb2f8f0ce977fee8a0093c983e1dc8345a23d4e64,2026-05-07T01:59:46Z,1,2,50.000000000000000000,50.000000000000000000,0.000000000000000000,50.000000000000000000,1
0xdca3db1129a57ff89361b110d30ad5e39727168874dd488cef1af672f18de669,2026-05-07T01:02:17Z,1,2,49.000000000000000000,49.000000000000000000,0.000000000000000000,49.000000000000000000,1
0x17d6b10d778cb97994e0106e663d15184158d12cd350e58cadb7b7ea455fa570,2026-05-07T02:21:49Z,3,4,35.508724318891296434,0.000000000000000000,11.836241439630430961,-11.836241439630430961,1
0x342db9a9bdefd5ca2be27029fb9742690c219722f1b232020f935c732485d78a,2026-05-07T02:22:00Z,3,4,35.508724318891296434,11.836241439630430961,0.000000000000000000,11.836241439630430961,1
0xbbc2d87c558b56f69cf4da793a38772759980595b959c97124e642db8337728e,2026-05-07T01:14:56Z,1,2,34.344527750065104499,34.344527750065104499,0.000000000000000000,34.344527750065104499,1
0x90195d23533acc5ae30f68b0acb346bf459d9e22c69f1d966b5af88d55e40672,2026-05-07T01:20:53Z,3,4,32.210423441482902263,0.000000000000000000,10.736807813827633495,-10.736807813827633495,1
0x117447d95be1f894b290fa6804fbf3c27bfa2d7827b53b047ffcceaa6cf51fb3,2026-05-07T01:20:59Z,3,4,32.210423441482902263,10.736807813827633495,0.000000000000000000,10.736807813827633495,1
0x295517eeca9fe403a337fb3041ee2e884349aa8e172a736bc7f7d1ed704ed4b3,2026-05-07T00:43:15Z,1,2,8.174886160255452339,0.000000000000000000,8.174886160255452339,-8.174886160255452339,1
0xd64b315dc0b79dbc319ad87ec3f36bfe2065593060ae1dfc6d752aa015d1dc91,2026-05-07T01:19:53Z,1,2,4.599999999999999645,4.599999999999999645,0.000000000000000000,4.599999999999999645,1
0x9560a0e7f829a620b7ddcfad2196abd00f6eb9544367ba1226e72daee8502b6d,2026-05-07T01:56:52Z,1,2,2.000000000000000000,2.000000000000000000,0.000000000000000000,2.000000000000000000,1
0x81a1b48bd954e9e4d4364b8f9771e539087bfe1c9cc1eefb2aa2f2852bff8170,2026-05-07T02:07:10Z,1,2,0.722963600729606970,0.000000000000000000,0.722963600729606970,-0.722963600729606970,1
0xcf00ea3b89ddf3eb9df32fce5024c514fb795347a0f3049ef56eae8e3500c6a4,2026-05-07T01:31:18Z,3,4,0.181205094607843037,0.000000000000000000,0.060401698202614346,-0.060401698202614346,1
0x0a4ea49cc7c038be3b06ef6bb74ad69c798812b6365e2d8c643de86a2ce777c1,2026-05-07T01:31:19Z,3,4,0.181205094607843037,0.060401698202614346,0.000000000000000000,0.060401698202614346,1
0xcfd2ed61d212f1f0f00e10f4fa8746517595b13af54785de93bd31f1920ca681,2026-05-07T01:40:56Z,1,2,0.014999999999999999,0.014999999999999999,0.000000000000000000,0.014999999999999999,1
0x36edf5d23acea0a76a0dcfe983a77c6b7bb1df5caa3ecdca83555e3b2a32bafb,2026-05-07T00:20:29Z,3,4,0.005538546809161938,0.000000000000000000,0.001846182269720646,-0.001846182269720646,1
0x1893eaf0a063946f45212db9aebd2f1fb2848b47c3f2322c45f2a70ac5046c0a,2026-05-07T00:20:31Z,3,4,0.005538546809161938,0.001846182269720646,0.000000000000000000,0.001846182269720646,1
0x54aa71a78307d4c5095150064f444f914acb272e4952dc77504f630782e94dc6,2026-05-07T01:16:05Z,1,2,0.000020000000000000,0.000020000000000000,0.000000000000000000,0.000020000000000000,1
0x33137df44a57ca60523e2932b728c32467f15938bb8db411f1554c3a18e7a8c5,2026-05-07T02:04:18Z,1,2,0.000008200000000000,0.000008200000000000,0.000000000000000000,0.000008200000000000,1
0x127db5bc86746fe577f31cd4350fb91dd46d7749e4f31facbb95bdc81baf02f3,2026-05-07T02:18:00Z,1,2,0.000001800000000000,0.000001800000000000,0.000000000000000000,0.000001800000000000,1
0xf107e020174cb889c460c9a40a08b85f2eda59bf72f0e4c96ce690952d86dd5a,2026-05-07T01:01:53Z,1,2,0.000000840000000000,0.000000840000000000,0.000000000000000000,0.000000840000000000,1
0x0db2ec05a300ea2856faed7361bc8cd3bd1e06fb1a1d9eada863a664b6b73c04,2026-05-07T00:54:48Z,1,2,0.000000097700000000,0.000000097700000000,0.000000000000000000,0.000000097700000000,1
0xae9f95295e7f21eb39e3223f3218d33d2c9c9e250827d22c382834d939078507,2026-05-07T02:19:25Z,1,2,0.000000061000000000,0.000000061000000000,0.000000000000000000,0.000000061000000000,1
0xd2537e995eba39cd6f597987f92b881c2b959945e8a8adc33c3962436ded527b,2026-05-07T02:10:00Z,1,2,0.000000005500000000,0.000000005500000000,0.000000000000000000,0.000000005500000000,1
0xc617b22415e5776534f3b6e732fb753fdd085c4e940e85487b74987a5330bd62,2026-05-07T01:07:38Z,1,2,0.000000004500000000,0.000000004500000000,0.000000000000000000,0.000000004500000000,1
0x290cd69b7e6c46f36653f2b9f3c7d70cec8d877f50b86b94cc28128e879ae8dc,2026-05-07T02:02:15Z,1,2,0.000000000710000000,0.000000000710000000,0.000000000000000000,0.000000000710000000,1
0x515f27c0df210f9603f875a9ad74a58ff954ca764297e395d61efdfe4ecdef83,2026-05-07T02:09:09Z,1,2,0.000000000016800000,0.000000000016800000,0.000000000000000000,0.000000000016800000,1
0xfdff4ae4792c4687231452f0b306721a987b902d4f4d29d162579e3fcd5c6b7e,2026-05-07T01:32:20Z,1,2,0.000000000000090000,0.000000000000090000,0.000000000000000000,0.000000000000090000,1
0xc05ec60f68b5b84e64564a566bbb84662798bd783c0b5f3b23052b5255d31000,2026-05-07T00:36:46Z,1,2,0.000000000000000190,0.000000000000000190,0.000000000000000000,0.000000000000000190,1
