date,events,txs,pools,buy_events,sell_events,buy_chog,sell_chog,net_buy_chog,chog_volume,quote_volume,effective_gas_gwei_mean,priority_fee_gwei_mean,net_flow_ratio
2026-04-07,360,273,5,179,181,7231410.563473282,9762803.484341044,-2531392.920867761,16994214.047814324,688857.3969944195,166.94498964565554,66.94498964565555,-0.14895616318268812
2026-04-08,544,409,5,248,296,12678774.363847634,13890870.48345596,-1212096.1196083254,26569644.847303595,1099002.2374369372,1193.4183087432186,1093.4183087432186,-0.04561958304577542
2026-04-09,809,597,5,483,326,25056737.686560415,36757243.88939334,-11700506.202832919,61813981.575953744,1883488.1779861993,328.06372376538445,228.06372376538442,-0.18928575549620527
2026-04-10,1398,1074,5,622,776,61655543.23542131,49843239.15158656,11812304.083834741,111498782.38700788,3683013.4690712267,449.76046680675466,349.76046680675466,0.1059411038484232
2026-04-11,902,728,5,491,411,35978782.595829524,38273052.87820873,-2294270.282379201,74251835.47403824,2562992.5799240093,310.28022607546677,210.28022607546674,-0.0308984992456029
2026-04-12,712,563,5,328,384,23730950.782301284,29488299.745139156,-5757348.962837871,53219250.52744044,1649677.9716159608,267.0479856803455,167.0479856803455,-0.10818169939971847
2026-04-13,606,478,5,285,321,14082429.03598937,13472500.584113711,609928.4518756588,27554929.620103084,849493.6807014482,296.08102936476234,196.08102936476237,0.022135003075118617
2026-04-14,675,548,5,322,353,17049503.237565383,15229967.10720242,1819536.1303629633,32279470.3447678,1037979.3522273751,155.6620630480237,55.662063048023704,0.05636821518225106
2026-04-15,533,444,5,251,282,19311266.640797395,22698013.43156033,-3386746.7907629376,42009280.07235772,1249793.6515858877,294.86839477077484,194.86839477077487,-0.0806190152492385
2026-04-16,472,398,5,213,259,14389964.594789896,15786601.770717598,-1396637.1759277035,30176566.365507495,853104.498033218,774.2375506582882,674.2375506582882,-0.046282176673489654
2026-04-17,572,479,5,284,288,19788258.723699864,22855913.12683632,-3067654.4031364527,42644171.85053618,1094147.0590248532,476.1042287937937,376.10422879379365,-0.07193607637377256
2026-04-18,430,359,5,222,208,17788183.022639558,23107476.67477268,-5319293.652133126,40895659.69741224,930152.9968296527,1159.9523133722162,1059.9523133722162,-0.13006988251297769
2026-04-19,341,292,5,168,173,8886638.800956253,7750719.293303378,1135919.5076528748,16637358.09425963,364901.8255537985,184.780780284217,84.780780284217,0.0682752334365394
2026-04-20,347,299,5,176,171,7355895.860830461,8751444.377853964,-1395548.5170235022,16107340.238684423,351926.6016126882,121.35859960861671,21.358599608616714,-0.08664053135674524
2026-04-21,359,288,5,160,199,6669513.556197294,5807334.198868607,862179.3573286866,12476847.755065901,271304.08913455525,247.59324694991366,147.59324694991363,0.06910233852766384
2026-04-22,542,460,5,216,326,13059478.425526625,9412229.12658904,3647249.298937585,22471707.552115664,541721.0608667205,454.63038432030254,354.63038432030254,0.1623040568002677
2026-04-23,507,425,5,212,295,16309397.694915924,13121537.839999305,3187859.8549166196,29430935.534915227,749515.6282923643,219.8999499948067,119.8999499948067,0.10831663339871475
2026-04-24,999,810,5,519,480,28248143.880659882,20038618.77383092,8209525.106828962,48286762.6544908,1708675.1362246107,203.64861289096396,103.64861289096397,0.17001605938196923
2026-04-25,467,401,5,182,285,9340623.290541017,6835246.578340796,2505376.7122002216,16175869.868881814,636791.187575405,210.83531158028907,110.83531158028907,0.15488358477833195
2026-04-26,574,499,5,259,315,8091421.373626039,10005479.818560332,-1914058.444934293,18096901.19218637,717756.5812850037,678.9138371419948,578.9138371419948,-0.10576719321210189
2026-04-27,556,489,5,254,302,7135392.741718456,11509641.226289006,-4374248.484570549,18645033.96800746,659826.290101239,156.45134264827698,56.45134264827698,-0.23460662458841378
2026-04-28,676,550,5,285,391,13745826.444749909,16000678.943592636,-2254852.498842727,29746505.388342544,973922.0885890485,596.2107473736005,496.2107473736005,-0.07580226548986116
2026-04-29,524,466,5,192,332,11880467.66652494,8836737.297366733,3043730.3691582084,20717204.963891674,731651.9041486211,1131.0936592270552,1031.0936592270552,0.14691800242663872
2026-04-30,558,497,5,237,321,12013192.386648774,8747616.572252832,3265575.814395943,20760808.958901607,760838.0617461551,175.45779751246775,75.45779751246775,0.15729521045449257
2026-05-01,607,498,5,272,335,10083215.313011732,9878279.719291115,204935.5937206187,19961495.032302845,816166.8733292529,295.81855174480233,195.8185517448023,0.010266545335856862
2026-05-02,563,482,5,204,359,9353937.965005152,10509232.704122901,-1155294.739117748,19863170.669128053,748329.0244983174,6399.735610614289,6299.735610614289,-0.0581626548128765
2026-05-03,472,406,5,191,281,6519869.23042239,8980736.382716706,-2460867.1522943173,15500605.613139097,545465.2845652971,1013.9978715274427,913.9978715274427,-0.15875941970992166
2026-05-04,595,480,5,201,394,13791128.841215156,11169332.221641587,2621796.6195735685,24960461.06285674,893275.5001451588,356.1795641989815,256.1795641989815,0.10503798839978247
2026-05-05,707,603,5,258,449,12026521.376957845,11607612.409360334,418908.9675975093,23634133.78631818,929683.2371679662,239.27240817600705,139.27240817600708,0.017724743855009238
2026-05-06,1004,818,5,357,647,32879664.52665516,26269874.500217125,6609790.026438037,59149539.026872285,2603746.7059973753,2332.954750668852,2232.954750668852,0.11174710970165189
2026-05-07,384,309,5,153,231,9358339.138487753,5746212.987407558,3612126.1510801953,15104552.125895312,831659.3857338777,305.4854012606146,205.4854012606146,0.23914155950956997
