factor,factor_group,description,target,n,pearson_ic,spearman_ic,bottom_mean,top_mean,top_minus_bottom,hit_rate_top_gt_bottom,resid_pearson_ic,resid_spearman_ic,top_volume_day,spearman_ex_top_volume_day,top_minus_bottom_ex_top_volume_day,robustness_note,abs_spearman_ic
large_p10_volume_share,large_trade_impact,large p10 volume share,fwd_1h,475,-0.10605533566316232,-0.1467001244570292,0.005618129142565763,-0.005619372588796059,-0.011237501731361822,0.43378389170626525,-0.056708016810962304,0.0008658407028606669,2026-05-06,-0.13590718759536852,-0.009274670419522128,stable,0.1467001244570292
large_p10_buy_count,impact_path_proxy,large p10 buy event count,fwd_1h,475,-0.05703087570932146,-0.13213097314510497,0.002529848736564599,-0.0011881281393946162,-0.0037179768759592153,0.45259097614949595,-0.030104860296713398,-0.008426294531193408,2026-05-06,-0.12372004583261217,-0.0034598097698608004,stable,0.13213097314510497
large_p10_buy_flow,impact_path_proxy,large p10 buy flow,fwd_1h,475,-0.10993466803717591,-0.12547247072895537,0.003134508291008546,-0.0006364117663679704,-0.0037709200573765164,0.4486283592221379,-0.078323916290675,0.005470758578475265,2026-05-06,-0.1122862042076156,-0.004645882280930526,stable,0.12547247072895537
large_p10_count,large_trade_impact,large p10 trade count,fwd_1h,475,-0.05882242748861837,-0.12047469488276474,0.0029014257773274416,-0.00020813303720438483,-0.003109558814531826,0.4629451008761354,-0.03421112598490301,0.002896040475363812,2026-05-06,-0.09666279634941287,-0.0023613099050509793,stable,0.12047469488276474
net_buy_pressure_x_prev_up,interaction_product,net buy pressure active after positive previous return,fwd_1h,475,-0.04334075587842761,-0.10959544732430264,0.0032256422998069665,-0.002100141227232527,-0.005325783527039493,0.4186854460093897,-0.022824856027894757,-0.05688094614556742,2026-05-06,-0.12104291111671339,-0.0057680453338990675,stable,0.10959544732430264
large_p05_volume_share,large_trade_impact,large p05 volume share,fwd_1h,475,-0.10018995789313323,-0.10329617280201264,0.004639854603275112,-0.003656631899206585,-0.008296486502481697,0.43318492193427305,-0.0579026521837827,0.021855161082578033,2026-05-06,-0.08327640295722806,-0.005796761751355748,stable,0.10329617280201264
large_p10_sell_flow,impact_path_proxy,large p10 sell flow,fwd_1h,475,-0.14258880975514768,-0.09529917302344072,0.004168824335039531,-0.0027115901585060853,-0.0068804144935456155,0.45362975681827256,-0.13471281158671397,-0.01075529020884025,2026-05-06,-0.057035968724483584,-0.003645128028011372,stable,0.09529917302344072
large_p05_count,large_trade_impact,large p05 trade count,fwd_1h,475,-0.07054724460803173,-0.08882799898521371,0.0024403053999223568,-0.0009707073667385364,-0.0034110127666608933,0.4463120842214041,-0.04630072025371454,0.02665167549944352,2026-05-06,-0.060771402950597686,-0.0005298306170268278,stable,0.08882799898521371
volume_regime_rank,regime,expanding volume percentile rank,fwd_1h,452,-0.06122672258368507,-0.08577135917524184,0.004072258384452685,-0.0012996273795940567,-0.0053718857640467415,0.440835928248761,-0.008882698617957296,0.060953995272705556,2026-05-06,-0.058471920799902356,-0.003982292766014293,stable,0.08577135917524184
return_1h,baseline_reference,same-hour price return reference,fwd_1h,474,-0.07031495123504833,-0.08461503961831182,0.0032397943188386675,-0.0009600516809388386,-0.004199845999777506,0.4393745036955592,-8.644853581038683e-16,0.06825901387327572,2026-05-06,-0.07803074308947203,-0.00416982145542378,stable,0.08461503961831182
log_chog_volume,baseline_reference,log hourly CHOG volume,fwd_1h,475,-0.05964970257722928,-0.07928049035324689,0.003268012265384577,-0.001187010156179422,-0.004455022421563999,0.450123397818645,2.9186870928701795e-15,0.06877799578293824,2026-05-06,-0.05287246600113885,-0.0032414692950064965,stable,0.07928049035324689
large_p10_sell_count,impact_path_proxy,large p10 sell event count,fwd_1h,475,-0.0420137235870702,-0.07843377393835899,0.0024941973853097937,-0.0011515237254224834,-0.003645721110732277,0.46596518987341773,-0.02849901070518135,-0.003504140711658084,2026-05-06,-0.03883624805883219,0.0011780832028785305,weaker_ex_top_volume_day,0.07843377393835899
large_p05_count_imbalance,large_trade_impact,large p05 buy-sell count imbalance,fwd_1h,475,0.07498013769934693,0.06510101912004138,0.0012908057116040848,0.004974402503072894,0.0036835967914688097,0.5120696478037198,0.08990772898489034,0.09377430099819717,2026-05-06,0.040234755502700933,0.0034802258949351763,stable,0.06510101912004138
large_p05_flow_pressure_z24,large_trade_impact,24h z-score large p05 pressure,fwd_1h,470,0.09064594044717415,0.06320639780999399,-0.002360568433519273,0.003286884257709516,0.0056474526912287885,0.5355626326963907,0.10810357684426884,0.08514077016361911,2026-05-06,0.06509350742005501,0.008793530949032298,stable,0.06320639780999399
main_vs_other_divergence,main_pool_absorption,main pressure minus other pressure,fwd_1h,475,-0.051497555080174465,-0.057451301386939706,0.0038997690052447204,0.0022144931654943,-0.0016852758397504206,0.47448451556404747,-0.06042920366689916,-0.10248337113841352,2026-05-06,-0.07098797425804897,-0.002447885321240845,stable,0.057451301386939706
large_p05_flow_pressure,large_trade_impact,large p05 net flow divided by volume,fwd_1h,475,0.09094516538924785,0.054821116598588224,0.0015522573666393409,0.0033426461023851215,0.0017903887357457807,0.4910386301694514,0.10899473068482994,0.08676029485055732,2026-05-06,0.04858267599587599,0.0034052938096981876,stable,0.054821116598588224
large_p05_net_flow_z24,large_trade_impact,24h z-score large p05 flow,fwd_1h,470,0.05514845084982087,0.051209643831137394,-0.0015493302930781434,0.0021824687037464365,0.00373179899682458,0.5280980407965815,0.07920696013319914,0.07962786196261899,2026-05-06,0.06401893988524365,0.006758398259038682,stable,0.051209643831137394
large_p05_net_flow,large_trade_impact,large p05 buy flow minus sell flow,fwd_1h,475,0.038604404254848394,0.05070477326405772,0.0015522573666393409,0.0033426461023851215,0.0017903887357457807,0.4910386301694514,0.06514546487359335,0.08405755472580266,2026-05-06,0.050094095711569316,0.0034052938096981876,stable,0.05070477326405772
large_p10_count_imbalance,large_trade_impact,large p10 buy-sell count imbalance,fwd_1h,475,-0.020706066008194506,-0.04563925830134868,0.0029389554070194317,-0.000990089508376351,-0.003929044915395783,0.43389769452449567,-0.005017206373872705,-0.004648352453895213,2026-05-06,-0.06967141625830058,-0.005449007159997875,stable,0.04563925830134868
large_p05_net_flow_x_high_volume,interaction_product,large p05 flow active only in high volume regime,fwd_1h,475,0.02839860516996464,0.04066452305175103,0.001520194769665842,0.004278155311154468,0.002757960541488626,0.49224791064594237,0.055488286431326736,0.06573567010490997,2026-05-06,0.04855596154016598,0.005696094961939976,stable,0.04066452305175103
active_block_regime_rank,regime,expanding active block percentile rank,fwd_1h,452,-0.009488620797957214,-0.04042230402506685,0.002783839283060041,0.0033805264315788126,0.0005966871485187718,0.48561466602342,0.005413113918880895,0.003558549374425995,2026-05-06,-0.02399085478716956,0.0015152698278509849,stable,0.04042230402506685
main_pool_net_flow_x_non_main_opposes,interaction_product,main flow active only when non-main flow opposes,fwd_1h,475,-0.001397684966530491,-0.03635862534750436,0.0022730835170615494,-0.0027709327380915885,-0.005044016255153138,0.4874120696038504,-0.004210804926043864,-0.05784665263049759,2026-05-06,-0.0467363793541978,-0.004920386485186647,stable,0.03635862534750436
buy_sell_count_imbalance,small_trade_noise,all trade count imbalance,fwd_1h,475,-4.155478389006004e-06,-0.03424909634448025,0.004692096348983733,0.0034312460936662243,-0.0012608502553175089,0.47640301456062045,0.004800761820286294,-0.010796542784918973,2026-05-06,-0.02720144561604412,-0.0009259999500296151,stable,0.03424909634448025
main_pool_flow_pressure,main_pool_absorption,main pool net flow pressure,fwd_1h,475,0.022265630596230646,-0.03238435415451463,0.0010442227022347402,0.004101911036946557,0.0030576883347118167,0.4859485709736486,0.035157862530975616,-0.019051697638190618,2026-05-06,-0.03408884942063704,0.004202190486402799,stable,0.03238435415451463
small_count_imbalance,small_trade_noise,small trade count imbalance,fwd_1h,475,-0.03897150707072076,-0.0316392061830924,0.005646747622964779,-0.00020057006573588954,-0.005847317688700669,0.4682855626326964,-0.047332660143976406,-0.05185238731769208,2026-05-06,-0.02215455764683738,-0.006448757693553551,stable,0.0316392061830924
net_buy_pressure,standardized_pressure,net buy flow divided by volume,fwd_1h,475,0.022742263982746525,-0.03132885160866437,0.0011501636046602692,0.004549228703090434,0.003399065098430165,0.48951118541517397,0.03465504444387896,-0.019916072752618842,2026-05-06,-0.03338768698524729,0.003387907747576385,stable,0.03132885160866437
net_buy_usd_pressure,standardized_pressure,net buy USD pressure divided by USD volume,fwd_1h,475,0.022742263982746518,-0.03132885160866437,0.0011501636046602692,0.004549228703090434,0.003399065098430165,0.48951118541517397,0.034655044443878916,-0.019916072752618842,2026-05-06,-0.03338768698524729,0.003387907747576385,stable,0.03132885160866437
large_p10_flow_pressure,large_trade_impact,large p10 net flow divided by volume,fwd_1h,475,0.0022594776514911212,-0.028556049525010507,0.0023513051666461744,0.0006936467592879301,-0.0016576584073582444,0.44407407407407407,0.022587090629443442,-0.0016801605947194048,2026-05-06,-0.03567440734839466,-0.001717122075990437,stable,0.028556049525010507
small_tx_dispersion,small_trade_noise,small trade size dispersion,fwd_1h,465,0.04699033417217144,0.028474151847324675,-0.001721717128948376,0.0041567402803463415,0.005878457409294718,0.5327783558792925,0.035457085729347346,0.003118175462536968,2026-05-06,0.02124839525673,0.004855661855552967,stable,0.028474151847324675
events,baseline_reference,swap event count,fwd_1h,475,0.004616804218303296,-0.02745749371227504,0.003551746908753338,0.0032094576238226842,-0.0003422892849306537,0.4776519303373523,5.426674484902828e-15,0.021270071389120796,2026-05-06,-0.011677294480962216,0.00038914168323530424,stable,0.02745749371227504
active_blocks,regime,unique active event blocks,fwd_1h,475,0.022908137684571495,-0.02573570026848245,0.002259758510808224,0.004616959491233773,0.0023572009804255487,0.5045689655172414,0.016866205077637173,0.008312339820719841,2026-05-06,-0.010449404204121908,0.001636371042052211,stable,0.02573570026848245
net_buy_pressure_z72,standardized_pressure,72h z-score pressure,fwd_1h,458,0.03166135178135916,-0.02295533200558445,0.0014751779487643228,0.004802964215177824,0.0033277862664135016,0.48767568029390407,0.04389313283888887,-0.006730552865370393,2026-05-06,-0.025191211445425243,0.0034133375468716845,stable,0.02295533200558445
non_main_flow_pressure,main_pool_absorption,non-main pressure,fwd_1h,475,0.06070481099910336,0.019974235528599265,-0.001343617184252211,0.002536363080681488,0.003879980264933699,0.5065878512857257,0.07896102008281825,0.06548437529197419,2026-05-06,0.025902643454437716,0.003923953653140216,stable,0.019974235528599265
main_pool_flow_pressure_z24,main_pool_absorption,24h z-score main pool pressure,fwd_1h,470,0.04212290702304081,-0.013609072132925443,0.0015145155017093341,0.0057727095593439765,0.004258194057634643,0.4968152866242038,0.05437926425983965,0.0024362920071394913,2026-05-06,-0.015767918514039515,0.004943835290291171,stable,0.013609072132925443
net_buy_pressure_z24,standardized_pressure,24h z-score pressure,fwd_1h,470,0.03879067481397481,-0.012868305289921817,0.0012684491482384257,0.006082233438817896,0.004813784290579471,0.49916832325855004,0.04974735240386432,0.0011051358505711625,2026-05-06,-0.015511505242921915,0.005502331044239847,stable,0.012868305289921817
net_buy_chog_z24,standardized_pressure,24h z-score net buy flow,fwd_1h,470,0.05050584989288388,0.011801719558691472,-0.0005059066216030879,0.004251925669399265,0.004757832291002353,0.504482940484401,0.08381843827778589,0.06059985245976957,2026-05-06,0.01860392870339316,0.00572619180847012,stable,0.011801719558691472
main_pool_net_flow_z24,main_pool_absorption,24h z-score main pool net flow,fwd_1h,470,0.05076636762817987,0.010944267122577915,-0.0017740961080051187,0.004455968075675344,0.006230064183680463,0.5132054038703395,0.08385933572753541,0.05898794799163535,2026-05-06,0.017441605464635145,0.0059710803396031565,stable,0.010944267122577915
main_minus_non_main_net_flow,main_pool_absorption,main minus non-main flow,fwd_1h,475,0.04343975970138516,-0.010110178571677808,0.00026256813606533063,0.0037007836628443567,0.003438215526779026,0.48451556404744844,0.07864937690943406,0.04089749891897298,2026-05-06,-0.008191929614707036,0.004516251392326979,stable,0.010110178571677808
net_buy_chog,standardized_pressure,raw hourly net buy flow,fwd_1h,475,0.04510455646808521,-0.009789519708524794,-0.00018550462607368263,0.0037818624072891525,0.003967367033362835,0.48746118939574873,0.0805501798915093,0.043023776960532306,2026-05-06,-0.006874053182416864,0.0050604250537788645,stable,0.009789519708524794
gas_regime_rank,regime,expanding gas percentile rank,fwd_1h,452,0.0014278771425917688,-0.009510144310641299,0.0028281849366211965,0.004160314029386868,0.0013321290927656715,0.493552914345862,0.013768033127384536,0.031202098081298577,2026-05-06,0.014304879288037187,0.002451591655873872,stable,0.009510144310641299
priority_fee_regime_rank,regime,expanding priority fee percentile rank,fwd_1h,452,0.0014278771425917688,-0.009510144310641299,0.0028281849366211965,0.004160314029386868,0.0013321290927656715,0.493552914345862,0.013768033127384536,0.031202098081298577,2026-05-06,0.014304879288037187,0.002451591655873872,stable,0.009510144310641299
large_p01_net_flow,large_trade_impact,large p01 buy flow minus sell flow,fwd_1h,475,-0.01713584391862786,-0.008726807227346341,0.0027196501051791502,-0.013894838678009456,-0.016614488783188604,0.38446969696969696,0.0030332792593661517,-0.0016995848160286592,2026-05-06,0.031039020989523113,-0.006194751846945028,stable,0.008726807227346341
main_pool_net_flow,main_pool_absorption,main pool net flow,fwd_1h,475,0.04432017807524807,-0.00871577224293088,0.0004731176581163233,0.0037479314010525665,0.003274813742936243,0.4828238197595733,0.07965880534645443,0.042954365870251414,2026-05-06,-0.0061684790953885765,0.003392808962152644,stable,0.00871577224293088
large_p01_count_imbalance,large_trade_impact,large p01 buy-sell count imbalance,fwd_1h,475,-0.017178118830509282,-0.007858445579746465,0.0025407255732869502,-0.011721027978882666,-0.014261753552169616,0.39745133453742726,0.0017686843489544842,0.0015115481422233426,2026-05-06,0.03235252134005114,-0.002327292471865193,stable,0.007858445579746465
effective_gas_gwei_mean,regime,mean effective gas in event hour,fwd_1h,475,-0.01395272529249544,-0.007615217219957717,0.0021215645486804217,0.0037408615245817694,0.0016192969759013477,0.4943077780431494,-0.016593848772742663,0.036984168045381134,2026-05-06,0.013448902117496272,0.0028047213335347402,stable,0.007615217219957717
priority_fee_gwei_mean,regime,mean priority fee proxy in event hour,fwd_1h,475,-0.01395272529249544,-0.007615217219957717,0.0021215645486804217,0.0037408615245817694,0.0016192969759013477,0.4943077780431494,-0.01659384877274266,0.036984168045381134,2026-05-06,0.013448902117496272,0.0028047213335347402,stable,0.007615217219957717
small_net_flow,small_trade_noise,small trade net flow,fwd_1h,475,0.020662846977560698,0.007477213017565848,0.0021757474470133517,0.001025324750242581,-0.0011504226967707708,0.5026470822386753,0.005240820484817249,-0.02575562732667299,2026-05-06,0.003290543421926704,-0.0021896417537761036,stable,0.007477213017565848
large_p01_flow_pressure,large_trade_impact,large p01 net flow divided by volume,fwd_1h,475,0.007957575072327165,-0.007192488139210676,0.0027196501051791502,-0.013894838678009456,-0.016614488783188604,0.38446969696969696,0.025550041341069075,-7.346846968089254e-05,2026-05-06,0.030894680826665466,-0.006194751846945028,stable,0.007192488139210676
small_trade_density,small_trade_noise,small trades divided by all events,fwd_1h,475,-0.004381049513311985,0.00688014104314104,0.00403565036122528,0.0036611294339960044,-0.0003745209272292753,0.5066447779862414,-0.04830322629478273,-0.11431314252427145,2026-05-06,-0.0020641001002967073,-0.002580983984021329,stable,0.00688014104314104
non_main_net_flow,main_pool_absorption,non-main pool net flow,fwd_1h,475,0.05766412177530678,0.005828643982941445,-0.0003588425276553841,0.003991659185082747,0.004350501712738131,0.4955019504816496,0.09335659248776744,0.06547538920960712,2026-05-06,0.017672028937610943,0.006277086835136448,stable,0.005828643982941445
large_p10_net_flow,large_trade_impact,large p10 buy flow minus sell flow,fwd_1h,475,0.021094135930296208,-0.005137117206603244,0.0023513051666461744,0.0006936467592879301,-0.0016576584073582444,0.44407407407407407,0.0505322535618776,0.020280978660176613,2026-05-06,-0.006032674731425265,-0.001717122075990437,stable,0.005137117206603244
large_p05_net_flow_x_high_gas,interaction_product,large p05 flow active only in high gas regime,fwd_1h,475,0.017542908919741265,-0.0036228688275624604,0.0017421816859793003,0.0030274712609479706,0.0012852895749686703,0.45366259711431745,0.04149373280702724,0.031017108439218146,2026-05-06,-0.002903765596005052,0.00454053594657618,stable,0.0036228688275624604
small_net_flow_pressure,small_trade_noise,small trade net flow pressure,fwd_1h,475,-0.01497356298962463,0.0014266189863921539,0.004491199909620239,0.0006552260845499223,-0.0038359738250703167,0.4813112013374731,-0.020509935634046628,-0.027673567455459968,2026-05-06,0.004343374738880556,-0.0037579878165457927,stable,0.0014266189863921539
non_main_net_flow,main_pool_absorption,non-main pool net flow,fwd_3h,473,0.1347501936798262,0.15816167920025684,-0.002338798239696626,0.016641794285328547,0.018980592525025174,0.5939753244672328,0.15476442638386279,0.1818739474185922,2026-05-06,0.20117372925824903,0.024308583037817737,stable,0.15816167920025684
main_vs_other_divergence,main_pool_absorption,main pressure minus other pressure,fwd_3h,473,-0.12030686180386362,-0.15449237300090057,0.014213827373144623,-0.005965558233586317,-0.02017938560673094,0.3901217753565134,-0.12013157400820257,-0.15965986993599482,2026-05-06,-0.1759692816176575,-0.02216527481043656,stable,0.15449237300090057
non_main_flow_pressure,main_pool_absorption,non-main pressure,fwd_3h,473,0.11967006849891422,0.14136462379815465,-0.0033775997898690354,0.012513442715241675,0.01589104250511071,0.5951369972760776,0.12939377561112314,0.1514576162924625,2026-05-06,0.17843375356477995,0.021746259866951625,stable,0.14136462379815465
net_buy_chog,standardized_pressure,raw hourly net buy flow,fwd_3h,473,0.12566510430107672,0.12527791286106998,-0.003343005057351699,0.015200383313329782,0.01854338837068148,0.5840810767505208,0.14311366082495766,0.14629299910827573,2026-05-06,0.16257109189505184,0.020993946836109084,stable,0.12527791286106998
main_pool_net_flow,main_pool_absorption,main pool net flow,fwd_3h,473,0.12484729824725992,0.1250306039437946,-0.0021468134009333256,0.014257823030477667,0.01640463643141099,0.5727647812850505,0.1421166992022678,0.1458354968355998,2026-05-06,0.16198830342286397,0.02027395211753913,stable,0.1250306039437946
main_minus_non_main_net_flow,main_pool_absorption,main minus non-main flow,fwd_3h,473,0.12390522951037464,0.1232677192455016,-0.0025214065506395027,0.01493773749186759,0.01745914404250709,0.578072424290979,0.1409715764933762,0.14362581449441153,2026-05-06,0.15972820200787627,0.02047777086579191,stable,0.1232677192455016
large_p05_net_flow,large_trade_impact,large p05 buy flow minus sell flow,fwd_3h,473,0.07977592926255181,0.1077569702622685,0.003673734918259245,0.013758542252352502,0.010084807334093258,0.5593413857340304,0.09228748703309025,0.12526506850119573,2026-05-06,0.13260776548186307,0.014264693393158745,stable,0.1077569702622685
large_p05_net_flow_x_high_volume,interaction_product,large p05 flow active only in high volume regime,fwd_3h,473,0.0704391538414569,0.1046645350175908,0.003918542523571167,0.01623820536651347,0.012319662842942305,0.5658522998567563,0.08444836650519091,0.12078865489761545,2026-05-06,0.13205719412345698,0.019530248679580503,stable,0.1046645350175908
large_p10_net_flow,large_trade_impact,large p10 buy flow minus sell flow,fwd_3h,473,0.08621374000159816,0.10258238433118327,0.0033338479365980457,0.011005937287775415,0.007672089351177369,0.5485074626865671,0.09786815448344038,0.11542379773700702,2026-05-06,0.1285277729169696,0.011678652724115359,stable,0.10258238433118327
net_buy_chog_z24,standardized_pressure,24h z-score net buy flow,fwd_3h,468,0.12512313059125665,0.10041357503273031,-0.0020871862398756194,0.010223525685436365,0.012310711925311984,0.5562952005259697,0.14623705756007493,0.12294856751375016,2026-05-06,0.13640821460941235,0.014764592781802928,stable,0.10041357503273031
main_pool_net_flow_z24,main_pool_absorption,24h z-score main pool net flow,fwd_3h,468,0.12493270351829387,0.09869227311114111,-0.0021414779779508272,0.010214088646508199,0.012355566624459026,0.5559459237343852,0.14591874291895196,0.12102370234621182,2026-05-06,0.13439670177467944,0.014554335084961735,stable,0.09869227311114111
large_p05_flow_pressure,large_trade_impact,large p05 net flow divided by volume,fwd_3h,473,0.08242344572613858,0.09860662126594266,0.003673734918259245,0.013758542252352502,0.010084807334093258,0.5593413857340304,0.09167336458827494,0.11444169517334582,2026-05-06,0.11746596073341156,0.014264693393158745,stable,0.09860662126594266
large_p05_net_flow_x_high_gas,interaction_product,large p05 flow active only in high gas regime,fwd_3h,473,0.06594886721871931,0.0932456901853219,0.0042323883585260735,0.016293395428242277,0.012061007069716204,0.5500709219858156,0.07732764478906448,0.10595974642598562,2026-05-06,0.1178029448151184,0.020280972011911185,stable,0.0932456901853219
large_p05_flow_pressure_z24,large_trade_impact,24h z-score large p05 pressure,fwd_3h,468,0.06725800659186439,0.0896626769637006,0.001683894953309059,0.010856330540927765,0.009172435587618707,0.5511786600496278,0.08243886066972599,0.10821554627400587,2026-05-06,0.12363595106026755,0.017635544625391256,stable,0.0896626769637006
net_buy_pressure_x_prev_up,interaction_product,net buy pressure active after positive previous return,fwd_3h,473,-0.08926934042225396,-0.08731527246092685,0.008543042666333758,-0.0036255093176257754,-0.012168551983959533,0.44588207209357844,-0.0770683640043086,-0.06486155455020434,2026-05-06,-0.06973642281308678,-0.009423350788842525,stable,0.08731527246092685
large_p05_count_imbalance,large_trade_impact,large p05 buy-sell count imbalance,fwd_3h,473,0.06862561485039545,0.08457062242211374,0.0040704526730254405,0.013132398442726905,0.009061945769701464,0.5552763819095478,0.07647533751655505,0.09658443546217912,2026-05-06,0.08541470526786478,0.010522200069185902,stable,0.08457062242211374
large_p05_net_flow_z24,large_trade_impact,24h z-score large p05 flow,fwd_3h,468,0.09426738459320824,0.08264534253876411,0.0031872611790539638,0.009089128290845959,0.005901867111791995,0.5507072545289106,0.11008891397823349,0.10054538799048038,2026-05-06,0.12127919330219013,0.012873561907851922,stable,0.08264534253876411
main_pool_net_flow_x_non_main_opposes,interaction_product,main flow active only when non-main flow opposes,fwd_3h,473,-0.02810345208810775,-0.0765926911921806,0.007206388135702934,-0.014513923786428013,-0.021720311922130947,0.39871063724274736,-0.027016546001201028,-0.07469226765496835,2026-05-06,-0.0876072432406026,-0.020565595215472115,stable,0.0765926911921806
buy_sell_count_imbalance,small_trade_noise,all trade count imbalance,fwd_3h,473,0.05216299849022093,0.07351207368660183,0.002360326234482539,0.01350601251990571,0.011145686285423171,0.5529366019848911,0.044405704932972294,0.06012442764951432,2026-05-06,0.10976998099198503,0.01435987388283192,stable,0.07351207368660183
large_p10_flow_pressure,large_trade_impact,large p10 net flow divided by volume,fwd_3h,473,0.03484520386368553,0.06453126313145864,0.0033338479365980457,0.011005937287775415,0.007672089351177369,0.5485074626865671,0.043169719169240846,0.07491003460934233,2026-05-06,0.0831494582907095,0.011678652724115359,stable,0.06453126313145864
events,baseline_reference,swap event count,fwd_3h,473,0.05580743214062276,0.06403315010627558,0.0023489089798022175,0.00996061822110544,0.007611709241303223,0.5383428733812365,6.389580492934321e-15,0.01187099164463739,2026-05-06,0.08341740203546613,0.009742319000575426,stable,0.06403315010627558
large_p01_flow_pressure,large_trade_impact,large p01 net flow divided by volume,fwd_3h,473,0.06343586899402269,0.06326605485875768,0.005471817024244578,0.006171841799284469,0.0007000247750398913,0.5109502598366741,0.07694450542210583,0.07606092567416829,2026-05-06,0.12484181190022951,0.018834860551266232,stable,0.06326605485875768
large_p01_net_flow,large_trade_impact,large p01 buy flow minus sell flow,fwd_3h,473,0.04526041323333581,0.06271259263046491,0.005471817024244578,0.006171841799284469,0.0007000247750398913,0.5109502598366741,0.056904903427029384,0.07557825032545687,2026-05-06,0.12642423225053262,0.018834860551266232,stable,0.06271259263046491
active_blocks,regime,unique active event blocks,fwd_3h,473,0.07347780544423049,0.059942635526728856,0.0017429023031509223,0.013743015197759873,0.012000112894608951,0.5595098677076557,0.018891081340715273,0.008607607154682336,2026-05-06,0.07926354580533145,0.011148787577855998,stable,0.059942635526728856
small_trade_density,small_trade_noise,small trades divided by all events,fwd_3h,473,-0.06127912179039117,-0.058236691389956595,0.00936918860693779,-0.001358649771728916,-0.010727838378666706,0.4523583412472301,-0.053648471468869,-0.0460052711173208,2026-05-06,-0.08071802845604058,-0.01514128909018768,stable,0.058236691389956595
large_p10_volume_share,large_trade_impact,large p10 volume share,fwd_3h,473,-0.07065559046607879,-0.05762513992008074,0.009731998981586883,-0.0029152508362735815,-0.012647249817860464,0.4525416917821981,-0.07986894912308504,-0.0647279038599716,2026-05-06,-0.04385543424030771,-0.010526993716375473,stable,0.05762513992008074
large_p01_count_imbalance,large_trade_impact,large p01 buy-sell count imbalance,fwd_3h,473,0.032236864245899104,0.0571259650093739,0.005645966179388067,0.0026654227347556484,-0.002980543444632419,0.5086676073372304,0.04370524921099069,0.06993932680654313,2026-05-06,0.1227644224827017,0.016085755529327034,stable,0.0571259650093739
small_net_flow,small_trade_noise,small trade net flow,fwd_3h,473,0.08307624534086075,0.056312036169875686,0.00115065972903834,0.0073101561675081245,0.006159496438469784,0.5310647332158308,0.07812736949368472,0.045087082915753626,2026-05-06,0.05992122712717391,0.006988860862480049,stable,0.056312036169875686
main_pool_flow_pressure_z24,main_pool_absorption,24h z-score main pool pressure,fwd_3h,468,0.05125945618804277,0.05488088882534685,0.0021830291097649714,0.008563129364216441,0.00638010025445147,0.5386875410913873,0.06549934027285916,0.07012365051931672,2026-05-06,0.08347699883774945,0.011276190253532527,stable,0.05488088882534685
large_p10_sell_flow,impact_path_proxy,large p10 sell flow,fwd_3h,473,-0.08380142011221704,-0.05199986057975589,0.007744691696489582,0.001046785839711548,-0.006697905856778034,0.4749346996182439,-0.11727843150957167,-0.07938696084197468,2026-05-06,-0.02972484986358757,-0.0031248602353818756,stable,0.05199986057975589
small_net_flow_pressure,small_trade_noise,small trade net flow pressure,fwd_3h,473,0.04802578010096027,0.05083802553341509,0.0018250982401632602,0.004807863605733907,0.002982765365570647,0.5158628424931901,0.04977860126736622,0.049313841983780166,2026-05-06,0.07626275864042129,0.007595620096924899,stable,0.05083802553341509
net_buy_pressure_z24,standardized_pressure,24h z-score pressure,fwd_3h,468,0.03937711901248224,0.042742080903579685,0.0027412426181514273,0.007872244338248933,0.0051310017200975055,0.5343318540433925,0.05369806979520298,0.05800187007640105,2026-05-06,0.07170726667298521,0.010513400362568778,stable,0.042742080903579685
large_p05_volume_share,large_trade_impact,large p05 volume share,fwd_3h,473,-0.07220786276597067,-0.03899467354721384,0.00810361382430009,0.0003312132431273021,-0.007772400581172788,0.4758991360257183,-0.08155074374063095,-0.045998564684825105,2026-05-06,-0.027926498736006677,-0.00594380349372597,stable,0.03899467354721384
small_count_imbalance,small_trade_noise,small trade count imbalance,fwd_3h,473,0.02003810011740142,0.038258527690982674,0.005638727244525743,0.006968940204256193,0.0013302129597304504,0.5204708485958486,0.0059755885318715325,0.018284677375952588,2026-05-06,0.06646047448821531,0.004561293349185928,stable,0.038258527690982674
active_block_regime_rank,regime,expanding active block percentile rank,fwd_3h,450,0.03521321235316516,0.03711866320163034,0.003927964743776286,0.012025841468349719,0.008097876724573433,0.5402222222222223,-0.0002899600181085446,-0.010544318222297622,2026-05-06,0.061187359201214604,0.011988162464952228,stable,0.03711866320163034
large_p10_sell_count,impact_path_proxy,large p10 sell event count,fwd_3h,473,-0.008491709351719971,-0.03327515909678508,0.0062931120529508945,0.0016472126282367605,-0.004645899424714134,0.47002226463104324,-0.04085329459846837,-0.060757870728015285,2026-05-06,-0.006441540839089946,0.0012601731802826502,stable,0.03327515909678508
main_pool_flow_pressure,main_pool_absorption,main pool net flow pressure,fwd_3h,473,0.025704369801412573,0.030403470150833164,0.0030182227183027134,0.006436886561019096,0.0034186638427163825,0.5227127062970678,0.03715565324968262,0.04437179220050216,2026-05-06,0.06629047781744105,0.008773246873061469,stable,0.030403470150833164
log_chog_volume,baseline_reference,log hourly CHOG volume,fwd_3h,473,0.024915115664279813,0.02947913214201332,0.0027614599401832025,0.003912330713985603,0.0011508707738024002,0.5204895048870374,4.496872490691601e-15,-0.0045515142537805855,2026-05-06,0.06125342805455016,0.00581011993176607,stable,0.02947913214201332
effective_gas_gwei_mean,regime,mean effective gas in event hour,fwd_3h,473,-0.02889779909809615,0.028662638989049118,0.006332263051886584,0.010335342155088186,0.004003079103201602,0.5208500240346099,-0.04263917250581248,0.0024027714208056453,2026-05-06,0.04669729553267131,0.005115862271746766,stable,0.028662638989049118
priority_fee_gwei_mean,regime,mean priority fee proxy in event hour,fwd_3h,473,-0.02889779909809615,0.028662638989049118,0.006332263051886584,0.010335342155088186,0.004003079103201602,0.5208500240346099,-0.04263917250581248,0.0024027714208056453,2026-05-06,0.04669729553267131,0.005115862271746766,stable,0.028662638989049118
net_buy_pressure,standardized_pressure,net buy flow divided by volume,fwd_3h,473,0.020600383005590712,0.02757460036529038,0.0030134537243609047,0.006151336658357496,0.0031378829339965917,0.5278601185707419,0.03216903747138178,0.04160537248448145,2026-05-06,0.06389458071755873,0.00738770815222044,stable,0.02757460036529038
net_buy_usd_pressure,standardized_pressure,net buy USD pressure divided by USD volume,fwd_3h,473,0.020600383005590712,0.02757460036529038,0.0030134537243609047,0.006151336658357496,0.0031378829339965917,0.5278601185707419,0.032169037471381785,0.04160537248448145,2026-05-06,0.06389458071755873,0.00738770815222044,stable,0.02757460036529038
net_buy_pressure_z72,standardized_pressure,72h z-score pressure,fwd_3h,456,0.020594870520960193,0.025060418930523423,0.004305328302336871,0.005848414662559774,0.0015430863602229035,0.5172913781163435,0.0357209804827686,0.04247582430238194,2026-05-06,0.05520495317776521,0.00624746492247776,stable,0.025060418930523423
small_tx_dispersion,small_trade_noise,small trade size dispersion,fwd_3h,463,-0.01569931288207763,-0.02342961139954397,0.003271316942599992,0.005647881490768357,0.002376564548168365,0.49838709677419357,-0.005455564446131462,-0.0037290286630859986,2026-05-06,-0.05379160758929355,-0.0017234150286533905,stable,0.02342961139954397
return_1h,baseline_reference,same-hour price return reference,fwd_3h,472,-0.04366147751070395,-0.02220394893547128,0.008965031911268774,-0.0011740881584259054,-0.010139120069694679,0.46116234449464627,2.61302133554195e-15,0.045531123105517636,2026-05-06,0.0006512670628625989,-0.008309491338747376,stable,0.02220394893547128
volume_regime_rank,regime,expanding volume percentile rank,fwd_3h,450,0.006107806657220965,0.01994231467116894,0.003519128608251973,0.003204124062215436,-0.00031500454603653697,0.5084444444444445,-0.022515579332734913,-0.015257298976960187,2026-05-06,0.0534682236425971,0.006089187261688939,stable,0.01994231467116894
large_p05_count,large_trade_impact,large p05 trade count,fwd_3h,473,-0.017967155076873777,-0.01960513204202056,0.006554020903489528,0.00020681782295229906,-0.006347203080537229,0.4662122687439143,-0.04831240391241247,-0.03818126801212048,2026-05-06,0.002317109494084943,-0.0011421564796418844,stable,0.01960513204202056
large_p10_count_imbalance,large_trade_impact,large p10 buy-sell count imbalance,fwd_3h,473,0.011392201624561626,0.018856022827121344,0.005952716301589962,0.00429393863557887,-0.001658777666011092,0.504016658322334,0.016065520467389797,0.02425068759293535,2026-05-06,0.020084154764023494,2.5605419174393705e-05,stable,0.018856022827121344
large_p10_buy_count,impact_path_proxy,large p10 buy event count,fwd_3h,473,0.022924379581130985,-0.010645255962222638,0.0052635707172764635,0.006652740570250871,0.0013891698529744072,0.502764905776954,-0.0032219483727770493,-0.03098236190229127,2026-05-06,0.020357428564267154,0.007521387603458069,stable,0.010645255962222638
large_p10_count,large_trade_impact,large p10 trade count,fwd_3h,473,0.010880654742485433,-0.008799211680921185,0.0066427442328724955,0.0032001290080003963,-0.0034426152248720992,0.49666343120601797,-0.022656006508396755,-0.03719514715956976,2026-05-06,0.020393653918525795,0.0005001391524372808,stable,0.008799211680921185
gas_regime_rank,regime,expanding gas percentile rank,fwd_3h,450,0.011541316535621265,0.008662731277021914,0.008109472946633011,0.010607691520413225,0.0024982185737802143,0.5128666666666667,-0.011315086124319364,-0.0162557531978929,2026-05-06,0.029705674829307315,0.0031990488929172336,stable,0.008662731277021914
priority_fee_regime_rank,regime,expanding priority fee percentile rank,fwd_3h,450,0.011541316535621265,0.008662731277021914,0.008109472946633011,0.010607691520413225,0.0024982185737802143,0.5128666666666667,-0.011315086124319364,-0.0162557531978929,2026-05-06,0.029705674829307315,0.0031990488929172336,stable,0.008662731277021914
large_p10_buy_flow,impact_path_proxy,large p10 buy flow,fwd_3h,473,-0.002945007296827685,-0.004762194877459,0.006874445879606063,0.002781769588561603,-0.00409267629104446,0.4934197307615029,-0.023206789421257448,-0.021453945409320316,2026-05-06,0.030572970871480854,0.0005059593983332486,stable,0.004762194877459
small_net_flow,small_trade_noise,small trade net flow,fwd_6h,470,0.1520024426002395,0.139853401338621,-0.0017867883863867434,0.02725391060952914,0.029040698995915885,0.5976104507282243,0.14755739061876866,0.13608971741712297,2026-05-06,0.1377192569493632,0.02653739173225242,stable,0.139853401338621
small_net_flow_pressure,small_trade_noise,small trade net flow pressure,fwd_6h,470,0.1293578760238335,0.11097575406006595,0.0012022946268501282,0.022503834381803367,0.02130153975495324,0.5657430321716905,0.1297058836049579,0.10712019957412845,2026-05-06,0.12426895388693626,0.022243894101458057,stable,0.11097575406006595
large_p10_volume_share,large_trade_impact,large p10 volume share,fwd_6h,470,-0.08325278332935539,-0.09955683140916124,0.019711832258476912,-0.006405616382395847,-0.02611744864087276,0.41296473413239454,-0.09003472901229503,-0.10116370978417027,2026-05-06,-0.08431539638994083,-0.023204170477077905,stable,0.09955683140916124
main_vs_other_divergence,main_pool_absorption,main pressure minus other pressure,fwd_6h,470,-0.09748259094340568,-0.09331822668528743,0.017522238581052098,-0.00034455791950375596,-0.017866796500555854,0.439733863442736,-0.09662605936783432,-0.09770276224044322,2026-05-06,-0.09105088961589632,-0.016202145222083998,stable,0.09331822668528743
non_main_net_flow,main_pool_absorption,non-main pool net flow,fwd_6h,470,0.09272198973668813,0.08365568671939642,0.004452994787861255,0.024484370545862378,0.020031375758001124,0.5626597427887541,0.10616619129885488,0.10264646664779553,2026-05-06,0.09009341089948186,0.021549852610524983,stable,0.08365568671939642
main_pool_net_flow_x_non_main_opposes,interaction_product,main flow active only when non-main flow opposes,fwd_6h,470,-0.060063230808095155,-0.08032717594032697,0.01277962852174064,-0.00998533581206951,-0.022764964333810152,0.4284376755508395,-0.059621685099616864,-0.07829830698168107,2026-05-06,-0.07087410850186532,-0.020879270680003482,stable,0.08032717594032697
non_main_flow_pressure,main_pool_absorption,non-main pressure,fwd_6h,470,0.0927863165422369,0.0755962341295118,-0.0009085236959041539,0.015575478338904181,0.016484002034808334,0.554180696985679,0.10257136726995209,0.08261503336757389,2026-05-06,0.09229673274496676,0.020010847760765088,stable,0.0755962341295118
net_buy_chog,standardized_pressure,raw hourly net buy flow,fwd_6h,470,0.08632016435995818,0.0680662320586786,0.004302602722421544,0.018348175168307255,0.014045572445885711,0.5380542821209785,0.09744045931619406,0.08523806034126773,2026-05-06,0.07376653305828502,0.01395217952045159,stable,0.0680662320586786
main_pool_net_flow,main_pool_absorption,main pool net flow,fwd_6h,470,0.08573408843653518,0.06742602234636286,0.004694200971129998,0.020198612599284713,0.015504411628154715,0.5416649762667857,0.09670134186909071,0.08435679912339171,2026-05-06,0.07340445600415092,0.015095765978325031,stable,0.06742602234636286
main_minus_non_main_net_flow,main_pool_absorption,main minus non-main flow,fwd_6h,470,0.08505798161678411,0.0672892886237289,0.003999918390482391,0.021687502599741778,0.017687584209259387,0.5489675037526878,0.09585257246111764,0.0840070165887886,2026-05-06,0.07340702392652067,0.016819749435162554,stable,0.0672892886237289
effective_gas_gwei_mean,regime,mean effective gas in event hour,fwd_6h,470,0.004770680205513259,0.06324102448724073,0.00596494716580729,0.017545550449102883,0.011580603283295594,0.5448294048440099,-0.014741985500067356,0.022164022713298804,2026-05-06,0.08030453189960371,0.013800468862354674,stable,0.06324102448724073
priority_fee_gwei_mean,regime,mean priority fee proxy in event hour,fwd_6h,470,0.004770680205513262,0.06324102448724073,0.00596494716580729,0.017545550449102883,0.011580603283295594,0.5448294048440099,-0.014741985500067356,0.022164022713298804,2026-05-06,0.08030453189960371,0.013800468862354674,stable,0.06324102448724073
small_count_imbalance,small_trade_noise,small trade count imbalance,fwd_6h,470,0.067754610808229,0.06233322410919379,0.004136994852552044,0.01851727851878527,0.014380283666233225,0.5380174544331171,0.04330065210066645,0.0374668314370219,2026-05-06,0.10027297599892357,0.018615298082338392,stable,0.06233322410919379
buy_sell_count_imbalance,small_trade_noise,all trade count imbalance,fwd_6h,470,0.07791586302727835,0.06082103408544217,0.00564666999062414,0.020913664475025292,0.015266994484401152,0.5432668752120001,0.06556092996570798,0.05032535962327151,2026-05-06,0.09979259857818977,0.02369803361158189,stable,0.06082103408544217
large_p10_buy_count,impact_path_proxy,large p10 buy event count,fwd_6h,470,-0.004015501014459619,-0.05704400901018099,0.010885719878404256,0.011469053805442369,0.0005833339270381131,0.48114156399295954,-0.05284396051006824,-0.07900602145051722,2026-05-06,-0.04537279220411026,0.0026746409689561226,stable,0.05704400901018099
large_p05_volume_share,large_trade_impact,large p05 volume share,fwd_6h,470,-0.06475403323211396,-0.05465725221046464,0.013449433718130803,0.006079292809504361,-0.007370140908626442,0.4770151197574327,-0.0756838391007593,-0.06674459521358225,2026-05-06,-0.039173722014878225,-0.0041280326551858685,stable,0.05465725221046464
gas_regime_rank,regime,expanding gas percentile rank,fwd_6h,447,0.04394619587758285,0.05133138290924759,0.006678905186415192,0.01799052427018973,0.011311619083774538,0.5437818116301067,0.006952507132724692,0.011266925143026688,2026-05-06,0.0736568474906426,0.013495400755266208,stable,0.05133138290924759
priority_fee_regime_rank,regime,expanding priority fee percentile rank,fwd_6h,447,0.04394619587758285,0.05133138290924759,0.006678905186415192,0.01799052427018973,0.011311619083774538,0.5437818116301067,0.006952507132724692,0.011266925143026688,2026-05-06,0.0736568474906426,0.013495400755266208,stable,0.05133138290924759
large_p10_buy_flow,impact_path_proxy,large p10 buy flow,fwd_6h,470,0.006392959497041882,-0.05098157533079842,0.012187675743691442,0.008594772083386652,-0.0035929036603047897,0.48161413076656967,-0.042168833014115295,-0.07122012807926113,2026-05-06,-0.03556747860142498,-0.0024276721929324396,stable,0.05098157533079842
net_buy_chog_z24,standardized_pressure,24h z-score net buy flow,fwd_6h,465,0.07181074919330994,0.05022488243436455,0.0032059903159979064,0.015939730899250406,0.012733740583252499,0.5408324661810614,0.0896943241612245,0.06918559964099358,2026-05-06,0.05771263674321421,0.011922164660540578,stable,0.05022488243436455
main_pool_net_flow_z24,main_pool_absorption,24h z-score main pool net flow,fwd_6h,465,0.07204642542357376,0.05001780864451381,0.0031182455910421718,0.015847308368557467,0.012729062777515295,0.5404162330905307,0.08978592513215458,0.06875008951290658,2026-05-06,0.05738009168374836,0.011107871552982367,stable,0.05001780864451381
active_blocks,regime,unique active event blocks,fwd_6h,470,0.11649724103889107,0.049859349621636205,0.006728469645633536,0.023957959509295124,0.017229489863661587,0.5503928415539066,0.017123130954248503,-0.020977397319342186,2026-05-06,0.04493887799423711,0.01142768169709845,stable,0.049859349621636205
large_p01_net_flow,large_trade_impact,large p01 buy flow minus sell flow,fwd_6h,470,0.07656396524743983,0.04886168553672881,0.011493171221271034,0.0011597473460423285,-0.010333423875228707,0.4829296761015465,0.07841254814739403,0.05111128324128325,2026-05-06,0.07280777545038591,-0.0019139288113186066,stable,0.04886168553672881
large_p05_net_flow_x_high_volume,interaction_product,large p05 flow active only in high volume regime,fwd_6h,470,0.059243809327616324,0.04865715843882663,0.010650331075730627,0.013291433063626136,0.0026411019878955083,0.49873983739837396,0.0623334383565734,0.06454057348842693,2026-05-06,0.05329162637175859,0.007581439194230405,stable,0.04865715843882663
small_trade_density,small_trade_noise,small trades divided by all events,fwd_6h,470,-0.04476061207477679,-0.04857642074245486,0.01155464557449409,-0.001549220926000495,-0.013103866500494585,0.45745192307692306,-0.0479997642376677,-0.05406202677506496,2026-05-06,-0.07282538275297833,-0.01731692495918215,stable,0.04857642074245486
large_p01_flow_pressure,large_trade_impact,large p01 net flow divided by volume,fwd_6h,470,0.05461159677501329,0.04846003884481601,0.011493171221271034,0.0011597473460423285,-0.010333423875228707,0.4829296761015465,0.06274171256115268,0.05108494136152263,2026-05-06,0.07161264610609226,-0.0019139288113186066,stable,0.04846003884481601
large_p10_count,large_trade_impact,large p10 trade count,fwd_6h,470,0.016256254198113804,-0.04732027330336054,0.013211459360057007,0.006424029656422801,-0.006787429703634206,0.46372061482820975,-0.04450907807025972,-0.07704051717085857,2026-05-06,-0.025534745639536834,-0.004127485439000258,stable,0.04732027330336054
events,baseline_reference,swap event count,fwd_6h,470,0.10165808867331155,0.046114521194023095,0.009120978617679885,0.017808254977336745,0.00868727635965686,0.5134933774834437,1.2064797635196641e-15,-0.023542062552903448,2026-05-06,0.040905663011981036,0.007527770322965027,stable,0.046114521194023095
large_p01_count_imbalance,large_trade_impact,large p01 buy-sell count imbalance,fwd_6h,470,0.02420033684152788,0.0448784340111601,0.01157444825285641,-0.001562168603114438,-0.013136616855970848,0.47672075511719164,0.02824960171151311,0.04888366262425442,2026-05-06,0.07034399660753173,-0.0046712564068142875,stable,0.0448784340111601
large_p10_sell_flow,impact_path_proxy,large p10 sell flow,fwd_6h,470,-0.039779288521043295,-0.039861039612110655,0.01180694514366659,0.009353808247767407,-0.002453136895899183,0.48913331027044626,-0.09329891523688903,-0.07248091798908868,2026-05-06,-0.0140017286679521,0.0012449564036420722,stable,0.039861039612110655
large_p10_net_flow,large_trade_impact,large p10 buy flow minus sell flow,fwd_6h,470,0.051424169578820934,0.03817647874588636,0.010233756967929605,0.012897335538908632,0.0026635785709790277,0.505220767051159,0.05284172173496116,0.04488654774701318,2026-05-06,0.03230821292513145,0.0020609796280941124,stable,0.03817647874588636
large_p05_net_flow_x_high_gas,interaction_product,large p05 flow active only in high gas regime,fwd_6h,470,0.07646179752943665,0.03800765530802136,0.0108629596449787,0.012057463557777384,0.0011945039127986834,0.4844878569004799,0.07729811333680604,0.050805500284756076,2026-05-06,0.044268035268761295,0.006176876222024863,stable,0.03800765530802136
main_pool_flow_pressure_z24,main_pool_absorption,24h z-score main pool pressure,fwd_6h,465,0.05105437091908877,0.037835603879694875,0.008231207331458624,0.013526730788464506,0.005295523457005883,0.5104890738813735,0.06347745542223243,0.049382241594141334,2026-05-06,0.04429862423804421,0.006875154026848487,stable,0.037835603879694875
large_p05_count,large_trade_impact,large p05 trade count,fwd_6h,470,0.017333203121053655,-0.03712134222835067,0.011878344467982298,0.006440679856494579,-0.005437664611487719,0.4610554839562473,-0.0382505715381608,-0.06516254131474873,2026-05-06,-0.01530964160843839,-0.0017201182576446422,stable,0.03712134222835067
large_p05_net_flow,large_trade_impact,large p05 buy flow minus sell flow,fwd_6h,470,0.054670331776664166,0.03672174899045819,0.010789191522597497,0.011885682219612819,0.0010964906970153225,0.5042016806722689,0.05694506911787507,0.050233464007087475,2026-05-06,0.04191567121270854,0.005135460820828915,stable,0.03672174899045819
large_p05_flow_pressure_z24,large_trade_impact,24h z-score large p05 pressure,fwd_6h,465,0.005002200550478861,0.03474716889354813,0.015477325114099546,0.016519599522062528,0.0010422744079629821,0.5189359028068705,0.01870207823224145,0.050696765363172386,2026-05-06,0.07386879452726017,0.014831821149790828,stable,0.03474716889354813
large_p05_flow_pressure,large_trade_impact,large p05 net flow divided by volume,fwd_6h,470,0.019979483327220774,0.03049676103606476,0.010789191522597497,0.011885682219612819,0.0010964906970153225,0.5042016806722689,0.028569385589562634,0.0425234990219355,2026-05-06,0.03450197550014593,0.005135460820828915,stable,0.03049676103606476
large_p10_sell_count,impact_path_proxy,large p10 sell event count,fwd_6h,470,0.03781965558982182,-0.02700711251937221,0.010970978690132286,0.011069228569941797,9.824987980951161e-05,0.48039755252678945,-0.018847250740784142,-0.060011802718819986,2026-05-06,0.001941322928748497,0.004946299999523799,stable,0.02700711251937221
large_p05_net_flow_z24,large_trade_impact,24h z-score large p05 flow,fwd_6h,465,0.048462902099248126,0.026331051629484764,0.0130614462760404,0.012097564762589986,-0.0009638815134504139,0.5152505446623094,0.058293155000036914,0.04154671811435621,2026-05-06,0.06306150160877554,0.010334040169307165,stable,0.026331051629484764
net_buy_pressure_z24,standardized_pressure,24h z-score pressure,fwd_6h,465,0.03708242196603656,0.024555908028666976,0.007807194554354891,0.012113530319555496,0.004306335765200605,0.508095733610822,0.04926541413492835,0.035857199463399964,2026-05-06,0.030493987038739147,0.006291917127112016,stable,0.024555908028666976
net_buy_pressure_x_prev_up,interaction_product,net buy pressure active after positive previous return,fwd_6h,470,-0.02926170093000055,-0.021080847158619957,0.012436575934199095,0.006615473676024319,-0.005821102258174776,0.4776518728360088,-0.017516383025478442,-0.012190131503680118,2026-05-06,-0.021482779610082357,-0.00760020321690679,stable,0.021080847158619957
active_block_regime_rank,regime,expanding active block percentile rank,fwd_6h,447,0.03793365813203127,0.019016505025580478,0.010091521064115953,0.019571378734072904,0.00947985766995695,0.5190531958019909,-0.022771652280039342,-0.048411857507197245,2026-05-06,0.022125865507346864,0.008803035092020127,stable,0.019016505025580478
small_tx_dispersion,small_trade_noise,small trade size dispersion,fwd_6h,460,-0.017373441843888567,-0.018340280610202847,0.0057720795996363495,0.01130625046009256,0.00553417086045621,0.5112469230116289,-0.008824599914617199,-0.008245196692688845,2026-05-06,-0.05712621001327832,-0.0018728209968909525,stable,0.018340280610202847
large_p10_flow_pressure,large_trade_impact,large p10 net flow divided by volume,fwd_6h,470,0.004290340764156823,0.017989981807038407,0.010233756967929605,0.012897335538908632,0.0026635785709790277,0.505220767051159,0.013554504734902769,0.02496882576340995,2026-05-06,0.010289096019546314,0.0020609796280941124,stable,0.017989981807038407
return_1h,baseline_reference,same-hour price return reference,fwd_6h,469,-0.042100569395945066,-0.015316954736590956,0.014131303750850536,0.00485232474798786,-0.009278979002862675,0.46705329153605013,7.881190416986303e-16,0.028738951280312664,2026-05-06,-0.013349540542454354,-0.011954881047099384,stable,0.015316954736590956
log_chog_volume,baseline_reference,log hourly CHOG volume,fwd_6h,470,0.031263247219807416,0.01509405066724672,0.006728465255364078,0.009087812617631192,0.0023593473622671134,0.5029818653900767,2.4468020818539875e-15,-0.01956990823297588,2026-05-06,0.03471771784148725,0.004650187482452356,stable,0.01509405066724672
large_p10_count_imbalance,large_trade_impact,large p10 buy-sell count imbalance,fwd_6h,470,-0.018119986682892643,-0.01404294767601518,0.01201865844369095,0.008202534477804174,-0.003816123965886776,0.4872133330272491,-0.011110863760742605,-0.009491439565233857,2026-05-06,-0.031566559188324156,-0.005997340601563367,stable,0.01404294767601518
large_p05_count_imbalance,large_trade_impact,large p05 buy-sell count imbalance,fwd_6h,470,0.0007334244986345472,0.012018894692405795,0.011233555550018972,0.00969156376812843,-0.0015419917818905431,0.4962194092827004,0.010259837077002926,0.023316161140943814,2026-05-06,0.006623973798773444,0.0007350747934290868,stable,0.012018894692405795
volume_regime_rank,regime,expanding volume percentile rank,fwd_6h,447,0.003860924291306454,-0.006938697623938971,0.009897911926663838,0.008470320192608292,-0.0014275917340555461,0.48986532138191974,-0.03432228496409603,-0.042426516929130235,2026-05-06,0.01370723795115272,0.0020630512180194963,stable,0.006938697623938971
main_pool_flow_pressure,main_pool_absorption,main pool net flow pressure,fwd_6h,470,0.015620114562488598,0.0026279962720244976,0.007978047001087623,0.01279530715021742,0.004817260149129797,0.510142399285975,0.027829012953238332,0.014240570017663951,2026-05-06,0.02292867727764479,0.007009458178862546,stable,0.0026279962720244976
net_buy_pressure,standardized_pressure,net buy flow divided by volume,fwd_6h,470,0.009865053982485859,-0.0019532972459941006,0.008401857090531987,0.011191429368323569,0.002789572277791582,0.5044220860886851,0.021893433116418552,0.009378425915808095,2026-05-06,0.01742344792533665,0.003763111113223939,stable,0.0019532972459941006
net_buy_usd_pressure,standardized_pressure,net buy USD pressure divided by USD volume,fwd_6h,470,0.009865053982485857,-0.0019532972459941006,0.008401857090531987,0.011191429368323569,0.002789572277791582,0.5044220860886851,0.021893433116418545,0.009378425915808095,2026-05-06,0.01742344792533665,0.003763111113223939,stable,0.0019532972459941006
net_buy_pressure_z72,standardized_pressure,72h z-score pressure,fwd_6h,453,0.016260172807140448,-0.0002995515730391588,0.011474328968917013,0.011309342110223188,-0.00016498685869382503,0.4917986053243279,0.02920033713719461,0.013452478906235276,2026-05-06,0.007150818880144578,0.0013245299198573774,stable,0.0002995515730391588
