fetched_at_utc,block_number,block_timestamp,block_datetime_utc,transaction_hash,transaction_index,log_index,token_address,from_address,to_address,value_raw,value_chog,removed
2026-05-07T02:27:31Z,72914490,1778112915,2026-05-07T00:15:15Z,0xb19090be3ffdf600b84a66c07bb67687c5167cfaa3a564ee9a94b7f364d8cfe6,3,7,0x350035555e10d9afaf1566aaebfced5ba6c27777,0x009630821458ecd7bdcc08db78a583467cc79fbd,0x5670035caf2da294af4bcdc48fb68e9e6157a02e,3344541420334709439307,3344.541420334709439307,false
2026-05-07T02:27:31Z,72914490,1778112915,2026-05-07T00:15:15Z,0xb19090be3ffdf600b84a66c07bb67687c5167cfaa3a564ee9a94b7f364d8cfe6,3,8,0x350035555e10d9afaf1566aaebfced5ba6c27777,0x5670035caf2da294af4bcdc48fb68e9e6157a02e,0x188d586ddcf52439676ca21a244753fa19f9ea8e,3344541420334709439307,3344.541420334709439307,false
2026-05-07T02:27:31Z,72914690,1778112995,2026-05-07T00:16:35Z,0x821c9669864328214889ce8b8effc1d5b50a3fc94725db23ae2fcfc8d0f095e7,1,2,0x350035555e10d9afaf1566aaebfced5ba6c27777,0xc27c069f86398d9b265ae3dafcec080901eaaaa4,0x026f252016a7c47cdef1f05a3fc9e20c92a49c37,80000000000000000000,80,false
2026-05-07T02:27:31Z,72914690,1778112995,2026-05-07T00:16:35Z,0x821c9669864328214889ce8b8effc1d5b50a3fc94725db23ae2fcfc8d0f095e7,1,3,0x350035555e10d9afaf1566aaebfced5ba6c27777,0x026f252016a7c47cdef1f05a3fc9e20c92a49c37,0x22d7b2692e3a0cb2ffea3aeb02a5e829c9b020ce,80000000000000000000,80,false
2026-05-07T02:27:31Z,72915000,1778113119,2026-05-07T00:18:39Z,0x5aa8d4a9dc18668f25a585a08c89d71ec12723af8de2dd482897b55c4ed689b2,3,19,0x350035555e10d9afaf1566aaebfced5ba6c27777,0x116e7d070f1888b81e1e0324f56d6746b2d7d8f1,0xa68a7f0601effdc65c64d9c47ca1b18d96b4352c,1792540141808260095791,1792.540141808260095791,false
2026-05-07T02:27:31Z,72915000,1778113119,2026-05-07T00:18:39Z,0x5aa8d4a9dc18668f25a585a08c89d71ec12723af8de2dd482897b55c4ed689b2,3,24,0x350035555e10d9afaf1566aaebfced5ba6c27777,0xa68a7f0601effdc65c64d9c47ca1b18d96b4352c,0x854d96405a64c2a60cfeabc8b998ed9df5914b2d,1792540141808260095791,1792.540141808260095791,false
2026-05-07T02:27:31Z,72915278,1778113229,2026-05-07T00:20:29Z,0x36edf5d23acea0a76a0dcfe983a77c6b7bb1df5caa3ecdca83555e3b2a32bafb,1,4,0x350035555e10d9afaf1566aaebfced5ba6c27777,0x116e7d070f1888b81e1e0324f56d6746b2d7d8f1,0xcd68f7c0668b72ab943e09ff4dbf53da64b8a8c2,1846182269720646,0.001846182269720646,false
2026-05-07T02:27:31Z,72915278,1778113229,2026-05-07T00:20:29Z,0x36edf5d23acea0a76a0dcfe983a77c6b7bb1df5caa3ecdca83555e3b2a32bafb,1,7,0x350035555e10d9afaf1566aaebfced5ba6c27777,0xcd68f7c0668b72ab943e09ff4dbf53da64b8a8c2,0xaebe5522749b65eae7b2a35c593145cc3128b515,1846182269720646,0.001846182269720646,false
2026-05-07T02:27:31Z,72915278,1778113229,2026-05-07T00:20:29Z,0x36edf5d23acea0a76a0dcfe983a77c6b7bb1df5caa3ecdca83555e3b2a32bafb,1,9,0x350035555e10d9afaf1566aaebfced5ba6c27777,0xaebe5522749b65eae7b2a35c593145cc3128b515,0xb0baace23ac7cbd25211134a0b47ad70a9d42fa4,1846182269720646,0.001846182269720646,false
2026-05-07T02:27:31Z,72915282,1778113231,2026-05-07T00:20:31Z,0x1893eaf0a063946f45212db9aebd2f1fb2848b47c3f2322c45f2a70ac5046c0a,1,1,0x350035555e10d9afaf1566aaebfced5ba6c27777,0xb0baace23ac7cbd25211134a0b47ad70a9d42fa4,0x1d91a6339f6c484ad9a29dac34d2403e8688a423,1846182269720646,0.001846182269720646,false
2026-05-07T02:27:31Z,72915282,1778113231,2026-05-07T00:20:31Z,0x1893eaf0a063946f45212db9aebd2f1fb2848b47c3f2322c45f2a70ac5046c0a,1,5,0x350035555e10d9afaf1566aaebfced5ba6c27777,0x1d91a6339f6c484ad9a29dac34d2403e8688a423,0x0b79d71ae99528d1db24a4148b5f4f865cc2b137,1846182269720646,0.001846182269720646,false
2026-05-07T02:27:31Z,72915282,1778113231,2026-05-07T00:20:31Z,0x1893eaf0a063946f45212db9aebd2f1fb2848b47c3f2322c45f2a70ac5046c0a,1,7,0x350035555e10d9afaf1566aaebfced5ba6c27777,0x0b79d71ae99528d1db24a4148b5f4f865cc2b137,0x116e7d070f1888b81e1e0324f56d6746b2d7d8f1,1846182269720646,0.001846182269720646,false
2026-05-07T02:27:31Z,72915550,1778113338,2026-05-07T00:22:18Z,0x4f75bea5ead811d3e776aa501b9d74fa4e985083317a7d960268237ea96a8579,3,46,0x350035555e10d9afaf1566aaebfced5ba6c27777,0x116e7d070f1888b81e1e0324f56d6746b2d7d8f1,0xa68a7f0601effdc65c64d9c47ca1b18d96b4352c,614268542766902205853551,614268.542766902205853551,false
2026-05-07T02:27:31Z,72915550,1778113338,2026-05-07T00:22:18Z,0x4f75bea5ead811d3e776aa501b9d74fa4e985083317a7d960268237ea96a8579,3,51,0x350035555e10d9afaf1566aaebfced5ba6c27777,0xa68a7f0601effdc65c64d9c47ca1b18d96b4352c,0xba30494de80cc9b8db0be1750c06b21e80f3a08f,614268542766902205853551,614268.542766902205853551,false
2026-05-07T02:27:31Z,72915551,1778113339,2026-05-07T00:22:19Z,0xb62a015cd92a2945c651f8bcfd90fdb607e4640769d41d2c539961c60907e809,1,2,0x350035555e10d9afaf1566aaebfced5ba6c27777,0x188d586ddcf52439676ca21a244753fa19f9ea8e,0x9e4fe49647e0c7013afb181da699ed741d1559e3,12748589397948500345096,12748.589397948500345096,false
2026-05-07T02:27:31Z,72915551,1778113339,2026-05-07T00:22:19Z,0xb62a015cd92a2945c651f8bcfd90fdb607e4640769d41d2c539961c60907e809,1,4,0x350035555e10d9afaf1566aaebfced5ba6c27777,0x9e4fe49647e0c7013afb181da699ed741d1559e3,0x116e7d070f1888b81e1e0324f56d6746b2d7d8f1,12748589397948500345096,12748.589397948500345096,false
2026-05-07T02:27:31Z,72915551,1778113339,2026-05-07T00:22:19Z,0x81fd0c5100b3d4067bcb835360b97aec0909b2c90d0d3f764262c98dc5a31974,2,8,0x350035555e10d9afaf1566aaebfced5ba6c27777,0x188d586ddcf52439676ca21a244753fa19f9ea8e,0x116e7d070f1888b81e1e0324f56d6746b2d7d8f1,17366800026639819131883,17366.800026639819131883,false
2026-05-07T02:27:31Z,72915551,1778113339,2026-05-07T00:22:19Z,0x1b0399b0b50499d0ed694ad1eb9119644dccb15817004e293ae86d9726c04f3d,9,21,0x350035555e10d9afaf1566aaebfced5ba6c27777,0xbfca90ba028b6376cc408935f1e026ffec5c4959,0x78e90846339c4fccfa5bc9ae81ceae9ccd723bac,5828913514796442177651,5828.913514796442177651,false
2026-05-07T02:27:31Z,72915551,1778113339,2026-05-07T00:22:19Z,0x1b0399b0b50499d0ed694ad1eb9119644dccb15817004e293ae86d9726c04f3d,9,23,0x350035555e10d9afaf1566aaebfced5ba6c27777,0x78e90846339c4fccfa5bc9ae81ceae9ccd723bac,0x116e7d070f1888b81e1e0324f56d6746b2d7d8f1,5828913514796442177651,5828.913514796442177651,false
2026-05-07T02:27:31Z,72916804,1778113842,2026-05-07T00:30:42Z,0x7337e5a5f2b6478eac79e4e7b3c3422bd9bcdf9b5c3d75b89a58de45f5234539,1,4,0x350035555e10d9afaf1566aaebfced5ba6c27777,0x116e7d070f1888b81e1e0324f56d6746b2d7d8f1,0xcd68f7c0668b72ab943e09ff4dbf53da64b8a8c2,202210664892190357459,202.210664892190357459,false
2026-05-07T02:27:31Z,72916804,1778113842,2026-05-07T00:30:42Z,0x7337e5a5f2b6478eac79e4e7b3c3422bd9bcdf9b5c3d75b89a58de45f5234539,1,7,0x350035555e10d9afaf1566aaebfced5ba6c27777,0xcd68f7c0668b72ab943e09ff4dbf53da64b8a8c2,0xaebe5522749b65eae7b2a35c593145cc3128b515,202210664892190357459,202.210664892190357459,false
2026-05-07T02:27:31Z,72916804,1778113842,2026-05-07T00:30:42Z,0x7337e5a5f2b6478eac79e4e7b3c3422bd9bcdf9b5c3d75b89a58de45f5234539,1,9,0x350035555e10d9afaf1566aaebfced5ba6c27777,0xaebe5522749b65eae7b2a35c593145cc3128b515,0xb0baace23ac7cbd25211134a0b47ad70a9d42fa4,202210664892190357459,202.210664892190357459,false
2026-05-07T02:27:31Z,72916832,1778113853,2026-05-07T00:30:53Z,0xc29a669b421ee207a3d008e8f0226d7f553afdd0a52cc4aa0fb2f92e499afdd1,3,12,0x350035555e10d9afaf1566aaebfced5ba6c27777,0xb0baace23ac7cbd25211134a0b47ad70a9d42fa4,0x1d91a6339f6c484ad9a29dac34d2403e8688a423,202210664892190357459,202.210664892190357459,false
2026-05-07T02:27:31Z,72916832,1778113853,2026-05-07T00:30:53Z,0xc29a669b421ee207a3d008e8f0226d7f553afdd0a52cc4aa0fb2f92e499afdd1,3,16,0x350035555e10d9afaf1566aaebfced5ba6c27777,0x1d91a6339f6c484ad9a29dac34d2403e8688a423,0x0b79d71ae99528d1db24a4148b5f4f865cc2b137,202210664892190357459,202.210664892190357459,false
2026-05-07T02:27:31Z,72916832,1778113853,2026-05-07T00:30:53Z,0xc29a669b421ee207a3d008e8f0226d7f553afdd0a52cc4aa0fb2f92e499afdd1,3,18,0x350035555e10d9afaf1566aaebfced5ba6c27777,0x0b79d71ae99528d1db24a4148b5f4f865cc2b137,0x116e7d070f1888b81e1e0324f56d6746b2d7d8f1,202210664892190357459,202.210664892190357459,false
2026-05-07T02:27:31Z,72916844,1778113858,2026-05-07T00:30:58Z,0xac6d58bed07c4732da29441f4096529c024ca0625a663416a8da6cc4993fa5df,4,41,0x350035555e10d9afaf1566aaebfced5ba6c27777,0x32c77593cbc92260a2f2357bedaeff35a5e3947d,0xb3e6778480b2e488385e8205ea05e20060b813cb,94978089391000000000000,94978.089391,false
2026-05-07T02:27:31Z,72916844,1778113858,2026-05-07T00:30:58Z,0xac6d58bed07c4732da29441f4096529c024ca0625a663416a8da6cc4993fa5df,4,44,0x350035555e10d9afaf1566aaebfced5ba6c27777,0xb3e6778480b2e488385e8205ea05e20060b813cb,0x2f84fb8982073f39ba47c7fcc29119af074abbcb,94978089391000000000000,94978.089391,false
2026-05-07T02:27:31Z,72916844,1778113858,2026-05-07T00:30:58Z,0xac6d58bed07c4732da29441f4096529c024ca0625a663416a8da6cc4993fa5df,4,46,0x350035555e10d9afaf1566aaebfced5ba6c27777,0x2f84fb8982073f39ba47c7fcc29119af074abbcb,0x116e7d070f1888b81e1e0324f56d6746b2d7d8f1,94978089391000000000000,94978.089391,false
2026-05-07T02:27:31Z,72917711,1778114206,2026-05-07T00:36:46Z,0xc05ec60f68b5b84e64564a566bbb84662798bd783c0b5f3b23052b5255d31000,6,8,0x350035555e10d9afaf1566aaebfced5ba6c27777,0xc2e0b86269da876bc071a74dc4b31a6e9afdaa2d,0xde4c4a5d91ed23964a7b636d2b15edf51f4a7a6d,190,0.00000000000000019,false
2026-05-07T02:27:31Z,72918516,1778114527,2026-05-07T00:42:07Z,0xeed923f25acea063ffeb5a1f9a2f06371ccc29f1f3c00ae5d758ad3294f339fe,2,3,0x350035555e10d9afaf1566aaebfced5ba6c27777,0x188d586ddcf52439676ca21a244753fa19f9ea8e,0xdcafc8c7c04c10106175af8e394d86ef0851c4c3,988909926262346512770,988.90992626234651277,false
2026-05-07T02:27:31Z,72918603,1778114561,2026-05-07T00:42:41Z,0x9aaa720ac48983cfe496c3924b2986c423650f3105b3cd67974d71c82bfea7a1,1,6,0x350035555e10d9afaf1566aaebfced5ba6c27777,0x74762446b4c41894dd022bcc6b386a344d4d3ad4,0xdcafc8c7c04c10106175af8e394d86ef0851c4c3,83006371934828830422,83.006371934828830422,false
2026-05-07T02:27:31Z,72918606,1778114562,2026-05-07T00:42:42Z,0x6ed415694d3c9f9538d7464d554205718affa64eeaa34f28681b5303986282d7,2,5,0x350035555e10d9afaf1566aaebfced5ba6c27777,0x031cc397ab68cb6969fdec7b572e4f449ee8255f,0xbb0b4f16bf79a932ad7112bb485a9320269c86e9,58486048433453992880,58.48604843345399288,false
2026-05-07T02:27:31Z,72918606,1778114562,2026-05-07T00:42:42Z,0x6ed415694d3c9f9538d7464d554205718affa64eeaa34f28681b5303986282d7,2,6,0x350035555e10d9afaf1566aaebfced5ba6c27777,0xbb0b4f16bf79a932ad7112bb485a9320269c86e9,0x74762446b4c41894dd022bcc6b386a344d4d3ad4,58486048433453992879,58.486048433453992879,false
2026-05-07T02:27:31Z,72918689,1778114595,2026-05-07T00:43:15Z,0x295517eeca9fe403a337fb3041ee2e884349aa8e172a736bc7f7d1ed704ed4b3,2,44,0x350035555e10d9afaf1566aaebfced5ba6c27777,0xde4c4a5d91ed23964a7b636d2b15edf51f4a7a6d,0xdcafc8c7c04c10106175af8e394d86ef0851c4c3,8174886160255453137,8.174886160255453137,false
2026-05-07T02:27:31Z,72919714,1778115005,2026-05-07T00:50:05Z,0x9c012a2b02e970e0d11810413571a157e287f5d9e38726e2a5ee0c009dc08aa4,2,12,0x350035555e10d9afaf1566aaebfced5ba6c27777,0xdcafc8c7c04c10106175af8e394d86ef0851c4c3,0x07964f135f276412b3182a3b2407b8dd45000000,1080091184357430796329,1080.091184357430796329,false
2026-05-07T02:27:31Z,72919714,1778115005,2026-05-07T00:50:05Z,0x9c012a2b02e970e0d11810413571a157e287f5d9e38726e2a5ee0c009dc08aa4,2,13,0x350035555e10d9afaf1566aaebfced5ba6c27777,0x07964f135f276412b3182a3b2407b8dd45000000,0x53e078910c9617f3958179fa199dfc03bf17d7b6,1076850910804358503941,1076.850910804358503941,false
2026-05-07T02:27:31Z,72919714,1778115005,2026-05-07T00:50:05Z,0x9c012a2b02e970e0d11810413571a157e287f5d9e38726e2a5ee0c009dc08aa4,2,15,0x350035555e10d9afaf1566aaebfced5ba6c27777,0x53e078910c9617f3958179fa199dfc03bf17d7b6,0x188d586ddcf52439676ca21a244753fa19f9ea8e,1076850910804358503941,1076.850910804358503941,false
2026-05-07T02:27:31Z,72919746,1778115018,2026-05-07T00:50:18Z,0x897975458cf105a6cc498e43981073ac4e44fccd909b0e386dc29101b5e089b4,5,69,0x350035555e10d9afaf1566aaebfced5ba6c27777,0x116e7d070f1888b81e1e0324f56d6746b2d7d8f1,0x887413ca49d678bd82a4c7dde4e386fb1645e288,26172159363944224623975,26172.159363944224623975,false
2026-05-07T02:27:31Z,72919830,1778115052,2026-05-07T00:50:52Z,0x1837650cd53d39b092a5b83948893a63630aef9eab166da7b2b69b9ae2ad271c,4,13,0x350035555e10d9afaf1566aaebfced5ba6c27777,0x188d586ddcf52439676ca21a244753fa19f9ea8e,0xdcafc8c7c04c10106175af8e394d86ef0851c4c3,1087818155534641279250,1087.81815553464127925,false
2026-05-07T02:27:31Z,72920418,1778115288,2026-05-07T00:54:48Z,0x0db2ec05a300ea2856faed7361bc8cd3bd1e06fb1a1d9eada863a664b6b73c04,3,7,0x350035555e10d9afaf1566aaebfced5ba6c27777,0xdaaa4616979ca5ac192e9f9cdbc8f682553debf0,0x116e7d070f1888b81e1e0324f56d6746b2d7d8f1,97700000000,0.0000000977,false
2026-05-07T02:27:31Z,72920576,1778115351,2026-05-07T00:55:51Z,0xaa6adf80786f2e515fb23328855be84814051b7da24f6b839c862b703939a7b8,2,4,0x350035555e10d9afaf1566aaebfced5ba6c27777,0xf65f0e9d1b6e3dd7310a23d2ec40e54bf68d1c70,0x003989cd92c31a51d8b20bdbd0c51e444f88d081,120000000000000000000000,120000,false
2026-05-07T02:27:31Z,72920576,1778115351,2026-05-07T00:55:51Z,0xaa6adf80786f2e515fb23328855be84814051b7da24f6b839c862b703939a7b8,2,6,0x350035555e10d9afaf1566aaebfced5ba6c27777,0x003989cd92c31a51d8b20bdbd0c51e444f88d081,0x116e7d070f1888b81e1e0324f56d6746b2d7d8f1,120000000000000000000000,120000,false
2026-05-07T02:27:31Z,72921485,1778115713,2026-05-07T01:01:53Z,0xf107e020174cb889c460c9a40a08b85f2eda59bf72f0e4c96ce690952d86dd5a,5,22,0x350035555e10d9afaf1566aaebfced5ba6c27777,0x8f19afb44a830306c45a304679fad9a0749d5128,0x116e7d070f1888b81e1e0324f56d6746b2d7d8f1,840000000000,0.00000084,false
2026-05-07T02:27:31Z,72921543,1778115737,2026-05-07T01:02:17Z,0xdca3db1129a57ff89361b110d30ad5e39727168874dd488cef1af672f18de669,8,28,0x350035555e10d9afaf1566aaebfced5ba6c27777,0xbaf424d19c5f627c44679af72da507e2ab6e62b7,0x116e7d070f1888b81e1e0324f56d6746b2d7d8f1,49000000000000000000,49,false
2026-05-07T02:27:31Z,72921579,1778115751,2026-05-07T01:02:31Z,0x8a85c9d8bea9e7aca46462e65c887ade275b4bd6bbbdce8f3eb5024da4e34be6,4,2,0x350035555e10d9afaf1566aaebfced5ba6c27777,0xcd846a0d2b6821ded56ec36beca9dbb24e3e8c82,0xb45373129b4220160b92bd2320869f44d48ecd01,1500000000000000000000,1500,false
2026-05-07T02:27:31Z,72921579,1778115751,2026-05-07T01:02:31Z,0x8a85c9d8bea9e7aca46462e65c887ade275b4bd6bbbdce8f3eb5024da4e34be6,4,3,0x350035555e10d9afaf1566aaebfced5ba6c27777,0xb45373129b4220160b92bd2320869f44d48ecd01,0x922164bbbd36acf9e854acbbf32facc949fcaeef,300000000000000000,0.3,false
2026-05-07T02:27:31Z,72921579,1778115751,2026-05-07T01:02:31Z,0x8a85c9d8bea9e7aca46462e65c887ade275b4bd6bbbdce8f3eb5024da4e34be6,4,4,0x350035555e10d9afaf1566aaebfced5ba6c27777,0xb45373129b4220160b92bd2320869f44d48ecd01,0x7b539258661c6b642c2db727f8069acf0686bb2d,1200000000000000000,1.2,false
2026-05-07T02:27:31Z,72921579,1778115751,2026-05-07T01:02:31Z,0x8a85c9d8bea9e7aca46462e65c887ade275b4bd6bbbdce8f3eb5024da4e34be6,4,6,0x350035555e10d9afaf1566aaebfced5ba6c27777,0xb45373129b4220160b92bd2320869f44d48ecd01,0x116e7d070f1888b81e1e0324f56d6746b2d7d8f1,1468530000000000000000,1468.53,false
2026-05-07T02:27:31Z,72921579,1778115751,2026-05-07T01:02:31Z,0x8a85c9d8bea9e7aca46462e65c887ade275b4bd6bbbdce8f3eb5024da4e34be6,4,8,0x350035555e10d9afaf1566aaebfced5ba6c27777,0xb45373129b4220160b92bd2320869f44d48ecd01,0xb02105bcf6c1e20fca2b5360f5fe78b8fc6e7238,29970000000000000000,29.97,false
2026-05-07T02:27:31Z,72922195,1778115997,2026-05-07T01:06:37Z,0xd204a4c8992fb5e98ca118f2c3af1be6e5a8ab9c1339d1277da1a36b9630e78f,7,98,0x350035555e10d9afaf1566aaebfced5ba6c27777,0x116e7d070f1888b81e1e0324f56d6746b2d7d8f1,0x90081db402e7386c58c1f184f73fb924e113f122,640924086941001807054050,640924.08694100180705405,false
2026-05-07T02:27:31Z,72922196,1778115998,2026-05-07T01:06:38Z,0x6b983fa9b156106c866baa006e269270ee3173c628e36eeb60ecf8216b49c581,1,2,0x350035555e10d9afaf1566aaebfced5ba6c27777,0x188d586ddcf52439676ca21a244753fa19f9ea8e,0x9e4fe49647e0c7013afb181da699ed741d1559e3,25442365683295299634471,25442.365683295299634471,false
2026-05-07T02:27:31Z,72922196,1778115998,2026-05-07T01:06:38Z,0x6b983fa9b156106c866baa006e269270ee3173c628e36eeb60ecf8216b49c581,1,4,0x350035555e10d9afaf1566aaebfced5ba6c27777,0x9e4fe49647e0c7013afb181da699ed741d1559e3,0x116e7d070f1888b81e1e0324f56d6746b2d7d8f1,25442365683295299634471,25442.365683295299634471,false
2026-05-07T02:27:31Z,72922196,1778115998,2026-05-07T01:06:38Z,0x496efecf3c070c5a6da43931e9f096589e79531c63643d1377855bb303359e06,2,8,0x350035555e10d9afaf1566aaebfced5ba6c27777,0x188d586ddcf52439676ca21a244753fa19f9ea8e,0x116e7d070f1888b81e1e0324f56d6746b2d7d8f1,39084613446601886613658,39084.613446601886613658,false
2026-05-07T02:27:31Z,72922196,1778115998,2026-05-07T01:06:38Z,0x7f496e26b10b4e29c422a70123b1ea85507f36074df77c1408f4d732b5ac248a,8,14,0x350035555e10d9afaf1566aaebfced5ba6c27777,0xbfca90ba028b6376cc408935f1e026ffec5c4959,0x78e90846339c4fccfa5bc9ae81ceae9ccd723bac,14714536549713634234051,14714.536549713634234051,false
2026-05-07T02:27:31Z,72922196,1778115998,2026-05-07T01:06:38Z,0x7f496e26b10b4e29c422a70123b1ea85507f36074df77c1408f4d732b5ac248a,8,16,0x350035555e10d9afaf1566aaebfced5ba6c27777,0x78e90846339c4fccfa5bc9ae81ceae9ccd723bac,0x116e7d070f1888b81e1e0324f56d6746b2d7d8f1,14714536549713634234051,14714.536549713634234051,false
2026-05-07T02:27:31Z,72922197,1778115998,2026-05-07T01:06:38Z,0x2c48c34db96ea456525d1c205dafffadde54b5bc31ba36283746fed7deff1983,1,1,0x350035555e10d9afaf1566aaebfced5ba6c27777,0xde4c4a5d91ed23964a7b636d2b15edf51f4a7a6d,0xe0938d939b8d36bd0fbab97f3a3d1087b52507a8,842422900480073586931,842.422900480073586931,false
2026-05-07T02:27:31Z,72922197,1778115998,2026-05-07T01:06:38Z,0x2c48c34db96ea456525d1c205dafffadde54b5bc31ba36283746fed7deff1983,1,3,0x350035555e10d9afaf1566aaebfced5ba6c27777,0xe0938d939b8d36bd0fbab97f3a3d1087b52507a8,0x116e7d070f1888b81e1e0324f56d6746b2d7d8f1,842422900480073586931,842.422900480073586931,false
2026-05-07T02:27:31Z,72922266,1778116026,2026-05-07T01:07:06Z,0x907c6f9907cd5183aec0713516160b4bb11dcafa73dd9d11dce661b86b6a7086,2,17,0x350035555e10d9afaf1566aaebfced5ba6c27777,0x116e7d070f1888b81e1e0324f56d6746b2d7d8f1,0xb5cf87d082840d97ffff99c1c3758c4db95d5988,9500790761448356848231,9500.790761448356848231,false
2026-05-07T02:27:31Z,72922345,1778116058,2026-05-07T01:07:38Z,0xc617b22415e5776534f3b6e732fb753fdd085c4e940e85487b74987a5330bd62,2,7,0x350035555e10d9afaf1566aaebfced5ba6c27777,0x8f19afb44a830306c45a304679fad9a0749d5128,0x116e7d070f1888b81e1e0324f56d6746b2d7d8f1,4500000000,0.0000000045,false
2026-05-07T02:27:31Z,72922819,1778116249,2026-05-07T01:10:49Z,0xf4f4a6ff9589865eb6805e1033aa75be4fe6913795d180a6507f1dad49145869,28,156,0x350035555e10d9afaf1566aaebfced5ba6c27777,0x116e7d070f1888b81e1e0324f56d6746b2d7d8f1,0xcd68f7c0668b72ab943e09ff4dbf53da64b8a8c2,1669595202976356380646,1669.595202976356380646,false
2026-05-07T02:27:31Z,72922819,1778116249,2026-05-07T01:10:49Z,0xf4f4a6ff9589865eb6805e1033aa75be4fe6913795d180a6507f1dad49145869,28,159,0x350035555e10d9afaf1566aaebfced5ba6c27777,0xcd68f7c0668b72ab943e09ff4dbf53da64b8a8c2,0xaebe5522749b65eae7b2a35c593145cc3128b515,1669595202976356380646,1669.595202976356380646,false
2026-05-07T02:27:31Z,72922819,1778116249,2026-05-07T01:10:49Z,0xf4f4a6ff9589865eb6805e1033aa75be4fe6913795d180a6507f1dad49145869,28,161,0x350035555e10d9afaf1566aaebfced5ba6c27777,0xaebe5522749b65eae7b2a35c593145cc3128b515,0xb0baace23ac7cbd25211134a0b47ad70a9d42fa4,1669595202976356380646,1669.595202976356380646,false
2026-05-07T02:27:31Z,72922832,1778116254,2026-05-07T01:10:54Z,0x6e5234293998f179a22558e5f9d01464f53d471c863f34d5871196888b2713f9,4,21,0x350035555e10d9afaf1566aaebfced5ba6c27777,0xb0baace23ac7cbd25211134a0b47ad70a9d42fa4,0x1d91a6339f6c484ad9a29dac34d2403e8688a423,1669595202976356380646,1669.595202976356380646,false
2026-05-07T02:27:31Z,72922832,1778116254,2026-05-07T01:10:54Z,0x6e5234293998f179a22558e5f9d01464f53d471c863f34d5871196888b2713f9,4,25,0x350035555e10d9afaf1566aaebfced5ba6c27777,0x1d91a6339f6c484ad9a29dac34d2403e8688a423,0x0b79d71ae99528d1db24a4148b5f4f865cc2b137,1669595202976356380646,1669.595202976356380646,false
2026-05-07T02:27:31Z,72922832,1778116254,2026-05-07T01:10:54Z,0x6e5234293998f179a22558e5f9d01464f53d471c863f34d5871196888b2713f9,4,27,0x350035555e10d9afaf1566aaebfced5ba6c27777,0x0b79d71ae99528d1db24a4148b5f4f865cc2b137,0x116e7d070f1888b81e1e0324f56d6746b2d7d8f1,1669595202976356380646,1669.595202976356380646,false
2026-05-07T02:27:31Z,72923023,1778116331,2026-05-07T01:12:11Z,0xb82e2880506c125d076d845031f82d903a024630a165558ada95369dcf053be1,5,14,0x350035555e10d9afaf1566aaebfced5ba6c27777,0xc88bf1fce48116ec0700121dd60a96a3574da33f,0x116e7d070f1888b81e1e0324f56d6746b2d7d8f1,200000000000000000000,200,false
2026-05-07T02:27:31Z,72923436,1778116496,2026-05-07T01:14:56Z,0xbbc2d87c558b56f69cf4da793a38772759980595b959c97124e642db8337728e,4,37,0x350035555e10d9afaf1566aaebfced5ba6c27777,0x721d3907fc9c4224c3afd344ee88aeaa940fb313,0x116e7d070f1888b81e1e0324f56d6746b2d7d8f1,34344527750065105240,34.34452775006510524,false
2026-05-07T02:27:31Z,72923582,1778116555,2026-05-07T01:15:55Z,0x7063100b94d31c0cfe3f39551211c23f8b8de18aeb51199b23b3de04e52ee65c,3,3,0x350035555e10d9afaf1566aaebfced5ba6c27777,0x188d586ddcf52439676ca21a244753fa19f9ea8e,0x8f10b468b06c6fd214b65f87778827f7d113f996,32833726090556323037431,32833.726090556323037431,false
2026-05-07T02:27:31Z,72923582,1778116555,2026-05-07T01:15:55Z,0x7063100b94d31c0cfe3f39551211c23f8b8de18aeb51199b23b3de04e52ee65c,3,9,0x350035555e10d9afaf1566aaebfced5ba6c27777,0xbfca90ba028b6376cc408935f1e026ffec5c4959,0x8f10b468b06c6fd214b65f87778827f7d113f996,24620319336167190097260,24620.31933616719009726,false
2026-05-07T02:27:31Z,72923582,1778116555,2026-05-07T01:15:55Z,0x7063100b94d31c0cfe3f39551211c23f8b8de18aeb51199b23b3de04e52ee65c,3,14,0x350035555e10d9afaf1566aaebfced5ba6c27777,0x116e7d070f1888b81e1e0324f56d6746b2d7d8f1,0x8f10b468b06c6fd214b65f87778827f7d113f996,8135780215484617066130,8135.78021548461706613,false
2026-05-07T02:27:31Z,72923582,1778116555,2026-05-07T01:15:55Z,0x7063100b94d31c0cfe3f39551211c23f8b8de18aeb51199b23b3de04e52ee65c,3,20,0x350035555e10d9afaf1566aaebfced5ba6c27777,0x188d586ddcf52439676ca21a244753fa19f9ea8e,0x8f10b468b06c6fd214b65f87778827f7d113f996,36964274822319929031115,36964.274822319929031115,false
2026-05-07T02:27:31Z,72923582,1778116555,2026-05-07T01:15:55Z,0x7063100b94d31c0cfe3f39551211c23f8b8de18aeb51199b23b3de04e52ee65c,3,22,0x350035555e10d9afaf1566aaebfced5ba6c27777,0x8f10b468b06c6fd214b65f87778827f7d113f996,0x026f252016a7c47cdef1f05a3fc9e20c92a49c37,102554100464528059231936,102554.100464528059231936,false
2026-05-07T02:27:31Z,72923582,1778116555,2026-05-07T01:15:55Z,0x7063100b94d31c0cfe3f39551211c23f8b8de18aeb51199b23b3de04e52ee65c,3,26,0x350035555e10d9afaf1566aaebfced5ba6c27777,0x026f252016a7c47cdef1f05a3fc9e20c92a49c37,0x713a7360411536d4e86bb8995e2347995f2ddca0,102554100464528059231936,102554.100464528059231936,false
2026-05-07T02:27:31Z,72923607,1778116565,2026-05-07T01:16:05Z,0x54aa71a78307d4c5095150064f444f914acb272e4952dc77504f630782e94dc6,4,7,0x350035555e10d9afaf1566aaebfced5ba6c27777,0xe989642f2a9fa24d1e0f09d50dc07d26b6d0f4a7,0x116e7d070f1888b81e1e0324f56d6746b2d7d8f1,20000000000000,0.00002,false
2026-05-07T02:27:31Z,72924176,1778116793,2026-05-07T01:19:53Z,0xd64b315dc0b79dbc319ad87ec3f36bfe2065593060ae1dfc6d752aa015d1dc91,5,76,0x350035555e10d9afaf1566aaebfced5ba6c27777,0xc88bf1fce48116ec0700121dd60a96a3574da33f,0x116e7d070f1888b81e1e0324f56d6746b2d7d8f1,4600000000000000000,4.6,false
2026-05-07T02:27:31Z,72924326,1778116853,2026-05-07T01:20:53Z,0x90195d23533acc5ae30f68b0acb346bf459d9e22c69f1d966b5af88d55e40672,2,18,0x350035555e10d9afaf1566aaebfced5ba6c27777,0x116e7d070f1888b81e1e0324f56d6746b2d7d8f1,0xcd68f7c0668b72ab943e09ff4dbf53da64b8a8c2,10736807813827633511,10.736807813827633511,false
2026-05-07T02:27:31Z,72924326,1778116853,2026-05-07T01:20:53Z,0x90195d23533acc5ae30f68b0acb346bf459d9e22c69f1d966b5af88d55e40672,2,21,0x350035555e10d9afaf1566aaebfced5ba6c27777,0xcd68f7c0668b72ab943e09ff4dbf53da64b8a8c2,0xaebe5522749b65eae7b2a35c593145cc3128b515,10736807813827633511,10.736807813827633511,false
2026-05-07T02:27:31Z,72924326,1778116853,2026-05-07T01:20:53Z,0x90195d23533acc5ae30f68b0acb346bf459d9e22c69f1d966b5af88d55e40672,2,23,0x350035555e10d9afaf1566aaebfced5ba6c27777,0xaebe5522749b65eae7b2a35c593145cc3128b515,0xb0baace23ac7cbd25211134a0b47ad70a9d42fa4,10736807813827633511,10.736807813827633511,false
2026-05-07T02:27:31Z,72924339,1778116859,2026-05-07T01:20:59Z,0x117447d95be1f894b290fa6804fbf3c27bfa2d7827b53b047ffcceaa6cf51fb3,3,13,0x350035555e10d9afaf1566aaebfced5ba6c27777,0xb0baace23ac7cbd25211134a0b47ad70a9d42fa4,0x1d91a6339f6c484ad9a29dac34d2403e8688a423,10736807813827633511,10.736807813827633511,false
2026-05-07T02:27:31Z,72924339,1778116859,2026-05-07T01:20:59Z,0x117447d95be1f894b290fa6804fbf3c27bfa2d7827b53b047ffcceaa6cf51fb3,3,17,0x350035555e10d9afaf1566aaebfced5ba6c27777,0x1d91a6339f6c484ad9a29dac34d2403e8688a423,0x0b79d71ae99528d1db24a4148b5f4f865cc2b137,10736807813827633511,10.736807813827633511,false
2026-05-07T02:27:31Z,72924339,1778116859,2026-05-07T01:20:59Z,0x117447d95be1f894b290fa6804fbf3c27bfa2d7827b53b047ffcceaa6cf51fb3,3,19,0x350035555e10d9afaf1566aaebfced5ba6c27777,0x0b79d71ae99528d1db24a4148b5f4f865cc2b137,0x116e7d070f1888b81e1e0324f56d6746b2d7d8f1,10736807813827633511,10.736807813827633511,false
2026-05-07T02:27:31Z,72924803,1778117046,2026-05-07T01:24:06Z,0x7f3b6e68b16344fa40f40ad1f3d5b09d3c184ef9b153161e28877862448a7830,4,17,0x350035555e10d9afaf1566aaebfced5ba6c27777,0xde4c4a5d91ed23964a7b636d2b15edf51f4a7a6d,0xfb78fcae443eb423b59b8c186518c5df94416344,898262233932546021858,898.262233932546021858,false
2026-05-07T02:27:31Z,72924803,1778117046,2026-05-07T01:24:06Z,0x7f3b6e68b16344fa40f40ad1f3d5b09d3c184ef9b153161e28877862448a7830,4,21,0x350035555e10d9afaf1566aaebfced5ba6c27777,0xb02105bcf6c1e20fca2b5360f5fe78b8fc6e7238,0xfb78fcae443eb423b59b8c186518c5df94416344,164008762130064003204,164.008762130064003204,false
2026-05-07T02:27:31Z,72924803,1778117046,2026-05-07T01:24:06Z,0x7f3b6e68b16344fa40f40ad1f3d5b09d3c184ef9b153161e28877862448a7830,4,24,0x350035555e10d9afaf1566aaebfced5ba6c27777,0x116e7d070f1888b81e1e0324f56d6746b2d7d8f1,0xfb78fcae443eb423b59b8c186518c5df94416344,2101607779216982177490,2101.60777921698217749,false
2026-05-07T02:27:31Z,72924803,1778117046,2026-05-07T01:24:06Z,0x7f3b6e68b16344fa40f40ad1f3d5b09d3c184ef9b153161e28877862448a7830,4,27,0x350035555e10d9afaf1566aaebfced5ba6c27777,0x031cc397ab68cb6969fdec7b572e4f449ee8255f,0xfb78fcae443eb423b59b8c186518c5df94416344,82297246539122005594,82.297246539122005594,false
2026-05-07T02:27:31Z,72924803,1778117046,2026-05-07T01:24:06Z,0x7f3b6e68b16344fa40f40ad1f3d5b09d3c184ef9b153161e28877862448a7830,4,30,0x350035555e10d9afaf1566aaebfced5ba6c27777,0xfb78fcae443eb423b59b8c186518c5df94416344,0x44ed9b74f4fe2b0975c2b5121b0e906da6ce4a48,3246176021818714208146,3246.176021818714208146,false
2026-05-07T02:27:31Z,72924803,1778117046,2026-05-07T01:24:06Z,0x7f3b6e68b16344fa40f40ad1f3d5b09d3c184ef9b153161e28877862448a7830,4,32,0x350035555e10d9afaf1566aaebfced5ba6c27777,0x44ed9b74f4fe2b0975c2b5121b0e906da6ce4a48,0x0e3e8f9484a753b526079ecd9d73e1f3ad8e4da9,3246176021818714208146,3246.176021818714208146,false
2026-05-07T02:27:31Z,72924804,1778117046,2026-05-07T01:24:06Z,0xb2189528491b3983f54e95b837f70ab3762c61b7fe247309e583c3946d1d2e5f,1,1,0x350035555e10d9afaf1566aaebfced5ba6c27777,0xd23e066e0422bef5b3b20c9df85fb9716d0cb305,0xbb0b4f16bf79a932ad7112bb485a9320269c86e9,179754144297599239891,179.754144297599239891,false
2026-05-07T02:27:31Z,72924804,1778117046,2026-05-07T01:24:06Z,0xb2189528491b3983f54e95b837f70ab3762c61b7fe247309e583c3946d1d2e5f,1,3,0x350035555e10d9afaf1566aaebfced5ba6c27777,0xbb0b4f16bf79a932ad7112bb485a9320269c86e9,0xde4c4a5d91ed23964a7b636d2b15edf51f4a7a6d,179754144297599239891,179.754144297599239891,false
2026-05-07T02:27:31Z,72925864,1778117472,2026-05-07T01:31:12Z,0x2b4f03b74c4ecddafe48086272b037c1fc16359ce2145d65e2b152298ecc4b65,1,4,0x350035555e10d9afaf1566aaebfced5ba6c27777,0xef5616e565fe7250db748e561a6c1f751a5aa7a0,0x5670035caf2da294af4bcdc48fb68e9e6157a02e,11918141487696591794644,11918.141487696591794644,false
2026-05-07T02:27:31Z,72925864,1778117472,2026-05-07T01:31:12Z,0x2b4f03b74c4ecddafe48086272b037c1fc16359ce2145d65e2b152298ecc4b65,1,5,0x350035555e10d9afaf1566aaebfced5ba6c27777,0x5670035caf2da294af4bcdc48fb68e9e6157a02e,0x188d586ddcf52439676ca21a244753fa19f9ea8e,11918141487696591794644,11918.141487696591794644,false
2026-05-07T02:27:31Z,72925880,1778117478,2026-05-07T01:31:18Z,0xcf00ea3b89ddf3eb9df32fce5024c514fb795347a0f3049ef56eae8e3500c6a4,5,97,0x350035555e10d9afaf1566aaebfced5ba6c27777,0x116e7d070f1888b81e1e0324f56d6746b2d7d8f1,0xcd68f7c0668b72ab943e09ff4dbf53da64b8a8c2,60401698202614347,0.060401698202614347,false
2026-05-07T02:27:31Z,72925880,1778117478,2026-05-07T01:31:18Z,0xcf00ea3b89ddf3eb9df32fce5024c514fb795347a0f3049ef56eae8e3500c6a4,5,100,0x350035555e10d9afaf1566aaebfced5ba6c27777,0xcd68f7c0668b72ab943e09ff4dbf53da64b8a8c2,0xaebe5522749b65eae7b2a35c593145cc3128b515,60401698202614347,0.060401698202614347,false
2026-05-07T02:27:31Z,72925880,1778117478,2026-05-07T01:31:18Z,0xcf00ea3b89ddf3eb9df32fce5024c514fb795347a0f3049ef56eae8e3500c6a4,5,102,0x350035555e10d9afaf1566aaebfced5ba6c27777,0xaebe5522749b65eae7b2a35c593145cc3128b515,0xb0baace23ac7cbd25211134a0b47ad70a9d42fa4,60401698202614347,0.060401698202614347,false
2026-05-07T02:27:31Z,72925883,1778117479,2026-05-07T01:31:19Z,0x0a4ea49cc7c038be3b06ef6bb74ad69c798812b6365e2d8c643de86a2ce777c1,7,102,0x350035555e10d9afaf1566aaebfced5ba6c27777,0xb0baace23ac7cbd25211134a0b47ad70a9d42fa4,0x1d91a6339f6c484ad9a29dac34d2403e8688a423,60401698202614347,0.060401698202614347,false
2026-05-07T02:27:31Z,72925883,1778117479,2026-05-07T01:31:19Z,0x0a4ea49cc7c038be3b06ef6bb74ad69c798812b6365e2d8c643de86a2ce777c1,7,106,0x350035555e10d9afaf1566aaebfced5ba6c27777,0x1d91a6339f6c484ad9a29dac34d2403e8688a423,0x0b79d71ae99528d1db24a4148b5f4f865cc2b137,60401698202614347,0.060401698202614347,false
2026-05-07T02:27:31Z,72925883,1778117479,2026-05-07T01:31:19Z,0x0a4ea49cc7c038be3b06ef6bb74ad69c798812b6365e2d8c643de86a2ce777c1,7,108,0x350035555e10d9afaf1566aaebfced5ba6c27777,0x0b79d71ae99528d1db24a4148b5f4f865cc2b137,0x116e7d070f1888b81e1e0324f56d6746b2d7d8f1,60401698202614347,0.060401698202614347,false
2026-05-07T02:27:31Z,72926034,1778117540,2026-05-07T01:32:20Z,0xfdff4ae4792c4687231452f0b306721a987b902d4f4d29d162579e3fcd5c6b7e,6,71,0x350035555e10d9afaf1566aaebfced5ba6c27777,0x900079e270f4b542e4c7a30dca1e733ca8a291df,0xde4c4a5d91ed23964a7b636d2b15edf51f4a7a6d,90000,0.00000000000009,false
2026-05-07T02:27:31Z,72927323,1778118056,2026-05-07T01:40:56Z,0xcfd2ed61d212f1f0f00e10f4fa8746517595b13af54785de93bd31f1920ca681,7,25,0x350035555e10d9afaf1566aaebfced5ba6c27777,0x3b49d45a49c063bdaaeb7f4f96d62ab13874358d,0xde4c4a5d91ed23964a7b636d2b15edf51f4a7a6d,15000000000000000,0.015,false
2026-05-07T02:27:31Z,72927418,1778118094,2026-05-07T01:41:34Z,0xc86c5072cf808ed28406990acc1564f548966c8caf91d075ef85c1147c3339e9,1,3,0x350035555e10d9afaf1566aaebfced5ba6c27777,0x116e7d070f1888b81e1e0324f56d6746b2d7d8f1,0x2723e2a6cc83e49c457aae4592c9cee25a81250c,5696818702905358036934,5696.818702905358036934,false
2026-05-07T02:27:31Z,72927578,1778118158,2026-05-07T01:42:38Z,0xec62ceb923505b8c97ad561d37effe21e5eed68454e3bd698600e242ce281b1e,2,75,0x350035555e10d9afaf1566aaebfced5ba6c27777,0x188d586ddcf52439676ca21a244753fa19f9ea8e,0x44ed9b74f4fe2b0975c2b5121b0e906da6ce4a48,7067032476893205905148,7067.032476893205905148,false
2026-05-07T02:27:31Z,72927578,1778118158,2026-05-07T01:42:38Z,0xec62ceb923505b8c97ad561d37effe21e5eed68454e3bd698600e242ce281b1e,2,77,0x350035555e10d9afaf1566aaebfced5ba6c27777,0x44ed9b74f4fe2b0975c2b5121b0e906da6ce4a48,0x0e3e8f9484a753b526079ecd9d73e1f3ad8e4da9,7067032476893205905148,7067.032476893205905148,false
2026-05-07T02:27:31Z,72927643,1778118184,2026-05-07T01:43:04Z,0xce7a32ecc8295cca9f7aea270a1eb09ac1ef79a192f702f4eadb08f170843e74,3,6,0x350035555e10d9afaf1566aaebfced5ba6c27777,0x116e7d070f1888b81e1e0324f56d6746b2d7d8f1,0x72330d6d66b1b0680d36d2d8168647578b8b9e7b,563037228987563007216862,563037.228987563007216862,false
2026-05-07T02:27:31Z,72927644,1778118184,2026-05-07T01:43:04Z,0xd91f039d401b29cb65ab076e2440966bb4b11337b27666a764c160cae14d7a9c,1,2,0x350035555e10d9afaf1566aaebfced5ba6c27777,0x188d586ddcf52439676ca21a244753fa19f9ea8e,0x9e4fe49647e0c7013afb181da699ed741d1559e3,9376918616093581501728,9376.918616093581501728,false
2026-05-07T02:27:31Z,72927644,1778118184,2026-05-07T01:43:04Z,0xd91f039d401b29cb65ab076e2440966bb4b11337b27666a764c160cae14d7a9c,1,4,0x350035555e10d9afaf1566aaebfced5ba6c27777,0x9e4fe49647e0c7013afb181da699ed741d1559e3,0x116e7d070f1888b81e1e0324f56d6746b2d7d8f1,9376918616093581501728,9376.918616093581501728,false
2026-05-07T02:27:31Z,72927644,1778118184,2026-05-07T01:43:04Z,0x86a092c6f473b7f78f934797441cf981f4884c8398e94ad6cccc94eca19b0b4d,3,11,0x350035555e10d9afaf1566aaebfced5ba6c27777,0x188d586ddcf52439676ca21a244753fa19f9ea8e,0x8a00dcaa5d9981c8667638041e22b17b4a3f5a7f,11041986235136494272576,11041.986235136494272576,false
2026-05-07T02:27:31Z,72927644,1778118184,2026-05-07T01:43:04Z,0x86a092c6f473b7f78f934797441cf981f4884c8398e94ad6cccc94eca19b0b4d,3,13,0x350035555e10d9afaf1566aaebfced5ba6c27777,0x8a00dcaa5d9981c8667638041e22b17b4a3f5a7f,0x116e7d070f1888b81e1e0324f56d6746b2d7d8f1,11041986235136494272576,11041.986235136494272576,false
2026-05-07T02:27:31Z,72927645,1778118185,2026-05-07T01:43:05Z,0x3672cd337b17ea72c68980cbab11f6aaf51838e8984a6f6167a0a39b99eaef02,3,78,0x350035555e10d9afaf1566aaebfced5ba6c27777,0xd215a9694fe9ddefe0ae8a50b309d1d9f015b772,0x456c799340a7b1f4257e2343b028ecb10d5e4e3b,442113004266900824632,442.113004266900824632,false
2026-05-07T02:27:31Z,72927645,1778118185,2026-05-07T01:43:05Z,0x3672cd337b17ea72c68980cbab11f6aaf51838e8984a6f6167a0a39b99eaef02,3,82,0x350035555e10d9afaf1566aaebfced5ba6c27777,0x456c799340a7b1f4257e2343b028ecb10d5e4e3b,0x116e7d070f1888b81e1e0324f56d6746b2d7d8f1,442113004266900824632,442.113004266900824632,false
2026-05-07T02:27:31Z,72927823,1778118256,2026-05-07T01:44:16Z,0x2cffb0154d8b5e721d8498837426338000ae15c21d0b7c791f25788e0c186279,6,17,0x350035555e10d9afaf1566aaebfced5ba6c27777,0xde4c4a5d91ed23964a7b636d2b15edf51f4a7a6d,0xfb78fcae443eb423b59b8c186518c5df94416344,657854562946634731816,657.854562946634731816,false
2026-05-07T02:27:31Z,72927823,1778118256,2026-05-07T01:44:16Z,0x2cffb0154d8b5e721d8498837426338000ae15c21d0b7c791f25788e0c186279,6,22,0x350035555e10d9afaf1566aaebfced5ba6c27777,0x188d586ddcf52439676ca21a244753fa19f9ea8e,0xfb78fcae443eb423b59b8c186518c5df94416344,7544770558666880733601,7544.770558666880733601,false
2026-05-07T02:27:31Z,72927823,1778118256,2026-05-07T01:44:16Z,0x2cffb0154d8b5e721d8498837426338000ae15c21d0b7c791f25788e0c186279,6,23,0x350035555e10d9afaf1566aaebfced5ba6c27777,0xbfca90ba028b6376cc408935f1e026ffec5c4959,0xfb78fcae443eb423b59b8c186518c5df94416344,4921883167615086224485,4921.883167615086224485,false
2026-05-07T02:27:31Z,72927823,1778118256,2026-05-07T01:44:16Z,0x2cffb0154d8b5e721d8498837426338000ae15c21d0b7c791f25788e0c186279,6,27,0x350035555e10d9afaf1566aaebfced5ba6c27777,0xfb78fcae443eb423b59b8c186518c5df94416344,0xf89d6e32ffbbc77bc512ef12d3c0905df1a87756,13124508289228601689902,13124.508289228601689902,false
2026-05-07T02:27:31Z,72927900,1778118286,2026-05-07T01:44:46Z,0x8dc48300435fc28d729d251d907586b5bb0ef1cb8fcf711f51f18d6af4ff9816,3,7,0x350035555e10d9afaf1566aaebfced5ba6c27777,0x4db6a0c8d566fa2ad87e3aa70c4708f65c7e052c,0xde4c4a5d91ed23964a7b636d2b15edf51f4a7a6d,109000000000000000000,109,false
2026-05-07T02:27:31Z,72928026,1778118337,2026-05-07T01:45:37Z,0xb9f81db30842b2e12afdbcf1d3ab353f2660d114a02b14b5efded69dc288d703,3,7,0x350035555e10d9afaf1566aaebfced5ba6c27777,0xcb7db076b6b12dd5aafc2dee4f2af23bf66742d7,0x646462f4d0168a94fe1884c8ae82148a3618a18d,97884731324898180000000,97884.73132489818,false
2026-05-07T02:27:31Z,72928026,1778118337,2026-05-07T01:45:37Z,0xb9f81db30842b2e12afdbcf1d3ab353f2660d114a02b14b5efded69dc288d703,3,11,0x350035555e10d9afaf1566aaebfced5ba6c27777,0x646462f4d0168a94fe1884c8ae82148a3618a18d,0x116e7d070f1888b81e1e0324f56d6746b2d7d8f1,97884731324898180000000,97884.73132489818,false
2026-05-07T02:27:31Z,72928805,1778118648,2026-05-07T01:50:48Z,0x9abbd3127774b8646090e6d3d7c3ff9d37e3c862dbf820288f628be451fb692a,3,5,0x350035555e10d9afaf1566aaebfced5ba6c27777,0x116e7d070f1888b81e1e0324f56d6746b2d7d8f1,0x94078efc81fb0efaa86367db7464356e87a214ff,110535653695481664609109,110535.653695481664609109,false
2026-05-07T02:27:31Z,72928882,1778118679,2026-05-07T01:51:19Z,0xf30997876611606e7cd4d83c44c206d0cceac0ab95e813b2c1e4dc27d6a8915d,9,79,0x350035555e10d9afaf1566aaebfced5ba6c27777,0x116e7d070f1888b81e1e0324f56d6746b2d7d8f1,0xcd68f7c0668b72ab943e09ff4dbf53da64b8a8c2,686705740449243044641,686.705740449243044641,false
2026-05-07T02:27:31Z,72928882,1778118679,2026-05-07T01:51:19Z,0xf30997876611606e7cd4d83c44c206d0cceac0ab95e813b2c1e4dc27d6a8915d,9,82,0x350035555e10d9afaf1566aaebfced5ba6c27777,0xcd68f7c0668b72ab943e09ff4dbf53da64b8a8c2,0xaebe5522749b65eae7b2a35c593145cc3128b515,686705740449243044641,686.705740449243044641,false
2026-05-07T02:27:31Z,72928882,1778118679,2026-05-07T01:51:19Z,0xf30997876611606e7cd4d83c44c206d0cceac0ab95e813b2c1e4dc27d6a8915d,9,84,0x350035555e10d9afaf1566aaebfced5ba6c27777,0xaebe5522749b65eae7b2a35c593145cc3128b515,0xb0baace23ac7cbd25211134a0b47ad70a9d42fa4,686705740449243044641,686.705740449243044641,false
2026-05-07T02:27:31Z,72928888,1778118682,2026-05-07T01:51:22Z,0x8dd77692b72476f507129ef4a9a4111501b5d7fa033b7dd0d0b6851200c0afab,1,6,0x350035555e10d9afaf1566aaebfced5ba6c27777,0x188d586ddcf52439676ca21a244753fa19f9ea8e,0x8f10b468b06c6fd214b65f87778827f7d113f996,28748953285944886665811,28748.953285944886665811,false
2026-05-07T02:27:31Z,72928888,1778118682,2026-05-07T01:51:22Z,0x8dd77692b72476f507129ef4a9a4111501b5d7fa033b7dd0d0b6851200c0afab,1,9,0x350035555e10d9afaf1566aaebfced5ba6c27777,0x8f10b468b06c6fd214b65f87778827f7d113f996,0x116e7d070f1888b81e1e0324f56d6746b2d7d8f1,28748953285944886665811,28748.953285944886665811,false
2026-05-07T02:27:31Z,72928910,1778118690,2026-05-07T01:51:30Z,0xcc740cb46a61132e82cfacce2462775bb3a7d606c88c270b4056d43e67aa1dc5,21,219,0x350035555e10d9afaf1566aaebfced5ba6c27777,0xb0baace23ac7cbd25211134a0b47ad70a9d42fa4,0x1d91a6339f6c484ad9a29dac34d2403e8688a423,686705740449243044641,686.705740449243044641,false
2026-05-07T02:27:31Z,72928910,1778118690,2026-05-07T01:51:30Z,0xcc740cb46a61132e82cfacce2462775bb3a7d606c88c270b4056d43e67aa1dc5,21,223,0x350035555e10d9afaf1566aaebfced5ba6c27777,0x1d91a6339f6c484ad9a29dac34d2403e8688a423,0x0b79d71ae99528d1db24a4148b5f4f865cc2b137,686705740449243044641,686.705740449243044641,false
2026-05-07T02:27:31Z,72928910,1778118690,2026-05-07T01:51:30Z,0xcc740cb46a61132e82cfacce2462775bb3a7d606c88c270b4056d43e67aa1dc5,21,225,0x350035555e10d9afaf1566aaebfced5ba6c27777,0x0b79d71ae99528d1db24a4148b5f4f865cc2b137,0x116e7d070f1888b81e1e0324f56d6746b2d7d8f1,686705740449243044641,686.705740449243044641,false
2026-05-07T02:27:31Z,72929488,1778118921,2026-05-07T01:55:21Z,0x880e8930e5d894391924e65f42463d4f595266a7427b2b3925c5ef6c5b56c103,2,9,0x350035555e10d9afaf1566aaebfced5ba6c27777,0xde4c4a5d91ed23964a7b636d2b15edf51f4a7a6d,0xfb78fcae443eb423b59b8c186518c5df94416344,338668772387551228154,338.668772387551228154,false
2026-05-07T02:27:31Z,72929488,1778118921,2026-05-07T01:55:21Z,0x880e8930e5d894391924e65f42463d4f595266a7427b2b3925c5ef6c5b56c103,2,14,0x350035555e10d9afaf1566aaebfced5ba6c27777,0x188d586ddcf52439676ca21a244753fa19f9ea8e,0xfb78fcae443eb423b59b8c186518c5df94416344,8469629668197697146115,8469.629668197697146115,false
2026-05-07T02:27:31Z,72929488,1778118921,2026-05-07T01:55:21Z,0x880e8930e5d894391924e65f42463d4f595266a7427b2b3925c5ef6c5b56c103,2,15,0x350035555e10d9afaf1566aaebfced5ba6c27777,0xbfca90ba028b6376cc408935f1e026ffec5c4959,0xfb78fcae443eb423b59b8c186518c5df94416344,4758008174448116382040,4758.00817444811638204,false
2026-05-07T02:27:31Z,72929488,1778118921,2026-05-07T01:55:21Z,0x880e8930e5d894391924e65f42463d4f595266a7427b2b3925c5ef6c5b56c103,2,19,0x350035555e10d9afaf1566aaebfced5ba6c27777,0xfb78fcae443eb423b59b8c186518c5df94416344,0x44ed9b74f4fe2b0975c2b5121b0e906da6ce4a48,13566306615033364756309,13566.306615033364756309,false
2026-05-07T02:27:31Z,72929488,1778118921,2026-05-07T01:55:21Z,0x880e8930e5d894391924e65f42463d4f595266a7427b2b3925c5ef6c5b56c103,2,20,0x350035555e10d9afaf1566aaebfced5ba6c27777,0x44ed9b74f4fe2b0975c2b5121b0e906da6ce4a48,0x4acb6c4321253548a7d4bb9c84032cc4ee04bfd7,118705182881541941617,118.705182881541941617,false
2026-05-07T02:27:31Z,72929488,1778118921,2026-05-07T01:55:21Z,0x880e8930e5d894391924e65f42463d4f595266a7427b2b3925c5ef6c5b56c103,2,21,0x350035555e10d9afaf1566aaebfced5ba6c27777,0x44ed9b74f4fe2b0975c2b5121b0e906da6ce4a48,0x3496a0da043108ec81022ebecced3d0cf821a58d,13447601432151822814692,13447.601432151822814692,false
2026-05-07T02:27:31Z,72929716,1778119012,2026-05-07T01:56:52Z,0x9560a0e7f829a620b7ddcfad2196abd00f6eb9544367ba1226e72daee8502b6d,5,8,0x350035555e10d9afaf1566aaebfced5ba6c27777,0xae6ce3048695ce902e1791d29d6f20fe5eb4d2dd,0xde4c4a5d91ed23964a7b636d2b15edf51f4a7a6d,2000000000000000000,2,false
2026-05-07T02:27:31Z,72929956,1778119108,2026-05-07T01:58:28Z,0x26e048d441c3260537f18dac1cad2b857cf614d9e97447a0a7a6f3ee2b90b076,3,5,0x350035555e10d9afaf1566aaebfced5ba6c27777,0x116e7d070f1888b81e1e0324f56d6746b2d7d8f1,0x8694650ac7a089cded87014ab2677b054ae0ab4d,129675491606526721046940,129675.49160652672104694,false
2026-05-07T02:27:31Z,72930033,1778119139,2026-05-07T01:58:59Z,0x44e1f300e6675320a5af0e9525233a22cc521a04c74e0054724fda7eae40b47b,2,8,0x350035555e10d9afaf1566aaebfced5ba6c27777,0x22d7b2692e3a0cb2ffea3aeb02a5e829c9b020ce,0x116e7d070f1888b81e1e0324f56d6746b2d7d8f1,386466013493875069724,386.466013493875069724,false
2026-05-07T02:27:31Z,72930152,1778119186,2026-05-07T01:59:46Z,0x6441fd4bf7bbf938e5d3e75bb2f8f0ce977fee8a0093c983e1dc8345a23d4e64,4,8,0x350035555e10d9afaf1566aaebfced5ba6c27777,0x07895704bb924aeef8434ad1db9a433ec32ac3bb,0xde4c4a5d91ed23964a7b636d2b15edf51f4a7a6d,50000000000000000000,50,false
2026-05-07T02:27:31Z,72930410,1778119289,2026-05-07T02:01:29Z,0x7d1de85812b292bd088f4205ab1a4eafa074708b6e9f0fa69bf279f9f4b65e28,7,50,0x350035555e10d9afaf1566aaebfced5ba6c27777,0x116e7d070f1888b81e1e0324f56d6746b2d7d8f1,0xcd68f7c0668b72ab943e09ff4dbf53da64b8a8c2,172716812875549370316,172.716812875549370316,false
2026-05-07T02:27:31Z,72930410,1778119289,2026-05-07T02:01:29Z,0x7d1de85812b292bd088f4205ab1a4eafa074708b6e9f0fa69bf279f9f4b65e28,7,53,0x350035555e10d9afaf1566aaebfced5ba6c27777,0xcd68f7c0668b72ab943e09ff4dbf53da64b8a8c2,0xaebe5522749b65eae7b2a35c593145cc3128b515,172716812875549370316,172.716812875549370316,false
2026-05-07T02:27:31Z,72930410,1778119289,2026-05-07T02:01:29Z,0x7d1de85812b292bd088f4205ab1a4eafa074708b6e9f0fa69bf279f9f4b65e28,7,55,0x350035555e10d9afaf1566aaebfced5ba6c27777,0xaebe5522749b65eae7b2a35c593145cc3128b515,0xb0baace23ac7cbd25211134a0b47ad70a9d42fa4,172716812875549370316,172.716812875549370316,false
2026-05-07T02:27:31Z,72930438,1778119300,2026-05-07T02:01:40Z,0xfabb5ff653f72f5bf56a49a35fdb5f8a1000b9313a224dcce4ed94d23f13749e,3,9,0x350035555e10d9afaf1566aaebfced5ba6c27777,0xb0baace23ac7cbd25211134a0b47ad70a9d42fa4,0x1d91a6339f6c484ad9a29dac34d2403e8688a423,172716812875549370316,172.716812875549370316,false
2026-05-07T02:27:31Z,72930438,1778119300,2026-05-07T02:01:40Z,0xfabb5ff653f72f5bf56a49a35fdb5f8a1000b9313a224dcce4ed94d23f13749e,3,13,0x350035555e10d9afaf1566aaebfced5ba6c27777,0x1d91a6339f6c484ad9a29dac34d2403e8688a423,0x0b79d71ae99528d1db24a4148b5f4f865cc2b137,172716812875549370316,172.716812875549370316,false
2026-05-07T02:27:31Z,72930438,1778119300,2026-05-07T02:01:40Z,0xfabb5ff653f72f5bf56a49a35fdb5f8a1000b9313a224dcce4ed94d23f13749e,3,15,0x350035555e10d9afaf1566aaebfced5ba6c27777,0x0b79d71ae99528d1db24a4148b5f4f865cc2b137,0x116e7d070f1888b81e1e0324f56d6746b2d7d8f1,172716812875549370316,172.716812875549370316,false
2026-05-07T02:27:31Z,72930528,1778119335,2026-05-07T02:02:15Z,0x290cd69b7e6c46f36653f2b9f3c7d70cec8d877f50b86b94cc28128e879ae8dc,7,25,0x350035555e10d9afaf1566aaebfced5ba6c27777,0xea6aa3b90053d66628141bbd6d6b613faf0389cb,0xde4c4a5d91ed23964a7b636d2b15edf51f4a7a6d,710000000,0.00000000071,false
2026-05-07T02:27:31Z,72930785,1778119437,2026-05-07T02:03:57Z,0xf4c6e162afc963f0d5257c0aaa65c5a42c260864da52c86ab053c7328f087be1,7,32,0x350035555e10d9afaf1566aaebfced5ba6c27777,0x116e7d070f1888b81e1e0324f56d6746b2d7d8f1,0xebc881ff829fdbeb160fbe0aa135e4b6a81a00a6,8246357142075229260783,8246.357142075229260783,false
2026-05-07T02:27:31Z,72930837,1778119458,2026-05-07T02:04:18Z,0x33137df44a57ca60523e2932b728c32467f15938bb8db411f1554c3a18e7a8c5,5,12,0x350035555e10d9afaf1566aaebfced5ba6c27777,0xc8da5a257a8606a2e26386225e51d18ba20b3a76,0xde4c4a5d91ed23964a7b636d2b15edf51f4a7a6d,8200000000000,0.0000082,false
2026-05-07T02:27:31Z,72930926,1778119494,2026-05-07T02:04:54Z,0x139f7aa987b20a806b54a54581bce8ef4401b61ff6ecf35367d03ba88d297046,3,17,0x350035555e10d9afaf1566aaebfced5ba6c27777,0xbfca90ba028b6376cc408935f1e026ffec5c4959,0x8f10b468b06c6fd214b65f87778827f7d113f996,20265062010774331604398,20265.062010774331604398,false
2026-05-07T02:27:31Z,72930926,1778119494,2026-05-07T02:04:54Z,0x139f7aa987b20a806b54a54581bce8ef4401b61ff6ecf35367d03ba88d297046,3,26,0x350035555e10d9afaf1566aaebfced5ba6c27777,0x116e7d070f1888b81e1e0324f56d6746b2d7d8f1,0x8f10b468b06c6fd214b65f87778827f7d113f996,100511290921703117611880,100511.29092170311761188,false
2026-05-07T02:27:31Z,72930926,1778119494,2026-05-07T02:04:54Z,0x139f7aa987b20a806b54a54581bce8ef4401b61ff6ecf35367d03ba88d297046,3,31,0x350035555e10d9afaf1566aaebfced5ba6c27777,0x188d586ddcf52439676ca21a244753fa19f9ea8e,0x8f10b468b06c6fd214b65f87778827f7d113f996,33767164228733173194946,33767.164228733173194946,false
2026-05-07T02:27:31Z,72930926,1778119494,2026-05-07T02:04:54Z,0x139f7aa987b20a806b54a54581bce8ef4401b61ff6ecf35367d03ba88d297046,3,35,0x350035555e10d9afaf1566aaebfced5ba6c27777,0x188d586ddcf52439676ca21a244753fa19f9ea8e,0x8f10b468b06c6fd214b65f87778827f7d113f996,13413291392684888437365,13413.291392684888437365,false
2026-05-07T02:27:31Z,72930926,1778119494,2026-05-07T02:04:54Z,0x139f7aa987b20a806b54a54581bce8ef4401b61ff6ecf35367d03ba88d297046,3,37,0x350035555e10d9afaf1566aaebfced5ba6c27777,0x8f10b468b06c6fd214b65f87778827f7d113f996,0x6131b5fae19ea4f9d964eac0408e4408b66337b5,167956808553895510848589,167956.808553895510848589,false
2026-05-07T02:27:31Z,72930926,1778119494,2026-05-07T02:04:54Z,0x139f7aa987b20a806b54a54581bce8ef4401b61ff6ecf35367d03ba88d297046,3,38,0x350035555e10d9afaf1566aaebfced5ba6c27777,0x6131b5fae19ea4f9d964eac0408e4408b66337b5,0xcf08fbd50d20f24e518683de7ffbabd7ef6d4748,167956808553895510848,167.956808553895510848,false
2026-05-07T02:27:31Z,72930926,1778119494,2026-05-07T02:04:54Z,0x139f7aa987b20a806b54a54581bce8ef4401b61ff6ecf35367d03ba88d297046,3,40,0x350035555e10d9afaf1566aaebfced5ba6c27777,0x6131b5fae19ea4f9d964eac0408e4408b66337b5,0xebc881ff829fdbeb160fbe0aa135e4b6a81a00a6,167788851745341615337741,167788.851745341615337741,false
2026-05-07T02:27:31Z,72930970,1778119512,2026-05-07T02:05:12Z,0x1478b9955e3936c1c923ce7ed39723e2a18e2b93ae632e9bb75020dbe0518fc3,2,6,0x350035555e10d9afaf1566aaebfced5ba6c27777,0xebc881ff829fdbeb160fbe0aa135e4b6a81a00a6,0x116e7d070f1888b81e1e0324f56d6746b2d7d8f1,176035208887416844598524,176035.208887416844598524,false
2026-05-07T02:27:31Z,72931063,1778119549,2026-05-07T02:05:49Z,0x15ba3449e9c668002a35173633f828b6d858e7d0ba4a047ac32e6b8e2b322953,3,6,0x350035555e10d9afaf1566aaebfced5ba6c27777,0xa581a60fdea3c390ff08f033733c6b678f5f9f49,0x026f252016a7c47cdef1f05a3fc9e20c92a49c37,200000000000000000000000,200000,false
2026-05-07T02:27:31Z,72931063,1778119549,2026-05-07T02:05:49Z,0x15ba3449e9c668002a35173633f828b6d858e7d0ba4a047ac32e6b8e2b322953,3,7,0x350035555e10d9afaf1566aaebfced5ba6c27777,0x026f252016a7c47cdef1f05a3fc9e20c92a49c37,0x8f10b468b06c6fd214b65f87778827f7d113f996,200000000000000000000000,200000,false
2026-05-07T02:27:31Z,72931063,1778119549,2026-05-07T02:05:49Z,0x15ba3449e9c668002a35173633f828b6d858e7d0ba4a047ac32e6b8e2b322953,3,9,0x350035555e10d9afaf1566aaebfced5ba6c27777,0x8f10b468b06c6fd214b65f87778827f7d113f996,0x116e7d070f1888b81e1e0324f56d6746b2d7d8f1,136000000000000000000000,136000,false
2026-05-07T02:27:31Z,72931063,1778119549,2026-05-07T02:05:49Z,0x15ba3449e9c668002a35173633f828b6d858e7d0ba4a047ac32e6b8e2b322953,3,13,0x350035555e10d9afaf1566aaebfced5ba6c27777,0x8f10b468b06c6fd214b65f87778827f7d113f996,0x188d586ddcf52439676ca21a244753fa19f9ea8e,48000000000000000000000,48000,false
2026-05-07T02:27:31Z,72931063,1778119549,2026-05-07T02:05:49Z,0x15ba3449e9c668002a35173633f828b6d858e7d0ba4a047ac32e6b8e2b322953,3,17,0x350035555e10d9afaf1566aaebfced5ba6c27777,0x8f10b468b06c6fd214b65f87778827f7d113f996,0x188d586ddcf52439676ca21a244753fa19f9ea8e,8000000000000000000000,8000,false
2026-05-07T02:27:31Z,72931063,1778119549,2026-05-07T02:05:49Z,0x15ba3449e9c668002a35173633f828b6d858e7d0ba4a047ac32e6b8e2b322953,3,20,0x350035555e10d9afaf1566aaebfced5ba6c27777,0x8f10b468b06c6fd214b65f87778827f7d113f996,0xbfca90ba028b6376cc408935f1e026ffec5c4959,8000000000000000000000,8000,false
2026-05-07T02:27:31Z,72931160,1778119588,2026-05-07T02:06:28Z,0x36e4dfcb092b99613e01ff4363e3efcad1be680231cb44082e3a6f72b70ad412,3,10,0x350035555e10d9afaf1566aaebfced5ba6c27777,0x4bd362a69b3be4c38c3232e0738ce07bba84efb3,0xb3e6778480b2e488385e8205ea05e20060b813cb,225484444870000000000000,225484.44487,false
2026-05-07T02:27:31Z,72931160,1778119588,2026-05-07T02:06:28Z,0x36e4dfcb092b99613e01ff4363e3efcad1be680231cb44082e3a6f72b70ad412,3,13,0x350035555e10d9afaf1566aaebfced5ba6c27777,0xb3e6778480b2e488385e8205ea05e20060b813cb,0x2f84fb8982073f39ba47c7fcc29119af074abbcb,225484444870000000000000,225484.44487,false
2026-05-07T02:27:31Z,72931160,1778119588,2026-05-07T02:06:28Z,0x36e4dfcb092b99613e01ff4363e3efcad1be680231cb44082e3a6f72b70ad412,3,15,0x350035555e10d9afaf1566aaebfced5ba6c27777,0x2f84fb8982073f39ba47c7fcc29119af074abbcb,0x116e7d070f1888b81e1e0324f56d6746b2d7d8f1,209591980524924391546501,209591.980524924391546501,false
2026-05-07T02:27:31Z,72931160,1778119588,2026-05-07T02:06:28Z,0x36e4dfcb092b99613e01ff4363e3efcad1be680231cb44082e3a6f72b70ad412,3,18,0x350035555e10d9afaf1566aaebfced5ba6c27777,0x2f84fb8982073f39ba47c7fcc29119af074abbcb,0xde4c4a5d91ed23964a7b636d2b15edf51f4a7a6d,443846698531013962005,443.846698531013962005,false
2026-05-07T02:27:31Z,72931160,1778119588,2026-05-07T02:06:28Z,0x36e4dfcb092b99613e01ff4363e3efcad1be680231cb44082e3a6f72b70ad412,3,21,0x350035555e10d9afaf1566aaebfced5ba6c27777,0x2f84fb8982073f39ba47c7fcc29119af074abbcb,0x188d586ddcf52439676ca21a244753fa19f9ea8e,15448617646544594491494,15448.617646544594491494,false
2026-05-07T02:27:31Z,72931184,1778119597,2026-05-07T02:06:37Z,0xbea0278dd165603b9b0a640ed313781da2aa379db111e008119766718030c06b,5,11,0x350035555e10d9afaf1566aaebfced5ba6c27777,0x116e7d070f1888b81e1e0324f56d6746b2d7d8f1,0xfb78fcae443eb423b59b8c186518c5df94416344,39537344720812470735785,39537.344720812470735785,false
2026-05-07T02:27:31Z,72931184,1778119597,2026-05-07T02:06:37Z,0xbea0278dd165603b9b0a640ed313781da2aa379db111e008119766718030c06b,5,14,0x350035555e10d9afaf1566aaebfced5ba6c27777,0xfb78fcae443eb423b59b8c186518c5df94416344,0xcf08fbd50d20f24e518683de7ffbabd7ef6d4748,59306017081218706103,59.306017081218706103,false
2026-05-07T02:27:31Z,72931184,1778119597,2026-05-07T02:06:37Z,0xbea0278dd165603b9b0a640ed313781da2aa379db111e008119766718030c06b,5,15,0x350035555e10d9afaf1566aaebfced5ba6c27777,0xfb78fcae443eb423b59b8c186518c5df94416344,0xebc881ff829fdbeb160fbe0aa135e4b6a81a00a6,39478038703731252029682,39478.038703731252029682,false
2026-05-07T02:27:31Z,72931205,1778119606,2026-05-07T02:06:46Z,0x603ff6c264ef58c6ccb66cb1838afbaed7c736f666b7f2303d97f69d8ac1f32a,3,3,0x350035555e10d9afaf1566aaebfced5ba6c27777,0xa581a60fdea3c390ff08f033733c6b678f5f9f49,0x188d586ddcf52439676ca21a244753fa19f9ea8e,204933592479518517215860,204933.59247951851721586,false
2026-05-07T02:27:31Z,72931223,1778119613,2026-05-07T02:06:53Z,0xa8318abb84275058d49259d0ef7ddd9f1ae0e6affe7a6ed05cf6bdb6881adecc,7,13,0x350035555e10d9afaf1566aaebfced5ba6c27777,0xebc881ff829fdbeb160fbe0aa135e4b6a81a00a6,0x116e7d070f1888b81e1e0324f56d6746b2d7d8f1,39478038703731251925662,39478.038703731251925662,false
2026-05-07T02:27:31Z,72931266,1778119630,2026-05-07T02:07:10Z,0x81a1b48bd954e9e4d4364b8f9771e539087bfe1c9cc1eefb2aa2f2852bff8170,4,38,0x350035555e10d9afaf1566aaebfced5ba6c27777,0x116e7d070f1888b81e1e0324f56d6746b2d7d8f1,0x415295aca2dec303ef096e9f22576fe3538b5f0a,722963600729606975,0.722963600729606975,false
2026-05-07T02:27:31Z,72931285,1778119638,2026-05-07T02:07:18Z,0x5f1b2dfd4a555a638d86a63563568ddcc9a3c153c4f5bfee26894c34861e5891,14,125,0x350035555e10d9afaf1566aaebfced5ba6c27777,0xde4c4a5d91ed23964a7b636d2b15edf51f4a7a6d,0xfb78fcae443eb423b59b8c186518c5df94416344,682504798407519376703,682.504798407519376703,false
2026-05-07T02:27:31Z,72931285,1778119638,2026-05-07T02:07:18Z,0x5f1b2dfd4a555a638d86a63563568ddcc9a3c153c4f5bfee26894c34861e5891,14,131,0x350035555e10d9afaf1566aaebfced5ba6c27777,0x2a68ba1833cdf93fa9da1eebd7f46242ad8e90c5,0xd651346d7c789536ebf06dc72ae3c8502cd695cc,2131477769769880000,2.13147776976988,false
2026-05-07T02:27:31Z,72931285,1778119638,2026-05-07T02:07:18Z,0x5f1b2dfd4a555a638d86a63563568ddcc9a3c153c4f5bfee26894c34861e5891,14,133,0x350035555e10d9afaf1566aaebfced5ba6c27777,0xd651346d7c789536ebf06dc72ae3c8502cd695cc,0xfb78fcae443eb423b59b8c186518c5df94416344,2131477769769880000,2.13147776976988,false
2026-05-07T02:27:31Z,72931285,1778119638,2026-05-07T02:07:18Z,0x5f1b2dfd4a555a638d86a63563568ddcc9a3c153c4f5bfee26894c34861e5891,14,135,0x350035555e10d9afaf1566aaebfced5ba6c27777,0xd836dff7332bf922d13500eb10c092a7ae42aad0,0xfb78fcae443eb423b59b8c186518c5df94416344,57226129788997052892,57.226129788997052892,false
2026-05-07T02:27:31Z,72931285,1778119638,2026-05-07T02:07:18Z,0x5f1b2dfd4a555a638d86a63563568ddcc9a3c153c4f5bfee26894c34861e5891,14,140,0x350035555e10d9afaf1566aaebfced5ba6c27777,0x188d586ddcf52439676ca21a244753fa19f9ea8e,0xfb78fcae443eb423b59b8c186518c5df94416344,1240210658894028504055,1240.210658894028504055,false
2026-05-07T02:27:31Z,72931285,1778119638,2026-05-07T02:07:18Z,0x5f1b2dfd4a555a638d86a63563568ddcc9a3c153c4f5bfee26894c34861e5891,14,143,0x350035555e10d9afaf1566aaebfced5ba6c27777,0x188d586ddcf52439676ca21a244753fa19f9ea8e,0xfb78fcae443eb423b59b8c186518c5df94416344,171010524956684853677,171.010524956684853677,false
2026-05-07T02:27:31Z,72931285,1778119638,2026-05-07T02:07:18Z,0x5f1b2dfd4a555a638d86a63563568ddcc9a3c153c4f5bfee26894c34861e5891,14,145,0x350035555e10d9afaf1566aaebfced5ba6c27777,0xb02105bcf6c1e20fca2b5360f5fe78b8fc6e7238,0xfb78fcae443eb423b59b8c186518c5df94416344,56793316641815389097,56.793316641815389097,false
2026-05-07T02:27:31Z,72931285,1778119638,2026-05-07T02:07:18Z,0x5f1b2dfd4a555a638d86a63563568ddcc9a3c153c4f5bfee26894c34861e5891,14,148,0x350035555e10d9afaf1566aaebfced5ba6c27777,0x031cc397ab68cb6969fdec7b572e4f449ee8255f,0xfb78fcae443eb423b59b8c186518c5df94416344,57092662620892793367,57.092662620892793367,false
2026-05-07T02:27:31Z,72931285,1778119638,2026-05-07T02:07:18Z,0x5f1b2dfd4a555a638d86a63563568ddcc9a3c153c4f5bfee26894c34861e5891,14,151,0x350035555e10d9afaf1566aaebfced5ba6c27777,0xfb78fcae443eb423b59b8c186518c5df94416344,0xcf08fbd50d20f24e518683de7ffbabd7ef6d4748,3400454353619561774,3.400454353619561774,false
2026-05-07T02:27:31Z,72931285,1778119638,2026-05-07T02:07:18Z,0x5f1b2dfd4a555a638d86a63563568ddcc9a3c153c4f5bfee26894c34861e5891,14,152,0x350035555e10d9afaf1566aaebfced5ba6c27777,0xfb78fcae443eb423b59b8c186518c5df94416344,0xebc881ff829fdbeb160fbe0aa135e4b6a81a00a6,2263569114726088288017,2263.569114726088288017,false
2026-05-07T02:27:31Z,72931337,1778119658,2026-05-07T02:07:38Z,0x0976e7b1b8784ce99a4ec76bffe70a55d0dc77a3b8e9c0946731e5b1dc349235,1,2,0x350035555e10d9afaf1566aaebfced5ba6c27777,0xebc881ff829fdbeb160fbe0aa135e4b6a81a00a6,0x116e7d070f1888b81e1e0324f56d6746b2d7d8f1,2263569114726088386067,2263.569114726088386067,false
2026-05-07T02:27:31Z,72931565,1778119749,2026-05-07T02:09:09Z,0x515f27c0df210f9603f875a9ad74a58ff954ca764297e395d61efdfe4ecdef83,8,17,0x350035555e10d9afaf1566aaebfced5ba6c27777,0xdaaa4616979ca5ac192e9f9cdbc8f682553debf0,0xde4c4a5d91ed23964a7b636d2b15edf51f4a7a6d,16800000,0.0000000000168,false
2026-05-07T02:27:31Z,72931656,1778119786,2026-05-07T02:09:46Z,0x2c488d85a68db7d73045224b786c370fae433638cb3785000f375261b7f1d893,3,41,0x350035555e10d9afaf1566aaebfced5ba6c27777,0x116e7d070f1888b81e1e0324f56d6746b2d7d8f1,0x415295aca2dec303ef096e9f22576fe3538b5f0a,2793336265397020637570,2793.33626539702063757,false
2026-05-07T02:27:31Z,72931691,1778119800,2026-05-07T02:10:00Z,0xd2537e995eba39cd6f597987f92b881c2b959945e8a8adc33c3962436ded527b,2,14,0x350035555e10d9afaf1566aaebfced5ba6c27777,0xc0bec0f8c50345585ee171f85acfefa15eb213b8,0xde4c4a5d91ed23964a7b636d2b15edf51f4a7a6d,5500000000,0.0000000055,false
2026-05-07T02:27:31Z,72931966,1778119908,2026-05-07T02:11:48Z,0xbf2b9c9291c4719215c9901f02af056ce4fbc8b348d756ef4845390b28e4eb34,3,8,0x350035555e10d9afaf1566aaebfced5ba6c27777,0x116e7d070f1888b81e1e0324f56d6746b2d7d8f1,0xcd68f7c0668b72ab943e09ff4dbf53da64b8a8c2,2040636934781510045709,2040.636934781510045709,false
2026-05-07T02:27:31Z,72931966,1778119908,2026-05-07T02:11:48Z,0xbf2b9c9291c4719215c9901f02af056ce4fbc8b348d756ef4845390b28e4eb34,3,11,0x350035555e10d9afaf1566aaebfced5ba6c27777,0xcd68f7c0668b72ab943e09ff4dbf53da64b8a8c2,0xaebe5522749b65eae7b2a35c593145cc3128b515,2040636934781510045709,2040.636934781510045709,false
2026-05-07T02:27:31Z,72931966,1778119908,2026-05-07T02:11:48Z,0xbf2b9c9291c4719215c9901f02af056ce4fbc8b348d756ef4845390b28e4eb34,3,13,0x350035555e10d9afaf1566aaebfced5ba6c27777,0xaebe5522749b65eae7b2a35c593145cc3128b515,0xb0baace23ac7cbd25211134a0b47ad70a9d42fa4,2040636934781510045709,2040.636934781510045709,false
2026-05-07T02:27:31Z,72931994,1778119919,2026-05-07T02:11:59Z,0xef9854224d7824265a2ee80224c4ba7f34a147e99b198ce2e43bd6390bdcd669,6,66,0x350035555e10d9afaf1566aaebfced5ba6c27777,0xb0baace23ac7cbd25211134a0b47ad70a9d42fa4,0x1d91a6339f6c484ad9a29dac34d2403e8688a423,2040636934781510045709,2040.636934781510045709,false
2026-05-07T02:27:31Z,72931994,1778119919,2026-05-07T02:11:59Z,0xef9854224d7824265a2ee80224c4ba7f34a147e99b198ce2e43bd6390bdcd669,6,70,0x350035555e10d9afaf1566aaebfced5ba6c27777,0x1d91a6339f6c484ad9a29dac34d2403e8688a423,0x0b79d71ae99528d1db24a4148b5f4f865cc2b137,2040636934781510045709,2040.636934781510045709,false
2026-05-07T02:27:31Z,72931994,1778119919,2026-05-07T02:11:59Z,0xef9854224d7824265a2ee80224c4ba7f34a147e99b198ce2e43bd6390bdcd669,6,72,0x350035555e10d9afaf1566aaebfced5ba6c27777,0x0b79d71ae99528d1db24a4148b5f4f865cc2b137,0x116e7d070f1888b81e1e0324f56d6746b2d7d8f1,2040636934781510045709,2040.636934781510045709,false
2026-05-07T02:27:31Z,72932356,1778120064,2026-05-07T02:14:24Z,0xefbcc92111e04f5116056ed5f4b7cb3555c41e9ddc071b3f3d0c307030ab7bdf,6,29,0x350035555e10d9afaf1566aaebfced5ba6c27777,0x116e7d070f1888b81e1e0324f56d6746b2d7d8f1,0x8f10b468b06c6fd214b65f87778827f7d113f996,7523148336053882195096,7523.148336053882195096,false
2026-05-07T02:27:31Z,72932356,1778120064,2026-05-07T02:14:24Z,0xefbcc92111e04f5116056ed5f4b7cb3555c41e9ddc071b3f3d0c307030ab7bdf,6,33,0x350035555e10d9afaf1566aaebfced5ba6c27777,0x8f10b468b06c6fd214b65f87778827f7d113f996,0x6131b5fae19ea4f9d964eac0408e4408b66337b5,7523148336053882195096,7523.148336053882195096,false
2026-05-07T02:27:31Z,72932356,1778120064,2026-05-07T02:14:24Z,0xefbcc92111e04f5116056ed5f4b7cb3555c41e9ddc071b3f3d0c307030ab7bdf,6,34,0x350035555e10d9afaf1566aaebfced5ba6c27777,0x6131b5fae19ea4f9d964eac0408e4408b66337b5,0x0da2a82ed2c387d1751ccbaf999a80b65bdb269e,22569445008161646585,22.569445008161646585,false
2026-05-07T02:27:31Z,72932356,1778120064,2026-05-07T02:14:24Z,0xefbcc92111e04f5116056ed5f4b7cb3555c41e9ddc071b3f3d0c307030ab7bdf,6,36,0x350035555e10d9afaf1566aaebfced5ba6c27777,0x6131b5fae19ea4f9d964eac0408e4408b66337b5,0xe23c19b6ed5e74577e1cceddb53e2e30c9ea6447,7500578891045720548511,7500.578891045720548511,false
2026-05-07T02:27:31Z,72932501,1778120122,2026-05-07T02:15:22Z,0x3449bf23703d9805247c044a16b771912fd49145b21793f3a2d7b5d4b789a203,8,59,0x350035555e10d9afaf1566aaebfced5ba6c27777,0x116e7d070f1888b81e1e0324f56d6746b2d7d8f1,0xfb78fcae443eb423b59b8c186518c5df94416344,15458786848373366608872,15458.786848373366608872,false
2026-05-07T02:27:31Z,72932501,1778120122,2026-05-07T02:15:22Z,0x3449bf23703d9805247c044a16b771912fd49145b21793f3a2d7b5d4b789a203,8,64,0x350035555e10d9afaf1566aaebfced5ba6c27777,0x188d586ddcf52439676ca21a244753fa19f9ea8e,0xfb78fcae443eb423b59b8c186518c5df94416344,2209006374418768376085,2209.006374418768376085,false
2026-05-07T02:27:31Z,72932501,1778120122,2026-05-07T02:15:22Z,0x3449bf23703d9805247c044a16b771912fd49145b21793f3a2d7b5d4b789a203,8,65,0x350035555e10d9afaf1566aaebfced5ba6c27777,0xfb78fcae443eb423b59b8c186518c5df94416344,0xe23c19b6ed5e74577e1cceddb53e2e30c9ea6447,17667793222792134984957,17667.793222792134984957,false
2026-05-07T02:27:31Z,72932897,1778120280,2026-05-07T02:18:00Z,0x127db5bc86746fe577f31cd4350fb91dd46d7749e4f31facbb95bdc81baf02f3,7,67,0x350035555e10d9afaf1566aaebfced5ba6c27777,0x8cd7620f85b1ec9dc32a08bc1ff12860a3ba23f4,0xde4c4a5d91ed23964a7b636d2b15edf51f4a7a6d,1800000000000,0.0000018,false
2026-05-07T02:27:31Z,72933110,1778120365,2026-05-07T02:19:25Z,0xae9f95295e7f21eb39e3223f3218d33d2c9c9e250827d22c382834d939078507,8,29,0x350035555e10d9afaf1566aaebfced5ba6c27777,0x1684325b917ab726e7cd4e262c4e9608cb5868b4,0xde4c4a5d91ed23964a7b636d2b15edf51f4a7a6d,61000000000,0.000000061,false
2026-05-07T02:27:31Z,72933472,1778120509,2026-05-07T02:21:49Z,0x17d6b10d778cb97994e0106e663d15184158d12cd350e58cadb7b7ea455fa570,5,35,0x350035555e10d9afaf1566aaebfced5ba6c27777,0x116e7d070f1888b81e1e0324f56d6746b2d7d8f1,0xcd68f7c0668b72ab943e09ff4dbf53da64b8a8c2,11836241439630430553,11.836241439630430553,false
2026-05-07T02:27:31Z,72933472,1778120509,2026-05-07T02:21:49Z,0x17d6b10d778cb97994e0106e663d15184158d12cd350e58cadb7b7ea455fa570,5,38,0x350035555e10d9afaf1566aaebfced5ba6c27777,0xcd68f7c0668b72ab943e09ff4dbf53da64b8a8c2,0xaebe5522749b65eae7b2a35c593145cc3128b515,11836241439630430553,11.836241439630430553,false
2026-05-07T02:27:31Z,72933472,1778120509,2026-05-07T02:21:49Z,0x17d6b10d778cb97994e0106e663d15184158d12cd350e58cadb7b7ea455fa570,5,40,0x350035555e10d9afaf1566aaebfced5ba6c27777,0xaebe5522749b65eae7b2a35c593145cc3128b515,0xb0baace23ac7cbd25211134a0b47ad70a9d42fa4,11836241439630430553,11.836241439630430553,false
2026-05-07T02:27:31Z,72933499,1778120520,2026-05-07T02:22:00Z,0x342db9a9bdefd5ca2be27029fb9742690c219722f1b232020f935c732485d78a,2,1,0x350035555e10d9afaf1566aaebfced5ba6c27777,0xb0baace23ac7cbd25211134a0b47ad70a9d42fa4,0x1d91a6339f6c484ad9a29dac34d2403e8688a423,11836241439630430553,11.836241439630430553,false
2026-05-07T02:27:31Z,72933499,1778120520,2026-05-07T02:22:00Z,0x342db9a9bdefd5ca2be27029fb9742690c219722f1b232020f935c732485d78a,2,5,0x350035555e10d9afaf1566aaebfced5ba6c27777,0x1d91a6339f6c484ad9a29dac34d2403e8688a423,0x0b79d71ae99528d1db24a4148b5f4f865cc2b137,11836241439630430553,11.836241439630430553,false
2026-05-07T02:27:31Z,72933499,1778120520,2026-05-07T02:22:00Z,0x342db9a9bdefd5ca2be27029fb9742690c219722f1b232020f935c732485d78a,2,7,0x350035555e10d9afaf1566aaebfced5ba6c27777,0x0b79d71ae99528d1db24a4148b5f4f865cc2b137,0x116e7d070f1888b81e1e0324f56d6746b2d7d8f1,11836241439630430553,11.836241439630430553,false
2026-05-07T02:27:31Z,72933960,1778120705,2026-05-07T02:25:05Z,0xcf1141838ae46fd88fd8ce3650894a9e5fc3a46063f5ee3f9c22b9fbcecf03fe,3,29,0x350035555e10d9afaf1566aaebfced5ba6c27777,0x5e4be30aeccb0c4f9811eb3876d0271ea826eb67,0x003989cd92c31a51d8b20bdbd0c51e444f88d081,10000000000000000000000,10000,false
2026-05-07T02:27:31Z,72933960,1778120705,2026-05-07T02:25:05Z,0xcf1141838ae46fd88fd8ce3650894a9e5fc3a46063f5ee3f9c22b9fbcecf03fe,3,31,0x350035555e10d9afaf1566aaebfced5ba6c27777,0x003989cd92c31a51d8b20bdbd0c51e444f88d081,0x116e7d070f1888b81e1e0324f56d6746b2d7d8f1,10000000000000000000000,10000,false
