hour_utc,logs,txs,unique_addresses,total_chog,pool_in_chog,pool_out_chog,net_to_pools_chog,main_pool_in_chog,main_pool_out_chog,main_net_to_pool_chog,pool_related_logs
2026-05-06T15:00:00Z,25,14,19,389250.525827517383731902,104963.665864587994292378,31162.135836888712219661,73801.530027699278434739,104963.665864586597308517,31162.135836888712219661,73801.530027697881450877,11
2026-05-06T16:00:00Z,57,19,31,664816.975205296417698264,279417.568122077267616987,43091.093342487860354595,236326.474779589392710477,270413.538818764849565923,40974.572368444358289707,229438.966450320498552173,25
2026-05-06T17:00:00Z,62,30,27,1884141.721589109394699335,51612.940583652874920517,979793.457493030582554638,-928180.516909377649426460,51612.630583652877248824,965576.071926080156117678,-913963.441342427278868854,30
2026-05-06T18:00:00Z,13,8,14,171979.646325770911062136,78557.897761860425816849,0.000000000000000000,78557.897761860425816849,78557.841187860423815437,0.000000000000000000,78557.841187860423815437,6
2026-05-06T19:00:00Z,53,18,37,2317289.839108906686306000,708810.205826755496673286,18173.210137991296505788,690636.995688764145597816,691813.028326859814114869,17446.550974107060028473,674366.477352752699516714,21
2026-05-06T20:00:00Z,39,14,21,689118.179755800752900541,206521.836642239679349586,34730.495668984127405565,171791.340973255544668064,200779.580794286855962127,34232.614509518862178084,166546.966284767986508086,16
2026-05-06T21:00:00Z,73,35,42,11439928.233746930956840515,2232122.032599501777440310,6792355.964704224839806557,-4560233.932104723528027534,2183828.827823514584451914,6548141.414604867808520794,-4364312.586781352758407593,48
2026-05-06T22:00:00Z,83,31,42,2886110.588737754151225090,1557322.347582611022517085,261808.193652450689114630,1295514.153930160216987133,1494866.297430199803784490,260044.671607631200458854,1234821.625822568545117974,39
2026-05-06T23:00:00Z,65,27,33,662681.868490035180002451,86446.950625305704306811,245179.145908189384499565,-158732.195282883680192754,85258.301079283657600172,238501.298242328368360177,-153242.997163044696208090,30
2026-05-07T00:00:00Z,50,25,35,1851338.431804424617439508,251183.427844876423478127,648358.375770843937061727,-397174.947925967513583601,251124.941796442959457636,642435.791738615254871547,-391310.849942172295413911,21
2026-05-07T01:00:00Z,93,44,53,2316159.375921273138374090,232459.418905754631850868,1524512.388450951548293233,-1292052.969545196974650025,232088.679761457024142146,1471974.556842566234990954,-1239885.877081109210848808,52
2026-05-07T02:00:00Z,74,30,38,2389062.519984098616987467,584158.836628494784235954,197357.763442725146887824,386801.073185769608244300,575593.987219895352609456,176296.177187112480169162,399297.810032782843336463,34
