fetched_at_utc,rank_liquidity,chain_id,dex_id,labels,family_hint,pair_address,base_address,base_symbol,quote_address,quote_symbol,price_usd,liquidity_usd,volume_m5_usd,volume_h1_usd,volume_h6_usd,volume_h24_usd,m5_buys,m5_sells,h1_buys,h1_sells,h6_buys,h6_sells,h24_buys,h24_sells,pair_created_at,url
2026-05-09T01:45:08Z,1,monad,uniswap,v3,v3,0x659bD0BC4167BA25c62E05656F78043E7eD4a9da,0x3bd359C1119dA7Da1D913D1C4D2B7c461115433A,MON,0x754704Bc059F8C67012fEd69BC8A327a5aafb603,USDC,0.03427,1797632.54,0.0,35595.33,530843.24,2219847.79,0,0,18,43,394,298,1639,1521,,https://dexscreener.com/monad/0x659bd0bc4167ba25c62e05656f78043e7ed4a9da
2026-05-09T01:45:08Z,2,monad,pancakeswap,v3,v3,0x63e48B725540A3Db24ACF6682a29f877808C53F2,0x3bd359C1119dA7Da1D913D1C4D2B7c461115433A,MON,0x754704Bc059F8C67012fEd69BC8A327a5aafb603,USDC,0.03431,567277.15,6137.67,257000.92,1304465.84,6132113.36,4,13,268,268,1631,1471,7519,6738,1763952926000,https://dexscreener.com/monad/0x63e48b725540a3db24acf6682a29f877808c53f2
2026-05-09T01:45:08Z,3,monad,traderjoe,v2.2,v2,0x5AFD3EC861f6104af26e8755aBcc1f876de77620,0x3bd359C1119dA7Da1D913D1C4D2B7c461115433A,MON,0x754704Bc059F8C67012fEd69BC8A327a5aafb603,USDC,0.03433,90173.36,191.65,8288.39,149038.31,592468.46,0,4,106,121,903,768,3598,3341,1768410146000,https://dexscreener.com/monad/0x5afd3ec861f6104af26e8755abcc1f876de77620
2026-05-09T01:45:08Z,4,monad,traderjoe,v2.2,v2,0x5E60BC3F7a7303BC4dfE4dc2220bdC90bc04fE22,0x3bd359C1119dA7Da1D913D1C4D2B7c461115433A,MON,0x754704Bc059F8C67012fEd69BC8A327a5aafb603,USDC,0.03433,73142.87,91.32,5112.88,35262.88,174822.47,0,2,48,58,392,330,1581,1473,,https://dexscreener.com/monad/0x5e60bc3f7a7303bc4dfe4dc2220bdc90bc04fe22
2026-05-09T01:45:08Z,5,monad,uniswap,v3,v3,0xC33e9E441e6f4E74CdB34f878bE51189C9CB00D8,0x3bd359C1119dA7Da1D913D1C4D2B7c461115433A,MON,0x754704Bc059F8C67012fEd69BC8A327a5aafb603,USDC,0.03421,25343.4,0.0,68.35,1926.22,5849.18,0,0,1,0,40,16,127,65,1763403895000,https://dexscreener.com/monad/0xc33e9e441e6f4e74cdb34f878be51189c9cb00d8
2026-05-09T01:45:08Z,6,monad,pancakeswap,v3,v3,0xB9897986847472Cd08B9A0E7BCd31EA4F1322361,0x3bd359C1119dA7Da1D913D1C4D2B7c461115433A,MON,0x754704Bc059F8C67012fEd69BC8A327a5aafb603,USDC,0.03421,25104.44,0.0,46.06,1075.86,3221.73,0,0,1,0,32,15,110,54,1763990384000,https://dexscreener.com/monad/0xb9897986847472cd08b9a0e7bcd31ea4f1322361
2026-05-09T01:45:08Z,7,monad,pancakeswap,v3,v3,0x85717A98d195c9306BBf7c9523Ba71F044Fea0f7,0x3bd359C1119dA7Da1D913D1C4D2B7c461115433A,MON,0x754704Bc059F8C67012fEd69BC8A327a5aafb603,USDC,0.03429,13164.76,0.0,361.78,7508.22,37746.91,0,0,5,11,120,95,483,430,,https://dexscreener.com/monad/0x85717a98d195c9306bbf7c9523ba71f044fea0f7
2026-05-09T01:45:08Z,8,monad,nad-fun,,unknown,0x878750488F613e043D016F99913e639E58BC1e52,0x3bd359C1119dA7Da1D913D1C4D2B7c461115433A,MON,0x754704Bc059F8C67012fEd69BC8A327a5aafb603,USDC,0.03430,11284.85,0.0,32.47,832.41,3578.49,0,0,1,3,52,33,206,163,1763927101000,https://dexscreener.com/monad/0x878750488f613e043d016f99913e639e58bc1e52
2026-05-09T01:45:08Z,9,monad,monday-trade,,unknown,0x8f889BA499C0A176Fb8F233D9D35b1c132eB868C,0x3bd359C1119dA7Da1D913D1C4D2B7c461115433A,MON,0x754704Bc059F8C67012fEd69BC8A327a5aafb603,USDC,0.03432,8243.5,0.0,39.76,293.06,2185.12,0,0,7,9,51,42,225,198,1763740968000,https://dexscreener.com/monad/0x8f889ba499c0a176fb8f233d9d35b1c132eb868c
2026-05-09T01:45:08Z,10,monad,atlantis-dex,,unknown,0x4538053Fc57d72eb70c6f822A3275531760BC7FD,0x3bd359C1119dA7Da1D913D1C4D2B7c461115433A,MON,0x754704Bc059F8C67012fEd69BC8A327a5aafb603,USDC,0.03432,5506.18,0.0,91.2,1390.16,14722.81,0,0,8,9,97,92,681,642,,https://dexscreener.com/monad/0x4538053fc57d72eb70c6f822a3275531760bc7fd
2026-05-09T01:45:08Z,11,monad,monday-trade,,unknown,0x0A439A3a809Dcfa8565625839f74368b0e7D0e3c,0x3bd359C1119dA7Da1D913D1C4D2B7c461115433A,MON,0x754704Bc059F8C67012fEd69BC8A327a5aafb603,USDC,0.03432,3686.85,0.0,24.47,269.5,1133.19,0,0,1,2,35,17,135,101,1764054738000,https://dexscreener.com/monad/0x0a439a3a809dcfa8565625839f74368b0e7d0e3c
2026-05-09T01:45:08Z,12,monad,0x4f74BfEe1E0A734D46d556d156fAE2F24dfC2a70,,unknown,0xf42cE6e1060a7212EaFc8a36baE50A45F32116Ac,0x3bd359C1119dA7Da1D913D1C4D2B7c461115433A,MON,0x754704Bc059F8C67012fEd69BC8A327a5aafb603,USDC,0.03427,3302.72,0.0,2.7,67.35,312.68,0,0,0,1,15,9,64,51,1777477558000,https://dexscreener.com/monad/0xf42ce6e1060a7212eafc8a36bae50a45f32116ac
2026-05-09T01:45:08Z,13,monad,traderjoe,v2.2,v2,0xF4443D36ECB9F3Ef06EAE9B26706AaF591ade5cE,0x3bd359C1119dA7Da1D913D1C4D2B7c461115433A,MON,0x754704Bc059F8C67012fEd69BC8A327a5aafb603,USDC,0.03390,2283.84,0.0,0.0,12.8,43.11,0,0,0,0,5,3,36,22,,https://dexscreener.com/monad/0xf4443d36ecb9f3ef06eae9b26706aaf591ade5ce
2026-05-09T01:45:08Z,14,monad,pinot,,unknown,0x998B563B214f158FcE042Ca82a8D441343F507d6,0x3bd359C1119dA7Da1D913D1C4D2B7c461115433A,MON,0x754704Bc059F8C67012fEd69BC8A327a5aafb603,USDC,0.03418,1574.25,0.0,2.96,21.68,67.32,0,0,2,0,10,3,26,14,1763908527000,https://dexscreener.com/monad/0x998b563b214f158fce042ca82a8d441343f507d6
2026-05-09T01:45:08Z,15,monad,0xAfE4d3eB898591ACe6285176b26f0F5BEb894447,,unknown,0x8e0344626815aAf9DF2c39605A4CBf55c0D91bED,0x3bd359C1119dA7Da1D913D1C4D2B7c461115433A,MON,0x754704Bc059F8C67012fEd69BC8A327a5aafb603,USDC,0.03435,1367.27,0.0,1.0,27.66,98.74,0,0,2,0,29,6,84,33,1763940544000,https://dexscreener.com/monad/0x8e0344626815aaf9df2c39605a4cbf55c0d91bed
2026-05-09T01:45:08Z,16,monad,noxa,v3,v3,0x29E3652cd6B55Bd108102f766b4A26CEF556dbb8,0x3bd359C1119dA7Da1D913D1C4D2B7c461115433A,MON,0x754704Bc059F8C67012fEd69BC8A327a5aafb603,USDC,0.03401,1203.06,0.0,0.0,3.64,18.59,0,0,0,0,5,1,18,6,1763915129000,https://dexscreener.com/monad/0x29e3652cd6b55bd108102f766b4a26cef556dbb8
2026-05-09T01:45:08Z,17,monad,traderjoe,v2.2,v2,0xE8434311626bDac9957AbE784162960A0D587848,0x3bd359C1119dA7Da1D913D1C4D2B7c461115433A,MON,0x754704Bc059F8C67012fEd69BC8A327a5aafb603,USDC,0.03412,1081.46,0.0,0.0,80.37,435.01,0,0,0,0,54,36,254,216,,https://dexscreener.com/monad/0xe8434311626bdac9957abe784162960a0d587848
2026-05-09T01:45:08Z,18,monad,uniswap,v2,v2,0x3fE12728ea1B89E4Bac6e59A9130b61A27D032F8,0x3bd359C1119dA7Da1D913D1C4D2B7c461115433A,MON,0x754704Bc059F8C67012fEd69BC8A327a5aafb603,USDC,0.03436,471.94,0.0,0.37,7.61,28.58,0,0,1,0,14,3,39,24,,https://dexscreener.com/monad/0x3fe12728ea1b89e4bac6e59a9130b61a27d032f8
2026-05-09T01:45:08Z,19,monad,noxa,v3,v3,0xDbd31DCdaC178c03bBF180159686b6B1C5b56d5B,0x3bd359C1119dA7Da1D913D1C4D2B7c461115433A,MON,0x754704Bc059F8C67012fEd69BC8A327a5aafb603,USDC,0.03432,451.76,0.0,4.84,56.84,217.94,0,0,1,1,17,8,57,42,1763991356000,https://dexscreener.com/monad/0xdbd31dcdac178c03bbf180159686b6b1c5b56d5b
2026-05-09T01:45:08Z,20,monad,pinot,,unknown,0xf8A78D884B9dfF75C0A963aEA2B04D7742aBbF05,0x3bd359C1119dA7Da1D913D1C4D2B7c461115433A,MON,0x754704Bc059F8C67012fEd69BC8A327a5aafb603,USDC,0.03431,299.38,0.0,0.0,5.57,24.03,0,0,0,0,9,4,29,21,1764002281000,https://dexscreener.com/monad/0xf8a78d884b9dff75c0a963aea2b04d7742abbf05
2026-05-09T01:45:08Z,21,monad,pangolin,v3,v3,0x8CF74aE93A724Fba1143A1F6F0C6f1D05899Cf4d,0x3bd359C1119dA7Da1D913D1C4D2B7c461115433A,MON,0x754704Bc059F8C67012fEd69BC8A327a5aafb603,USDC,0.03429,253.83,0.0,1.78,6.75,28.87,0,0,2,2,9,6,36,25,1764027912000,https://dexscreener.com/monad/0x8cf74ae93a724fba1143a1f6f0c6f1d05899cf4d
2026-05-09T01:45:08Z,22,monad,traderjoe,v1,unknown,0x5B84A296dB69bdf2a12e3D701Fd53EC50b7f2fFA,0x3bd359C1119dA7Da1D913D1C4D2B7c461115433A,MON,0x754704Bc059F8C67012fEd69BC8A327a5aafb603,USDC,0.03435,175.99,0.0,0.28,2.97,9.62,0,0,1,2,7,5,23,18,1763814066000,https://dexscreener.com/monad/0x5b84a296db69bdf2a12e3d701fd53ec50b7f2ffa
2026-05-09T01:45:08Z,23,monad,octoswap,,unknown,0xD5A8564F1E4e450706C742c954a1cBDaEE602D62,0x3bd359C1119dA7Da1D913D1C4D2B7c461115433A,MON,0x754704Bc059F8C67012fEd69BC8A327a5aafb603,USDC,0.03428,153.14,0.0,0.0,2.34,9.51,0,0,0,0,6,2,22,17,,https://dexscreener.com/monad/0xd5a8564f1e4e450706c742c954a1cbdaee602d62
2026-05-09T01:45:08Z,24,monad,noxa,v3,v3,0xf95185Ee345D154F81DF358C14eF51de8bB556ec,0x3bd359C1119dA7Da1D913D1C4D2B7c461115433A,MON,0x754704Bc059F8C67012fEd69BC8A327a5aafb603,USDC,0.03422,128.98,0.0,0.58,14.74,32.01,0,0,0,1,15,10,31,24,1764000433000,https://dexscreener.com/monad/0xf95185ee345d154f81df358c14ef51de8bb556ec
2026-05-09T01:45:08Z,25,monad,octoswap,,unknown,0x3Ca97Af5C2420573B40e38393802D3299e9A9Bf6,0x3bd359C1119dA7Da1D913D1C4D2B7c461115433A,MON,0x754704Bc059F8C67012fEd69BC8A327a5aafb603,USDC,0.03426,109.26,0.0,1.06,11.65,44.44,0,0,1,2,14,11,49,43,1763990840000,https://dexscreener.com/monad/0x3ca97af5c2420573b40e38393802d3299e9a9bf6
2026-05-09T01:45:08Z,26,monad,zkswap,v3,v3,0xFDE0d047636Ec1D6B2EdB60DAC6E17546bB98C92,0x3bd359C1119dA7Da1D913D1C4D2B7c461115433A,MON,0x754704Bc059F8C67012fEd69BC8A327a5aafb603,USDC,0.03418,93.96,0.0,0.0,1.43,4.98,0,0,0,0,4,2,16,9,1763983881000,https://dexscreener.com/monad/0xfde0d047636ec1d6b2edb60dac6e17546bb98c92
2026-05-09T01:45:08Z,27,monad,dyorswap,,unknown,0xBE8345287c5bA716941f50A80020911AC2e07c68,0x3bd359C1119dA7Da1D913D1C4D2B7c461115433A,MON,0x754704Bc059F8C67012fEd69BC8A327a5aafb603,USDC,0.03415,82.25,0.0,0.0,0.81,2.84,0,0,0,0,3,2,11,6,1763897571000,https://dexscreener.com/monad/0xbe8345287c5ba716941f50a80020911ac2e07c68
