"old_path","new_path","category","status","reason"
"docs/markets/ccusdt/v1-barrier-sweep.md","docs/markets/ccusdt/system/v1-barrier-sweep.md","system","reference","system, replay workbench, or operating documentation"
"docs/markets/ccusdt/v1-current-tfi-strategy-handoff-20260518.md","docs/markets/ccusdt/current/v1-current-tfi-strategy-handoff-20260518.md","current","active","current CCUSDT TFI/replay baseline or first-read anchor"
"docs/markets/ccusdt/v1-factor-method-sweep.md","docs/markets/ccusdt/research/factors/v1-factor-method-sweep.md","research/factors","reference","factor, TFI, LOB, entry-quality, panel, or pretrade research"
"docs/markets/ccusdt/v1-fixed-event-orderbook-factors-oos-day20260516.md","docs/markets/ccusdt/research/factors/v1-fixed-event-orderbook-factors-oos-day20260516.md","research/factors","reference","factor, TFI, LOB, entry-quality, panel, or pretrade research"
"docs/markets/ccusdt/v1-fixed-event-orderbook-factors-oos-day20260517.md","docs/markets/ccusdt/research/factors/v1-fixed-event-orderbook-factors-oos-day20260517.md","research/factors","reference","factor, TFI, LOB, entry-quality, panel, or pretrade research"
"docs/markets/ccusdt/v1-fixed-event-orderbook-factors-oos-day20260518.md","docs/markets/ccusdt/research/factors/v1-fixed-event-orderbook-factors-oos-day20260518.md","research/factors","reference","factor, TFI, LOB, entry-quality, panel, or pretrade research"
"docs/markets/ccusdt/v1-fixed-event-orderbook-factors-v3.md","docs/markets/ccusdt/research/factors/v1-fixed-event-orderbook-factors-v3.md","research/factors","reference","factor, TFI, LOB, entry-quality, panel, or pretrade research"
"docs/markets/ccusdt/v1-lob-stylized-factors-20260518_ccusdt_v1_lob_stylized_factors_v1.md","docs/markets/ccusdt/research/factors/v1-lob-stylized-factors-20260518_ccusdt_v1_lob_stylized_factors_v1.md","research/factors","reference","factor, TFI, LOB, entry-quality, panel, or pretrade research"
"docs/markets/ccusdt/v1-replay-workbench.md","docs/markets/ccusdt/system/v1-replay-workbench.md","system","reference","system, replay workbench, or operating documentation"
"docs/markets/ccusdt/v1-signal-path-math.md","docs/markets/ccusdt/research/strategy/v1-signal-path-math.md","research/strategy","reference","strategy, capacity, path, watcher, conditional wait, or exit timing research"
"docs/markets/ccusdt/v1-strategy-research.md","docs/markets/ccusdt/research/strategy/v1-strategy-research.md","research/strategy","reference","strategy, capacity, path, watcher, conditional wait, or exit timing research"
"docs/markets/ccusdt/v1-tail-stop-deep-dive.md","docs/markets/ccusdt/research/strategy/v1-tail-stop-deep-dive.md","research/strategy","reference","strategy, capacity, path, watcher, conditional wait, or exit timing research"
"docs/markets/ccusdt/v1-tfi-0509-high-chop-deep-dive-20260518_ccusdt_v1_tfi_0509_high_chop_deep_dive_v1.md","docs/markets/ccusdt/research/strategy/v1-tfi-0509-high-chop-deep-dive-20260518_ccusdt_v1_tfi_0509_high_chop_deep_dive_v1.md","research/strategy","reference","strategy, capacity, path, watcher, conditional wait, or exit timing research"
"docs/markets/ccusdt/v1-tfi-2583437-path-deep-dive-20260519.md","docs/markets/ccusdt/research/strategy/v1-tfi-2583437-path-deep-dive-20260519.md","research/strategy","reference","strategy, capacity, path, watcher, conditional wait, or exit timing research"
"docs/markets/ccusdt/v1-tfi-capacity-manager-20260519_ccusdt_v1_tfi_capacity_manager_lev3_v1.md","docs/markets/ccusdt/current/v1-tfi-capacity-manager-20260519_ccusdt_v1_tfi_capacity_manager_lev3_v1.md","current","active","current CCUSDT TFI/replay baseline or first-read anchor"
"docs/markets/ccusdt/v1-tfi-conditional-wait-exit-opportunity-20260522.md","docs/markets/ccusdt/research/strategy/v1-tfi-conditional-wait-exit-opportunity-20260522.md","research/strategy","reference","strategy, capacity, path, watcher, conditional wait, or exit timing research"
"docs/markets/ccusdt/v1-tfi-core-quantity-estimation-20260518_ccusdt_v1_tfi_core_quantity_estimation_v1.md","docs/markets/ccusdt/research/factors/v1-tfi-core-quantity-estimation-20260518_ccusdt_v1_tfi_core_quantity_estimation_v1.md","research/factors","reference","factor, TFI, LOB, entry-quality, panel, or pretrade research"
"docs/markets/ccusdt/v1-tfi-current-research-map-20260519.md","docs/markets/ccusdt/current/v1-tfi-current-research-map-20260519.md","current","active","current CCUSDT TFI/replay baseline or first-read anchor"
"docs/markets/ccusdt/v1-tfi-current-strategy-oos-day20260518-20260519_ccusdt_v1_tfi_current_strategy_oos_day20260518_v1.md","docs/markets/ccusdt/current/v1-tfi-current-strategy-oos-day20260518-20260519_ccusdt_v1_tfi_current_strategy_oos_day20260518_v1.md","current","active","current CCUSDT TFI/replay baseline or first-read anchor"
"docs/markets/ccusdt/v1-tfi-day-fe-gate-test-20260518_ccusdt_v1_tfi_day_fe_gate_test_v1.md","docs/markets/ccusdt/research/factors/v1-tfi-day-fe-gate-test-20260518_ccusdt_v1_tfi_day_fe_gate_test_v1.md","research/factors","reference","factor, TFI, LOB, entry-quality, panel, or pretrade research"
"docs/markets/ccusdt/v1-tfi-entry-estimation-20260518_ccusdt_v1_tfi_entry_estimation_v1.md","docs/markets/ccusdt/research/factors/v1-tfi-entry-estimation-20260518_ccusdt_v1_tfi_entry_estimation_v1.md","research/factors","reference","factor, TFI, LOB, entry-quality, panel, or pretrade research"
"docs/markets/ccusdt/v1-tfi-exit-controller-v1-completion-audit-20260524.md","docs/markets/ccusdt/research/strategy/v1-tfi-exit-controller-v1-completion-audit-20260524.md","research/strategy","reference","strategy, capacity, path, watcher, conditional wait, or exit timing research"
"docs/markets/ccusdt/v1-tfi-exit-controller-v1-conditional-wait-20260522.md","docs/markets/ccusdt/research/strategy/v1-tfi-exit-controller-v1-conditional-wait-20260522.md","research/strategy","reference","strategy, capacity, path, watcher, conditional wait, or exit timing research"
"docs/markets/ccusdt/v1-tfi-exit-controller-v1-conditional-wait-m010-20260522.md","docs/markets/ccusdt/research/strategy/v1-tfi-exit-controller-v1-conditional-wait-m010-20260522.md","research/strategy","reference","strategy, capacity, path, watcher, conditional wait, or exit timing research"
"docs/markets/ccusdt/v1-tfi-exit-residual-pressure-diagnostic-20260524.md","docs/markets/ccusdt/research/strategy/v1-tfi-exit-residual-pressure-diagnostic-20260524.md","research/strategy","reference","strategy, capacity, path, watcher, conditional wait, or exit timing research"
"docs/markets/ccusdt/v1-tfi-exit-wait-value-decomposition-20260524.md","docs/markets/ccusdt/research/strategy/v1-tfi-exit-wait-value-decomposition-20260524.md","research/strategy","reference","strategy, capacity, path, watcher, conditional wait, or exit timing research"
"docs/markets/ccusdt/v1-tfi-exit-walkforward-20260518_ccusdt_v1_tfi_exit_walkforward_v1.md","docs/markets/ccusdt/research/strategy/v1-tfi-exit-walkforward-20260518_ccusdt_v1_tfi_exit_walkforward_v1.md","research/strategy","reference","strategy, capacity, path, watcher, conditional wait, or exit timing research"
"docs/markets/ccusdt/v1-tfi-factor-decomposition-20260518_ccusdt_v1_tfi_factor_decomp_v1.md","docs/markets/ccusdt/research/factors/v1-tfi-factor-decomposition-20260518_ccusdt_v1_tfi_factor_decomp_v1.md","research/factors","reference","factor, TFI, LOB, entry-quality, panel, or pretrade research"
"docs/markets/ccusdt/v1-tfi-interpretable-grid-pareto-20260518_ccusdt_v1_tfi_interpretable_grid_pareto_v1.md","docs/markets/ccusdt/archive/superseded/v1-tfi-interpretable-grid-pareto-20260518_ccusdt_v1_tfi_interpretable_grid_pareto_v1.md","archive/superseded","superseded","replaced by the current path-first, 3x capacity, or later watcher/profile line"
"docs/markets/ccusdt/v1-tfi-latent-state-panel-20260518_ccusdt_v1_tfi_latent_state_panel_v1.md","docs/markets/ccusdt/research/factors/v1-tfi-latent-state-panel-20260518_ccusdt_v1_tfi_latent_state_panel_v1.md","research/factors","reference","factor, TFI, LOB, entry-quality, panel, or pretrade research"
"docs/markets/ccusdt/v1-tfi-latent-state-taxonomy-20260518_ccusdt_v1_tfi_latent_state_taxonomy_v1.md","docs/markets/ccusdt/research/factors/v1-tfi-latent-state-taxonomy-20260518_ccusdt_v1_tfi_latent_state_taxonomy_v1.md","research/factors","reference","factor, TFI, LOB, entry-quality, panel, or pretrade research"
"docs/markets/ccusdt/v1-tfi-leverage-constrained-opt-20260519_ccusdt_v1_tfi_leverage_constrained_opt_v1.md","docs/markets/ccusdt/current/v1-tfi-leverage-constrained-opt-20260519_ccusdt_v1_tfi_leverage_constrained_opt_v1.md","current","active","current CCUSDT TFI/replay baseline or first-read anchor"
"docs/markets/ccusdt/v1-tfi-maker-exit-wait-vs-maker-20260522.md","docs/markets/ccusdt/research/execution/v1-tfi-maker-exit-wait-vs-maker-20260522.md","research/execution","reference","execution, maker/taker, fill realism, or L2/queue research"
"docs/markets/ccusdt/v1-tfi-maker-first-exit-completion-audit-20260522.md","docs/markets/ccusdt/research/execution/v1-tfi-maker-first-exit-completion-audit-20260522.md","research/execution","reference","execution, maker/taker, fill realism, or L2/queue research"
"docs/markets/ccusdt/v1-tfi-maker-first-exit-l2-queue-20260522.md","docs/markets/ccusdt/research/execution/v1-tfi-maker-first-exit-l2-queue-20260522.md","research/execution","reference","execution, maker/taker, fill realism, or L2/queue research"
"docs/markets/ccusdt/v1-tfi-maker-first-exit-opportunity-20260522.md","docs/markets/ccusdt/research/execution/v1-tfi-maker-first-exit-opportunity-20260522.md","research/execution","reference","execution, maker/taker, fill realism, or L2/queue research"
"docs/markets/ccusdt/v1-tfi-maker-first-exit-opportunity-warmup-20260522.md","docs/markets/ccusdt/research/execution/v1-tfi-maker-first-exit-opportunity-warmup-20260522.md","research/execution","reference","execution, maker/taker, fill realism, or L2/queue research"
"docs/markets/ccusdt/v1-tfi-maker-first-exit-policy-prototype-20260522.md","docs/markets/ccusdt/research/execution/v1-tfi-maker-first-exit-policy-prototype-20260522.md","research/execution","reference","execution, maker/taker, fill realism, or L2/queue research"
"docs/markets/ccusdt/v1-tfi-maker-first-exit-policy-prototype-minprior2-20260522.md","docs/markets/ccusdt/research/execution/v1-tfi-maker-first-exit-policy-prototype-minprior2-20260522.md","research/execution","reference","execution, maker/taker, fill realism, or L2/queue research"
"docs/markets/ccusdt/v1-tfi-maker-first-exit-policy-warmup-20260522.md","docs/markets/ccusdt/research/execution/v1-tfi-maker-first-exit-policy-warmup-20260522.md","research/execution","reference","execution, maker/taker, fill realism, or L2/queue research"
"docs/markets/ccusdt/v1-tfi-maker-first-exit-policy-warmup-strict-20260522.md","docs/markets/ccusdt/research/execution/v1-tfi-maker-first-exit-policy-warmup-strict-20260522.md","research/execution","reference","execution, maker/taker, fill realism, or L2/queue research"
"docs/markets/ccusdt/v1-tfi-momentum-conversion-first-principles-20260518_ccusdt_v1_tfi_momentum_conversion_math_v1.md","docs/markets/ccusdt/research/factors/v1-tfi-momentum-conversion-first-principles-20260518_ccusdt_v1_tfi_momentum_conversion_math_v1.md","research/factors","reference","factor, TFI, LOB, entry-quality, panel, or pretrade research"
"docs/markets/ccusdt/v1-tfi-mutual-entry-lift-20260518_ccusdt_v1_tfi_mutual_entry_lift_v1.md","docs/markets/ccusdt/archive/superseded/v1-tfi-mutual-entry-lift-20260518_ccusdt_v1_tfi_mutual_entry_lift_v1.md","archive/superseded","superseded","replaced by the current path-first, 3x capacity, or later watcher/profile line"
"docs/markets/ccusdt/v1-tfi-mutual-exclusion-20260518_ccusdt_v1_tfi_mutual_exclusion_v1.md","docs/markets/ccusdt/archive/superseded/v1-tfi-mutual-exclusion-20260518_ccusdt_v1_tfi_mutual_exclusion_v1.md","archive/superseded","superseded","replaced by the current path-first, 3x capacity, or later watcher/profile line"
"docs/markets/ccusdt/v1-tfi-mutual-exclusion-completion-audit-20260518.md","docs/markets/ccusdt/archive/superseded/v1-tfi-mutual-exclusion-completion-audit-20260518.md","archive/superseded","superseded","replaced by the current path-first, 3x capacity, or later watcher/profile line"
"docs/markets/ccusdt/v1-tfi-mutual-exclusion-interpretation-20260518.md","docs/markets/ccusdt/archive/superseded/v1-tfi-mutual-exclusion-interpretation-20260518.md","archive/superseded","superseded","replaced by the current path-first, 3x capacity, or later watcher/profile line"
"docs/markets/ccusdt/v1-tfi-mutual-strategy-opt-20260518_ccusdt_v1_tfi_mutual_strategy_opt_v1.md","docs/markets/ccusdt/archive/superseded/v1-tfi-mutual-strategy-opt-20260518_ccusdt_v1_tfi_mutual_strategy_opt_v1.md","archive/superseded","superseded","replaced by the current path-first, 3x capacity, or later watcher/profile line"
"docs/markets/ccusdt/v1-tfi-oos-decay-day20260516-20260518_ccusdt_v1_tfi_oos_decay_day20260516_v1.md","docs/markets/ccusdt/research/factors/v1-tfi-oos-decay-day20260516-20260518_ccusdt_v1_tfi_oos_decay_day20260516_v1.md","research/factors","reference","factor, TFI, LOB, entry-quality, panel, or pretrade research"
"docs/markets/ccusdt/v1-tfi-oos-decay-day20260517-20260518_ccusdt_v1_tfi_oos_decay_day20260517_v1.md","docs/markets/ccusdt/research/factors/v1-tfi-oos-decay-day20260517-20260518_ccusdt_v1_tfi_oos_decay_day20260517_v1.md","research/factors","reference","factor, TFI, LOB, entry-quality, panel, or pretrade research"
"docs/markets/ccusdt/v1-tfi-oos-decay-day20260518-20260519_ccusdt_v1_tfi_oos_decay_day20260518_v1.md","docs/markets/ccusdt/research/factors/v1-tfi-oos-decay-day20260518-20260519_ccusdt_v1_tfi_oos_decay_day20260518_v1.md","research/factors","reference","factor, TFI, LOB, entry-quality, panel, or pretrade research"
"docs/markets/ccusdt/v1-tfi-path-casebook-20260519_ccusdt_v1_tfi_path_casebook_v1.md","docs/markets/ccusdt/research/strategy/v1-tfi-path-casebook-20260519_ccusdt_v1_tfi_path_casebook_v1.md","research/strategy","reference","strategy, capacity, path, watcher, conditional wait, or exit timing research"
"docs/markets/ccusdt/v1-tfi-post-exit-retrigger-diagnostic-20260519_ccusdt_v1_tfi_post_exit_retrigger_v1.md","docs/markets/ccusdt/research/strategy/v1-tfi-post-exit-retrigger-diagnostic-20260519_ccusdt_v1_tfi_post_exit_retrigger_v1.md","research/strategy","reference","strategy, capacity, path, watcher, conditional wait, or exit timing research"
"docs/markets/ccusdt/v1-tfi-post-exit-watcher-20260519_ccusdt_v1_tfi_post_exit_watcher_v1.md","docs/markets/ccusdt/current/v1-tfi-post-exit-watcher-20260519_ccusdt_v1_tfi_post_exit_watcher_v1.md","current","active","current CCUSDT TFI/replay baseline or first-read anchor"
"docs/markets/ccusdt/v1-tfi-pretrade-identification-20260518_ccusdt_v1_tfi_pretrade_identification_v1.md","docs/markets/ccusdt/research/factors/v1-tfi-pretrade-identification-20260518_ccusdt_v1_tfi_pretrade_identification_v1.md","research/factors","reference","factor, TFI, LOB, entry-quality, panel, or pretrade research"
"docs/markets/ccusdt/v1-tfi-pretrade-identification-20260519_ccusdt_v1_tfi_pretrade_identification_zero_fee_oos_day20260518_v1.md","docs/markets/ccusdt/research/factors/v1-tfi-pretrade-identification-20260519_ccusdt_v1_tfi_pretrade_identification_zero_fee_oos_day20260518_v1.md","research/factors","reference","factor, TFI, LOB, entry-quality, panel, or pretrade research"
"docs/markets/ccusdt/v1-tfi-pretrade-identification-20260519_ccusdt_v1_tfi_pretrade_identification_zero_fee_v1.md","docs/markets/ccusdt/research/factors/v1-tfi-pretrade-identification-20260519_ccusdt_v1_tfi_pretrade_identification_zero_fee_v1.md","research/factors","reference","factor, TFI, LOB, entry-quality, panel, or pretrade research"
"docs/markets/ccusdt/v1-tfi-price-trailing-param-research-20260519_ccusdt_v1_tfi_price_trailing_param_v1.md","docs/markets/ccusdt/research/strategy/v1-tfi-price-trailing-param-research-20260519_ccusdt_v1_tfi_price_trailing_param_v1.md","research/strategy","reference","strategy, capacity, path, watcher, conditional wait, or exit timing research"
"docs/markets/ccusdt/v1-tfi-release-decay-factor-analysis-20260518_ccusdt_v1_tfi_release_decay_factor_v1.md","docs/markets/ccusdt/research/factors/v1-tfi-release-decay-factor-analysis-20260518_ccusdt_v1_tfi_release_decay_factor_v1.md","research/factors","reference","factor, TFI, LOB, entry-quality, panel, or pretrade research"
"docs/markets/ccusdt/v1-tfi-small-path-manager-20260519_ccusdt_v1_tfi_small_path_manager_v1.md","docs/markets/ccusdt/current/v1-tfi-small-path-manager-20260519_ccusdt_v1_tfi_small_path_manager_v1.md","current","active","current CCUSDT TFI/replay baseline or first-read anchor"
"docs/markets/ccusdt/v1-tfi-strategy-sizing-opt-20260518_ccusdt_v1_tfi_strategy_sizing_opt_v2.md","docs/markets/ccusdt/archive/superseded/v1-tfi-strategy-sizing-opt-20260518_ccusdt_v1_tfi_strategy_sizing_opt_v2.md","archive/superseded","superseded","replaced by the current path-first, 3x capacity, or later watcher/profile line"
"docs/markets/ccusdt/v1-tfi-strategy-sizing-opt-20260519_ccusdt_v1_tfi_strategy_sizing_zero_fee_4quad_lev7_v1.md","docs/markets/ccusdt/research/strategy/v1-tfi-strategy-sizing-opt-20260519_ccusdt_v1_tfi_strategy_sizing_zero_fee_4quad_lev7_v1.md","research/strategy","reference","strategy, capacity, path, watcher, conditional wait, or exit timing research"
"docs/markets/ccusdt/v1-tfi-taker-exit-fixed-horizon-gap-diagnostic-20260522.md","docs/markets/ccusdt/research/execution/v1-tfi-taker-exit-fixed-horizon-gap-diagnostic-20260522.md","research/execution","reference","execution, maker/taker, fill realism, or L2/queue research"
"docs/markets/ccusdt/v1-tfi-taker-exit-runtime-safe-stopping-20260522.md","docs/markets/ccusdt/research/execution/v1-tfi-taker-exit-runtime-safe-stopping-20260522.md","research/execution","reference","execution, maker/taker, fill realism, or L2/queue research"
"docs/markets/ccusdt/v1-tfi-watcher-pareto-20260519_ccusdt_v1_tfi_watcher_pareto_4quad_lev3_v1.md","docs/markets/ccusdt/current/v1-tfi-watcher-pareto-20260519_ccusdt_v1_tfi_watcher_pareto_4quad_lev3_v1.md","current","active","current CCUSDT TFI/replay baseline or first-read anchor"
"docs/markets/ccusdt/v1-tfi-watcher-pareto-20260519_ccusdt_v1_tfi_watcher_pareto_4quad_v1.md","docs/markets/ccusdt/archive/superseded/v1-tfi-watcher-pareto-20260519_ccusdt_v1_tfi_watcher_pareto_4quad_v1.md","archive/superseded","superseded","replaced by the current path-first, 3x capacity, or later watcher/profile line"
"docs/markets/ccusdt/v1-tfi-watcher-pareto-20260519_ccusdt_v1_tfi_watcher_pareto_v1.md","docs/markets/ccusdt/archive/superseded/v1-tfi-watcher-pareto-20260519_ccusdt_v1_tfi_watcher_pareto_v1.md","archive/superseded","superseded","replaced by the current path-first, 3x capacity, or later watcher/profile line"
"docs/markets/ccusdt/v1-tfi-worst-day-frontier-20260518_ccusdt_v1_tfi_worst_day_frontier_v1.md","docs/markets/ccusdt/research/factors/v1-tfi-worst-day-frontier-20260518_ccusdt_v1_tfi_worst_day_frontier_v1.md","research/factors","reference","factor, TFI, LOB, entry-quality, panel, or pretrade research"
"docs/markets/ccusdt/v2-absorption-reversal-pivot-20260518_ccusdt_v2_absorption_reversal_btcusdc_v1.md","docs/markets/ccusdt/archive/no-go/v2-absorption-reversal-pivot-20260518_ccusdt_v2_absorption_reversal_btcusdc_v1.md","archive/no-go","no-go","v2 execution/universe branch is not the active CCUSDT path unless explicitly resumed"
"docs/markets/ccusdt/v2-absorption-reversal-pivot-20260518_ccusdt_v2_absorption_reversal_pivot_v1.md","docs/markets/ccusdt/archive/no-go/v2-absorption-reversal-pivot-20260518_ccusdt_v2_absorption_reversal_pivot_v1.md","archive/no-go","no-go","v2 execution/universe branch is not the active CCUSDT path unless explicitly resumed"
"docs/markets/ccusdt/v2-cross-market-lead-lag-20260518_ccusdt_v2_cross_market_lead_lag_btc_eth_sol_smoke_v1.md","docs/markets/ccusdt/archive/no-go/v2-cross-market-lead-lag-20260518_ccusdt_v2_cross_market_lead_lag_btc_eth_sol_smoke_v1.md","archive/no-go","no-go","v2 execution/universe branch is not the active CCUSDT path unless explicitly resumed"
"docs/markets/ccusdt/v2-cross-market-lead-lag-20260518_ccusdt_v2_cross_market_lead_lag_btc_smoke_v1.md","docs/markets/ccusdt/archive/no-go/v2-cross-market-lead-lag-20260518_ccusdt_v2_cross_market_lead_lag_btc_smoke_v1.md","archive/no-go","no-go","v2 execution/universe branch is not the active CCUSDT path unless explicitly resumed"
"docs/markets/ccusdt/v2-current-execution-no-go-handoff.md","docs/markets/ccusdt/archive/no-go/v2-current-execution-no-go-handoff.md","archive/no-go","no-go","v2 execution/universe branch is not the active CCUSDT path unless explicitly resumed"
"docs/markets/ccusdt/v2-executable-research-framework.md","docs/markets/ccusdt/archive/no-go/v2-executable-research-framework.md","archive/no-go","no-go","v2 execution/universe branch is not the active CCUSDT path unless explicitly resumed"
"docs/markets/ccusdt/v2-execution-failure-decomposition-20260518_ccusdt_v2_execution_failure_decomp_v1.md","docs/markets/ccusdt/archive/no-go/v2-execution-failure-decomposition-20260518_ccusdt_v2_execution_failure_decomp_v1.md","archive/no-go","no-go","v2 execution/universe branch is not the active CCUSDT path unless explicitly resumed"
"docs/markets/ccusdt/v2-external-acquisition-plan-20260518_ccusdt_v2_external_acquisition_plan_v1.md","docs/markets/ccusdt/archive/no-go/v2-external-acquisition-plan-20260518_ccusdt_v2_external_acquisition_plan_v1.md","archive/no-go","no-go","v2 execution/universe branch is not the active CCUSDT path unless explicitly resumed"
"docs/markets/ccusdt/v2-external-venue-inventory-20260518_ccusdt_v2_external_venue_inventory_v1.md","docs/markets/ccusdt/archive/no-go/v2-external-venue-inventory-20260518_ccusdt_v2_external_venue_inventory_v1.md","archive/no-go","no-go","v2 execution/universe branch is not the active CCUSDT path unless explicitly resumed"
"docs/markets/ccusdt/v2-fill-realism-20260518_ccusdt_v2_fill_realism_v1.md","docs/markets/ccusdt/archive/no-go/v2-fill-realism-20260518_ccusdt_v2_fill_realism_v1.md","archive/no-go","no-go","v2 execution/universe branch is not the active CCUSDT path unless explicitly resumed"
"docs/markets/ccusdt/v2-framework-run-20260518_ccusdt_v2_framework_v1.md","docs/markets/ccusdt/archive/no-go/v2-framework-run-20260518_ccusdt_v2_framework_v1.md","archive/no-go","no-go","v2 execution/universe branch is not the active CCUSDT path unless explicitly resumed"
"docs/markets/ccusdt/v2-goal-completion-audit-20260518_ccusdt_v2_fill_repair_audit_all_practical_v1.md","docs/markets/ccusdt/archive/no-go/v2-goal-completion-audit-20260518_ccusdt_v2_fill_repair_audit_all_practical_v1.md","archive/no-go","no-go","v2 execution/universe branch is not the active CCUSDT path unless explicitly resumed"
"docs/markets/ccusdt/v2-goal-completion-audit-20260518_ccusdt_v2_fill_repair_audit_v1.md","docs/markets/ccusdt/archive/no-go/v2-goal-completion-audit-20260518_ccusdt_v2_fill_repair_audit_v1.md","archive/no-go","no-go","v2 execution/universe branch is not the active CCUSDT path unless explicitly resumed"
"docs/markets/ccusdt/v2-goal-completion-audit-20260518_ccusdt_v2_goal_completion_audit_absorption_reversal_v1.md","docs/markets/ccusdt/archive/no-go/v2-goal-completion-audit-20260518_ccusdt_v2_goal_completion_audit_absorption_reversal_v1.md","archive/no-go","no-go","v2 execution/universe branch is not the active CCUSDT path unless explicitly resumed"
"docs/markets/ccusdt/v2-goal-completion-audit-20260518_ccusdt_v2_goal_completion_audit_oos_day20260517_probe_v1.md","docs/markets/ccusdt/archive/no-go/v2-goal-completion-audit-20260518_ccusdt_v2_goal_completion_audit_oos_day20260517_probe_v1.md","archive/no-go","no-go","v2 execution/universe branch is not the active CCUSDT path unless explicitly resumed"
"docs/markets/ccusdt/v2-goal-completion-audit-20260518_ccusdt_v2_goal_completion_audit_universe_continuation_v1.md","docs/markets/ccusdt/archive/no-go/v2-goal-completion-audit-20260518_ccusdt_v2_goal_completion_audit_universe_continuation_v1.md","archive/no-go","no-go","v2 execution/universe branch is not the active CCUSDT path unless explicitly resumed"
"docs/markets/ccusdt/v2-l2-queue-fill-20260518_ccusdt_v2_l2_queue_fill_all_practical_v1.md","docs/markets/ccusdt/archive/no-go/v2-l2-queue-fill-20260518_ccusdt_v2_l2_queue_fill_all_practical_v1.md","archive/no-go","no-go","v2 execution/universe branch is not the active CCUSDT path unless explicitly resumed"
"docs/markets/ccusdt/v2-l2-queue-fill-20260518_ccusdt_v2_l2_queue_fill_v1.md","docs/markets/ccusdt/archive/no-go/v2-l2-queue-fill-20260518_ccusdt_v2_l2_queue_fill_v1.md","archive/no-go","no-go","v2 execution/universe branch is not the active CCUSDT path unless explicitly resumed"
"docs/markets/ccusdt/v2-liquidity-envelope-audit-20260518_ccusdt_v2_liquidity_envelope_audit_v1.md","docs/markets/ccusdt/archive/no-go/v2-liquidity-envelope-audit-20260518_ccusdt_v2_liquidity_envelope_audit_v1.md","archive/no-go","no-go","v2 execution/universe branch is not the active CCUSDT path unless explicitly resumed"
"docs/markets/ccusdt/v2-liquidity-envelope-audit-20260518_ccusdt_v2_oos_day20260516_liquidity_envelope_target10_v1.md","docs/markets/ccusdt/archive/no-go/v2-liquidity-envelope-audit-20260518_ccusdt_v2_oos_day20260516_liquidity_envelope_target10_v1.md","archive/no-go","no-go","v2 execution/universe branch is not the active CCUSDT path unless explicitly resumed"
"docs/markets/ccusdt/v2-liquidity-envelope-audit-20260518_ccusdt_v2_oos_day20260516_liquidity_envelope_v1.md","docs/markets/ccusdt/archive/no-go/v2-liquidity-envelope-audit-20260518_ccusdt_v2_oos_day20260516_liquidity_envelope_v1.md","archive/no-go","no-go","v2 execution/universe branch is not the active CCUSDT path unless explicitly resumed"
"docs/markets/ccusdt/v2-local-universe-inventory-20260518_ccusdt_v2_local_universe_inventory_after_oos_v1.md","docs/markets/ccusdt/archive/no-go/v2-local-universe-inventory-20260518_ccusdt_v2_local_universe_inventory_after_oos_v1.md","archive/no-go","no-go","v2 execution/universe branch is not the active CCUSDT path unless explicitly resumed"
"docs/markets/ccusdt/v2-local-universe-inventory-20260518_ccusdt_v2_local_universe_inventory_after_small_tier_v1.md","docs/markets/ccusdt/archive/no-go/v2-local-universe-inventory-20260518_ccusdt_v2_local_universe_inventory_after_small_tier_v1.md","archive/no-go","no-go","v2 execution/universe branch is not the active CCUSDT path unless explicitly resumed"
"docs/markets/ccusdt/v2-local-universe-inventory-20260518_ccusdt_v2_local_universe_inventory_current_v1.md","docs/markets/ccusdt/archive/no-go/v2-local-universe-inventory-20260518_ccusdt_v2_local_universe_inventory_current_v1.md","archive/no-go","no-go","v2 execution/universe branch is not the active CCUSDT path unless explicitly resumed"
"docs/markets/ccusdt/v2-local-universe-inventory-20260518_ccusdt_v2_local_universe_inventory_v1.md","docs/markets/ccusdt/archive/no-go/v2-local-universe-inventory-20260518_ccusdt_v2_local_universe_inventory_v1.md","archive/no-go","no-go","v2 execution/universe branch is not the active CCUSDT path unless explicitly resumed"
"docs/markets/ccusdt/v2-queue-release-pivot-20260518_ccusdt_v2_queue_release_pivot_btcusdc_tob_fast_v1.md","docs/markets/ccusdt/archive/no-go/v2-queue-release-pivot-20260518_ccusdt_v2_queue_release_pivot_btcusdc_tob_fast_v1.md","archive/no-go","no-go","v2 execution/universe branch is not the active CCUSDT path unless explicitly resumed"
"docs/markets/ccusdt/v2-queue-release-pivot-20260518_ccusdt_v2_queue_release_pivot_fast_v1.md","docs/markets/ccusdt/archive/no-go/v2-queue-release-pivot-20260518_ccusdt_v2_queue_release_pivot_fast_v1.md","archive/no-go","no-go","v2 execution/universe branch is not the active CCUSDT path unless explicitly resumed"
"docs/markets/ccusdt/v2-stop-pivot-gate-20260518_ccusdt_v2_stop_pivot_gate_absorption_reversal_v1.md","docs/markets/ccusdt/archive/no-go/v2-stop-pivot-gate-20260518_ccusdt_v2_stop_pivot_gate_absorption_reversal_v1.md","archive/no-go","no-go","v2 execution/universe branch is not the active CCUSDT path unless explicitly resumed"
"docs/markets/ccusdt/v2-stop-pivot-gate-20260518_ccusdt_v2_stop_pivot_gate_oos_day20260517_probe_v1.md","docs/markets/ccusdt/archive/no-go/v2-stop-pivot-gate-20260518_ccusdt_v2_stop_pivot_gate_oos_day20260517_probe_v1.md","archive/no-go","no-go","v2 execution/universe branch is not the active CCUSDT path unless explicitly resumed"
"docs/markets/ccusdt/v2-stop-pivot-gate-20260518_ccusdt_v2_stop_pivot_gate_v1.md","docs/markets/ccusdt/archive/no-go/v2-stop-pivot-gate-20260518_ccusdt_v2_stop_pivot_gate_v1.md","archive/no-go","no-go","v2 execution/universe branch is not the active CCUSDT path unless explicitly resumed"
"docs/markets/ccusdt/v2-structural-pivot-proposals-20260518.md","docs/markets/ccusdt/archive/no-go/v2-structural-pivot-proposals-20260518.md","archive/no-go","no-go","v2 execution/universe branch is not the active CCUSDT path unless explicitly resumed"
"docs/markets/ccusdt/v2-taker-fallback-audit-20260518_ccusdt_v2_taker_fallback_audit_v1.md","docs/markets/ccusdt/archive/no-go/v2-taker-fallback-audit-20260518_ccusdt_v2_taker_fallback_audit_v1.md","archive/no-go","no-go","v2 execution/universe branch is not the active CCUSDT path unless explicitly resumed"
"docs/markets/ccusdt/v2-tardis-external-metadata-probe-20260518_ccusdt_v2_tardis_external_metadata_probe_v1.md","docs/markets/ccusdt/archive/no-go/v2-tardis-external-metadata-probe-20260518_ccusdt_v2_tardis_external_metadata_probe_v1.md","archive/no-go","no-go","v2 execution/universe branch is not the active CCUSDT path unless explicitly resumed"
"docs/markets/ccusdt/v2-tob-factor-decomposition-20260518_ccusdt_v2_tob_factor_decomp_btcusdc_smoke_v1.md","docs/markets/ccusdt/archive/no-go/v2-tob-factor-decomposition-20260518_ccusdt_v2_tob_factor_decomp_btcusdc_smoke_v1.md","archive/no-go","no-go","v2 execution/universe branch is not the active CCUSDT path unless explicitly resumed"
"docs/markets/ccusdt/v2-tob-factor-framework-20260518_ccusdt_v2_tob_factor_framework_btcusdc_smoke_v1.md","docs/markets/ccusdt/archive/no-go/v2-tob-factor-framework-20260518_ccusdt_v2_tob_factor_framework_btcusdc_smoke_v1.md","archive/no-go","no-go","v2 execution/universe branch is not the active CCUSDT path unless explicitly resumed"
"docs/markets/ccusdt/v2-universe-envelope-continuation-20260518.md","docs/markets/ccusdt/archive/no-go/v2-universe-envelope-continuation-20260518.md","archive/no-go","no-go","v2 execution/universe branch is not the active CCUSDT path unless explicitly resumed"
"docs/markets/ccusdt/v2-universe-liquidity-envelope-20260518_ccusdt_v2_oos_day20260516_envelope_target10_v1.md","docs/markets/ccusdt/archive/no-go/v2-universe-liquidity-envelope-20260518_ccusdt_v2_oos_day20260516_envelope_target10_v1.md","archive/no-go","no-go","v2 execution/universe branch is not the active CCUSDT path unless explicitly resumed"
"docs/markets/ccusdt/v2-universe-liquidity-envelope-20260518_ccusdt_v2_oos_day20260516_envelope_target5_v1.md","docs/markets/ccusdt/archive/no-go/v2-universe-liquidity-envelope-20260518_ccusdt_v2_oos_day20260516_envelope_target5_v1.md","archive/no-go","no-go","v2 execution/universe branch is not the active CCUSDT path unless explicitly resumed"
"docs/markets/ccusdt/v2-universe-liquidity-envelope-20260518_ccusdt_v2_oos_day20260516_envelope_v1.md","docs/markets/ccusdt/archive/no-go/v2-universe-liquidity-envelope-20260518_ccusdt_v2_oos_day20260516_envelope_v1.md","archive/no-go","no-go","v2 execution/universe branch is not the active CCUSDT path unless explicitly resumed"
"docs/markets/ccusdt/v2-universe-liquidity-envelope-20260518_ccusdt_v2_universe_liquidity_envelope_small_tier_v1.md","docs/markets/ccusdt/archive/no-go/v2-universe-liquidity-envelope-20260518_ccusdt_v2_universe_liquidity_envelope_small_tier_v1.md","archive/no-go","no-go","v2 execution/universe branch is not the active CCUSDT path unless explicitly resumed"
"docs/markets/ccusdt/v2-universe-liquidity-envelope-20260518_ccusdt_v2_universe_liquidity_envelope_tob_universe_target10_v1.md","docs/markets/ccusdt/archive/no-go/v2-universe-liquidity-envelope-20260518_ccusdt_v2_universe_liquidity_envelope_tob_universe_target10_v1.md","archive/no-go","no-go","v2 execution/universe branch is not the active CCUSDT path unless explicitly resumed"
"docs/markets/ccusdt/v2-universe-liquidity-envelope-20260518_ccusdt_v2_universe_liquidity_envelope_tob_universe_target5_v1.md","docs/markets/ccusdt/archive/no-go/v2-universe-liquidity-envelope-20260518_ccusdt_v2_universe_liquidity_envelope_tob_universe_target5_v1.md","archive/no-go","no-go","v2 execution/universe branch is not the active CCUSDT path unless explicitly resumed"
"docs/markets/ccusdt/v2-universe-liquidity-envelope-20260518_ccusdt_v2_universe_liquidity_envelope_tob_universe_v1.md","docs/markets/ccusdt/archive/no-go/v2-universe-liquidity-envelope-20260518_ccusdt_v2_universe_liquidity_envelope_tob_universe_v1.md","archive/no-go","no-go","v2 execution/universe branch is not the active CCUSDT path unless explicitly resumed"
"docs/markets/ccusdt/v2-universe-preflight-20260518_ccusdt_v2_universe_preflight_v1.md","docs/markets/ccusdt/archive/no-go/v2-universe-preflight-20260518_ccusdt_v2_universe_preflight_v1.md","archive/no-go","no-go","v2 execution/universe branch is not the active CCUSDT path unless explicitly resumed"
"docs/markets/ccusdt/v2-universe-size-probe-20260518_ccusdt_v2_oos_day20260517_size_probe_v1.md","docs/markets/ccusdt/archive/no-go/v2-universe-size-probe-20260518_ccusdt_v2_oos_day20260517_size_probe_v1.md","archive/no-go","no-go","v2 execution/universe branch is not the active CCUSDT path unless explicitly resumed"
"docs/markets/ccusdt/v2-universe-size-probe-20260518_ccusdt_v2_oos_days_size_probe_v1.md","docs/markets/ccusdt/archive/no-go/v2-universe-size-probe-20260518_ccusdt_v2_oos_days_size_probe_v1.md","archive/no-go","no-go","v2 execution/universe branch is not the active CCUSDT path unless explicitly resumed"
"docs/markets/ccusdt/v2-universe-size-probe-20260518_ccusdt_v2_universe_size_probe_remaining_tier_v1.md","docs/markets/ccusdt/archive/no-go/v2-universe-size-probe-20260518_ccusdt_v2_universe_size_probe_remaining_tier_v1.md","archive/no-go","no-go","v2 execution/universe branch is not the active CCUSDT path unless explicitly resumed"
"docs/markets/ccusdt/v2-universe-size-probe-20260518_ccusdt_v2_universe_size_probe_small_tier_v1.md","docs/markets/ccusdt/archive/no-go/v2-universe-size-probe-20260518_ccusdt_v2_universe_size_probe_small_tier_v1.md","archive/no-go","no-go","v2 execution/universe branch is not the active CCUSDT path unless explicitly resumed"
"docs/markets/ccusdt/v2-universe-size-probe-20260518_ccusdt_v2_universe_size_probe_smoke_v1.md","docs/markets/ccusdt/archive/no-go/v2-universe-size-probe-20260518_ccusdt_v2_universe_size_probe_smoke_v1.md","archive/no-go","no-go","v2 execution/universe branch is not the active CCUSDT path unless explicitly resumed"
"docs/markets/ccusdt/v2-universe-size-probe-20260519_ccusdt_oos_day20260518_size_probe_v1.md","docs/markets/ccusdt/archive/no-go/v2-universe-size-probe-20260519_ccusdt_oos_day20260518_size_probe_v1.md","archive/no-go","no-go","v2 execution/universe branch is not the active CCUSDT path unless explicitly resumed"
"docs/markets/ccusdt/v2-universe-size-probe-20260531_ccusdt_recent_size_probe_v1.md","docs/markets/ccusdt/archive/no-go/v2-universe-size-probe-20260531_ccusdt_recent_size_probe_v1.md","archive/no-go","no-go","v2 execution/universe branch is not the active CCUSDT path unless explicitly resumed"
